Depot ID,Depot Name,District,Month,Buses Allocated,Schedules Allocated,Effective KM,Passengers,Estimated Diesel Litres,Estimated CO2 (Tonnes),Diesel Cost (INR/KM),EV Cost (INR/KM),Estimated EV Energy (MWh),Potential EV OPEX Saving (INR),EV Battery Capacity (kWh),EV Range (KM),Charging Power (kW),Electricity Tariff (INR/kWh),EV Suitability Score,Year
KSRTC-001,ADOOR,Pathanamthitta,2021-04,30,24,129270,163058,31679.94118367847,84.9022423722583,51,27,162,3102480,250,200,120,8,0.481,2021
KSRTC-001,ADOOR,Pathanamthitta,2021-05,30,24,129616,167645,31764.734713883103,85.12948903320671,51,27,162,3110784,250,200,120,8,0.4895,2021
KSRTC-001,ADOOR,Pathanamthitta,2021-06,30,24,132462,173043,32462.198260017158,86.998691336846,51,27,166,3179088,250,200,120,8,0.4914,2021
KSRTC-001,ADOOR,Pathanamthitta,2021-07,31,25,140413,187995,34410.73397867908,92.22076706285995,51,27,176,3369912,250,200,120,8,0.4958,2021
KSRTC-001,ADOOR,Pathanamthitta,2021-08,30,23,126289,162371,30949.393456684233,82.94437446391375,51,27,158,3030936,250,200,120,8,0.4895,2021
KSRTC-001,ADOOR,Pathanamthitta,2021-09,29,23,120244,154173,29467.957358166892,78.97412571988728,51,27,150,2885856,250,200,120,8,0.4925,2021
KSRTC-001,ADOOR,Pathanamthitta,2021-10,30,24,127629,162903,31277.7845852224,83.82446268839604,51,27,160,3063096,250,200,120,8,0.4861,2021
KSRTC-001,ADOOR,Pathanamthitta,2021-11,30,24,128949,162251,31601.274353633136,84.69141526773682,51,27,161,3094776,250,200,120,8,0.4803,2021
KSRTC-001,ADOOR,Pathanamthitta,2021-12,30,23,124500,164207,30510.966793285137,81.76939100600417,51,27,156,2988000,250,200,120,8,0.4997,2021
KSRTC-001,ADOOR,Pathanamthitta,2022-01,30,24,129638,170449,31770.12621002328,85.14393824286239,51,27,162,3111312,250,200,120,8,0.4954,2022
KSRTC-001,ADOOR,Pathanamthitta,2022-02,31,26,143156,180596,35082.955520156844,94.02232079402035,51,27,179,3435744,250,200,120,8,0.4731,2022
KSRTC-001,ADOOR,Pathanamthitta,2022-03,30,23,125530,163942,30763.38683984806,82.4458767307928,51,27,157,3012720,250,200,120,8,0.4955,2022
KSRTC-001,ADOOR,Pathanamthitta,2022-04,29,25,229637,331606,56276.68177919373,150.82150716823918,51,27,287,5511288,250,200,120,8,0.3782,2022
KSRTC-001,ADOOR,Pathanamthitta,2022-05,30,26,240242,330839,58875.62798676633,157.78668300453378,51,27,300,5765808,250,200,120,8,0.3533,2022
KSRTC-001,ADOOR,Pathanamthitta,2022-06,30,26,240718,334898,58992.28035779929,158.0993113589021,51,27,301,5777232,250,200,120,8,0.3569,2022
KSRTC-001,ADOOR,Pathanamthitta,2022-07,30,26,240342,335215,58900.134787403505,157.8523612302414,51,27,300,5768208,250,200,120,8,0.358,2022
KSRTC-001,ADOOR,Pathanamthitta,2022-08,29,25,220802,303925,54111.50594289916,145.01883592696976,51,27,276,5299248,250,200,120,8,0.3655,2022
KSRTC-001,ADOOR,Pathanamthitta,2022-09,29,25,226790,300830,55578.97316505331,148.95164808234287,51,27,284,5442960,250,200,120,8,0.3479,2022
KSRTC-001,ADOOR,Pathanamthitta,2022-10,30,26,241232,330528,59118.24531307438,158.43689743903934,51,27,302,5789568,250,200,120,8,0.3508,2022
KSRTC-001,ADOOR,Pathanamthitta,2022-11,27,23,197170,252317,48320.05881632153,129.49775762774172,51,27,246,4732080,250,200,120,8,0.3563,2022
KSRTC-001,ADOOR,Pathanamthitta,2022-12,30,27,245630,332466,60196.05440509742,161.3254258056611,51,27,307,5895120,250,200,120,8,0.3436,2022
KSRTC-001,ADOOR,Pathanamthitta,2023-01,30,26,236869,316732,58049.01360127435,155.57135645141528,51,27,296,5684856,250,200,120,8,0.3444,2023
KSRTC-001,ADOOR,Pathanamthitta,2023-02,29,25,230706,306878,56538.65947800515,151.52360740105382,51,27,288,5536944,250,200,120,8,0.3463,2023
KSRTC-001,ADOOR,Pathanamthitta,2023-03,29,25,228304,309652,55950.006126700166,149.94601641955646,51,27,285,5479296,250,200,120,8,0.355,2023
KSRTC-001,ADOOR,Pathanamthitta,2023-04,31,27,278819,357072,68329.61646857004,183.1233721357677,51,27,349,6691656,250,200,120,8,0.2863,2023
KSRTC-001,ADOOR,Pathanamthitta,2023-05,29,25,252702,346172,61929.17534615856,165.97018992770495,51,27,316,6064848,250,200,120,8,0.3265,2023
KSRTC-001,ADOOR,Pathanamthitta,2023-06,30,26,264796,357866,64893.027815218724,173.9133145447862,51,27,331,6355104,250,200,120,8,0.3139,2023
KSRTC-001,ADOOR,Pathanamthitta,2023-07,29,24,240656,326714,58977.086141404245,158.05859085896338,51,27,301,5775744,250,200,120,8,0.3313,2023
KSRTC-001,ADOOR,Pathanamthitta,2023-08,30,26,261465,338425,64076.70628599437,171.72557284646493,51,27,327,6275160,250,200,120,8,0.3003,2023
KSRTC-001,ADOOR,Pathanamthitta,2023-09,30,26,262838,342466,64413.1846587428,172.6273348854307,51,27,329,6308112,250,200,120,8,0.3018,2023
KSRTC-001,ADOOR,Pathanamthitta,2023-10,31,28,288169,386023,70621.00232814606,189.26428623943144,51,27,360,6916056,250,200,120,8,0.2973,2023
KSRTC-001,ADOOR,Pathanamthitta,2023-11,29,25,246505,323222,60410.48891067271,161.9001102806029,51,27,308,5916120,250,200,120,8,0.3146,2023
KSRTC-001,ADOOR,Pathanamthitta,2023-12,30,27,272296,367479,66731.03786300699,178.83918147285874,51,27,340,6535104,250,200,120,8,0.3089,2023
KSRTC-001,ADOOR,Pathanamthitta,2024-01,29,24,239160,311475,58610.46440387208,157.07604460237718,51,27,299,5739840,250,200,120,8,0.3172,2024
KSRTC-001,ADOOR,Pathanamthitta,2024-02,29,25,251998,329364,61756.64746967284,165.50781521872324,51,27,315,6047952,250,200,120,8,0.3098,2024
KSRTC-001,ADOOR,Pathanamthitta,2024-03,31,27,278321,363460,68207.5726013969,182.7962945717437,51,27,348,6679704,250,200,120,8,0.2935,2024
KSRTC-001,ADOOR,Pathanamthitta,2024-04,29,27,200658,272404,49174.85602254626,131.788614140424,51,27,251,4815792,250,200,120,8,0.395,2024
KSRTC-001,ADOOR,Pathanamthitta,2024-05,29,27,202091,274350,49526.038475677,132.72978311481438,51,27,253,4850184,250,200,120,8,0.3956,2024
KSRTC-001,ADOOR,Pathanamthitta,2024-06,29,27,199467,270788,48882.980026957484,131.00638647224608,51,27,249,4787208,250,200,120,8,0.3946,2024
KSRTC-001,ADOOR,Pathanamthitta,2024-07,27,24,186148,252706,45618.9192500919,122.25870359024631,51,27,233,4467552,250,200,120,8,0.3899,2024
KSRTC-001,ADOOR,Pathanamthitta,2024-08,29,27,200249,271850,49074.6232079402,131.51999019727975,51,27,250,4805976,250,200,120,8,0.3949,2024
KSRTC-001,ADOOR,Pathanamthitta,2024-09,28,26,197134,267621,48311.23636809215,129.47411346648695,51,27,246,4731216,250,200,120,8,0.3938,2024
KSRTC-001,ADOOR,Pathanamthitta,2024-10,29,27,199245,270487,48828.57492954295,130.8605808111751,51,27,249,4781880,250,200,120,8,0.3945,2024
KSRTC-001,ADOOR,Pathanamthitta,2024-11,28,26,194891,264576,47761.548829800275,128.00095086386474,51,27,244,4677384,250,200,120,8,0.393,2024
KSRTC-001,ADOOR,Pathanamthitta,2024-12,29,27,200976,272836,49252.787648572485,131.99747089817427,51,27,251,4823424,250,200,120,8,0.3952,2024
KSRTC-001,ADOOR,Pathanamthitta,2025-01,29,27,201613,273701,49408.895968631296,132.4158411959319,51,27,252,4838712,250,200,120,8,0.3954,2025
KSRTC-001,ADOOR,Pathanamthitta,2025-02,28,26,196760,267113,48219.580933709105,129.22847690234042,51,27,246,4722240,250,200,120,8,0.3937,2025
KSRTC-001,ADOOR,Pathanamthitta,2025-03,29,27,198484,269453,48642.078176694034,130.36076951354002,51,27,248,4763616,250,200,120,8,0.3943,2025
KSRTC-001,ADOOR,Pathanamthitta,2025-04,28,25,193451,262621,47408.650900624925,127.05518441367481,51,27,242,4642824,250,200,120,8,0.3925,2025
KSRTC-001,ADOOR,Pathanamthitta,2025-05,29,28,202880,275421,49719.397132704325,133.24798431564759,51,27,254,4869120,250,200,120,8,0.3958,2025
KSRTC-001,ADOOR,Pathanamthitta,2025-06,28,25,193320,262443,47376.54699179022,126.96914593799781,51,27,242,4639680,250,200,120,8,0.3924,2025
KSRTC-001,ADOOR,Pathanamthitta,2025-07,29,27,200339,271972,49096.67932851367,131.57910060041664,51,27,250,4808136,250,200,120,8,0.3949,2025
KSRTC-001,ADOOR,Pathanamthitta,2025-08,28,26,197023,267470,48284.03381938488,129.4012106359515,51,27,246,4728552,250,200,120,8,0.3938,2025
KSRTC-001,ADOOR,Pathanamthitta,2025-09,29,26,198041,268852,48533.51304987134,130.0698149736552,51,27,248,4752984,250,200,120,8,0.3941,2025
KSRTC-001,ADOOR,Pathanamthitta,2025-10,28,26,197273,267809,48345.30082097783,129.5654062002206,51,27,247,4734552,250,200,120,8,0.3938,2025
KSRTC-001,ADOOR,Pathanamthitta,2025-11,29,28,203510,276276,49873.789976718544,133.66175713760572,51,27,254,4884240,250,200,120,8,0.3961,2025
KSRTC-001,ADOOR,Pathanamthitta,2025-12,29,27,199952,271446,49001.83801004779,131.32492586692806,51,27,250,4798848,250,200,120,8,0.3948,2025
KSRTC-001,ADOOR,Pathanamthitta,2026-01,29,27,199640,271023,48925.3767920598,131.1200098027203,51,27,250,4791360,250,200,120,8,0.3947,2026
KSRTC-001,ADOOR,Pathanamthitta,2026-02,28,26,195127,264895,47819.38487930401,128.15595147653477,51,27,244,4683048,250,200,120,8,0.3931,2026
KSRTC-001,ADOOR,Pathanamthitta,2026-03,28,26,197169,267668,48319.81374831516,129.49710084548462,51,27,246,4732056,250,200,120,8,0.3938,2026
KSRTC-002,ALAPPUZHA,Alappuzha,2021-04,60,51,326320,463556,79970.59183923539,214.32118612915085,51,27,408,7831680,250,200,120,8,0.5362,2021
KSRTC-002,ALAPPUZHA,Alappuzha,2021-05,62,54,350360,477617,85862.0267124127,230.11023158926605,51,27,438,8408640,250,200,120,8,0.518,2021
KSRTC-002,ALAPPUZHA,Alappuzha,2021-06,60,51,324355,483009,79489.03320671487,213.03060899399588,51,27,405,7784520,250,200,120,8,0.5552,2021
KSRTC-002,ALAPPUZHA,Alappuzha,2021-07,61,51,329680,461324,80794.02034064454,216.5279745129274,51,27,412,7912320,250,200,120,8,0.53,2021
KSRTC-002,ALAPPUZHA,Alappuzha,2021-08,59,50,314767,460176,77139.32116162236,206.73338071314794,51,27,393,7554408,250,200,120,8,0.549,2021
KSRTC-002,ALAPPUZHA,Alappuzha,2021-09,61,52,335994,470659,82341.37973287588,220.67489768410735,51,27,420,8063856,250,200,120,8,0.5297,2021
KSRTC-002,ALAPPUZHA,Alappuzha,2021-10,58,47,293670,432272,71969.12143119716,192.8772454356084,51,27,367,7048080,250,200,120,8,0.555,2021
KSRTC-002,ALAPPUZHA,Alappuzha,2021-11,60,50,317319,458821,77764.73471388311,208.40948903320674,51,27,397,7615656,250,200,120,8,0.5443,2021
KSRTC-002,ALAPPUZHA,Alappuzha,2021-12,58,48,300038,442075,73529.71449577258,197.05963484867053,51,27,375,7200912,250,200,120,8,0.5543,2021
KSRTC-002,ALAPPUZHA,Alappuzha,2022-01,58,48,305114,433065,74773.67969611568,200.39346158559005,51,27,381,7322736,250,200,120,8,0.5387,2022
KSRTC-002,ALAPPUZHA,Alappuzha,2022-02,60,51,328197,482506,80430.5844871952,215.55396642568314,51,27,410,7876728,250,200,120,8,0.5496,2022
KSRTC-002,ALAPPUZHA,Alappuzha,2022-03,59,49,308934,457560,75709.83948045583,202.90236980762162,51,27,386,7414416,250,200,120,8,0.5551,2022
KSRTC-002,ALAPPUZHA,Alappuzha,2022-04,64,58,465633,764047,114111.75101090553,305.81949270922684,51,27,582,11175192,250,200,120,8,0.5472,2022
KSRTC-002,ALAPPUZHA,Alappuzha,2022-05,62,55,428069,674936,104906.01641955643,281.1481240044112,51,27,535,10273656,250,200,120,8,0.5339,2022
KSRTC-002,ALAPPUZHA,Alappuzha,2022-06,65,60,485993,761388,119101.33562063474,319.1915794633011,51,27,608,11663832,250,200,120,8,0.525,2022
KSRTC-002,ALAPPUZHA,Alappuzha,2022-07,64,58,464620,716206,113863.49712045093,305.15417228280853,51,27,581,11150880,250,200,120,8,0.52,2022
KSRTC-002,ALAPPUZHA,Alappuzha,2022-08,63,58,459244,718248,112546.0115181963,301.6233108687661,51,27,574,11021856,250,200,120,8,0.5267,2022
KSRTC-002,ALAPPUZHA,Alappuzha,2022-09,65,60,480752,754184,117816.93419924029,315.74938365396395,51,27,601,11538048,250,200,120,8,0.5261,2022
KSRTC-002,ALAPPUZHA,Alappuzha,2022-10,62,55,434643,694706,106517.09349344444,285.4658105624311,51,27,543,10431432,250,200,120,8,0.5389,2022
KSRTC-002,ALAPPUZHA,Alappuzha,2022-11,64,59,468927,746676,114919.00502389413,307.9829334640363,51,27,586,11254248,250,200,120,8,0.5335,2022
KSRTC-002,ALAPPUZHA,Alappuzha,2022-12,64,59,472500,767616,115794.63301066046,310.32961646857,51,27,591,11340000,250,200,120,8,0.5421,2022
KSRTC-002,ALAPPUZHA,Alappuzha,2023-01,64,58,463767,753945,113654.45411101582,304.5939370175224,51,27,580,11130408,250,200,120,8,0.5432,2023
KSRTC-002,ALAPPUZHA,Alappuzha,2023-02,63,56,445241,696139,109114.32422497244,292.42638892292615,51,27,557,10685784,250,200,120,8,0.5281,2023
KSRTC-002,ALAPPUZHA,Alappuzha,2023-03,63,58,459182,713956,112530.81730180126,301.5825903688274,51,27,574,11020368,250,200,120,8,0.5242,2023
KSRTC-002,ALAPPUZHA,Alappuzha,2023-04,68,60,556232,823848,136314.66732018135,365.323308418086,51,27,695,13349568,250,200,120,8,0.4869,2023
KSRTC-002,ALAPPUZHA,Alappuzha,2023-05,65,56,509374,757621,124831.27067761305,334.547805416003,51,27,637,12224976,250,200,120,8,0.4923,2023
KSRTC-002,ALAPPUZHA,Alappuzha,2023-06,67,59,539767,792099,132279.6225952702,354.5093885553241,51,27,675,12954408,250,200,120,8,0.4843,2023
KSRTC-002,ALAPPUZHA,Alappuzha,2023-07,65,56,503245,753440,123329.24886656048,330.52238696238214,51,27,629,12077880,250,200,120,8,0.4956,2023
KSRTC-002,ALAPPUZHA,Alappuzha,2023-08,65,57,514156,784243,126003.18588408284,337.68853816934205,51,27,643,12339744,250,200,120,8,0.5023,2023
KSRTC-002,ALAPPUZHA,Alappuzha,2023-09,66,57,522008,779774,127927.45987011396,342.8455924519054,51,27,653,12528192,250,200,120,8,0.4929,2023
KSRTC-002,ALAPPUZHA,Alappuzha,2023-10,65,56,509035,761592,124748.19262345301,334.3251562308541,51,27,636,12216840,250,200,120,8,0.4948,2023
KSRTC-002,ALAPPUZHA,Alappuzha,2023-11,65,56,512165,772248,125515.25548339664,336.380884695503,51,27,640,12291960,250,200,120,8,0.4976,2023
KSRTC-002,ALAPPUZHA,Alappuzha,2023-12,67,60,552100,837381,135302.0463178532,362.6094841318466,51,27,690,13250400,250,200,120,8,0.4969,2023
KSRTC-002,ALAPPUZHA,Alappuzha,2024-01,66,57,522720,789186,128101.94829065066,343.3132214189438,51,27,653,12545280,250,200,120,8,0.4972,2024
KSRTC-002,ALAPPUZHA,Alappuzha,2024-02,67,58,535280,800214,131180.00245068007,351.5624065678226,51,27,669,12846720,250,200,120,8,0.4922,2024
KSRTC-002,ALAPPUZHA,Alappuzha,2024-03,66,57,523918,806256,128395.53976228404,344.10004656292125,51,27,655,12574032,250,200,120,8,0.5051,2024
KSRTC-002,ALAPPUZHA,Alappuzha,2024-04,65,62,451026,612294,110532.04264183312,296.2258742801128,51,27,564,10824624,250,200,120,8,0.4838,2024
KSRTC-002,ALAPPUZHA,Alappuzha,2024-05,62,57,430141,583941,105413.79732875874,282.50897684107343,51,27,538,10323384,250,200,120,8,0.4764,2024
KSRTC-002,ALAPPUZHA,Alappuzha,2024-06,65,61,447240,607153,109604.2151697096,293.7392966548217,51,27,559,10733760,250,200,120,8,0.4825,2024
KSRTC-002,ALAPPUZHA,Alappuzha,2024-07,67,64,461348,626306,113061.6346036025,303.0051807376547,51,27,577,11072352,250,200,120,8,0.4875,2024
KSRTC-002,ALAPPUZHA,Alappuzha,2024-08,67,65,465889,632471,114174.4884205367,305.98762896703835,51,27,582,11181336,250,200,120,8,0.4891,2024
KSRTC-002,ALAPPUZHA,Alappuzha,2024-09,63,59,438067,594701,107356.20634726137,287.71463301066046,51,27,548,10513608,250,200,120,8,0.4792,2024
KSRTC-002,ALAPPUZHA,Alappuzha,2024-10,65,61,447274,607200,109612.54748192625,293.76162725156235,51,27,559,10734576,250,200,120,8,0.4825,2024
KSRTC-002,ALAPPUZHA,Alappuzha,2024-11,64,60,444125,602924,108840.82832986154,291.693419924029,51,27,555,10659000,250,200,120,8,0.4814,2024
KSRTC-002,ALAPPUZHA,Alappuzha,2024-12,64,60,444221,603056,108864.35485847323,291.75647102070826,51,27,555,10661304,250,200,120,8,0.4814,2024
KSRTC-002,ALAPPUZHA,Alappuzha,2025-01,63,58,434765,590218,106546.99179022179,285.5459379977944,51,27,543,10434360,250,200,120,8,0.4781,2025
KSRTC-002,ALAPPUZHA,Alappuzha,2025-02,65,61,447821,607943,109746.5996814116,294.1208871461831,51,27,560,10747704,250,200,120,8,0.4827,2025
KSRTC-002,ALAPPUZHA,Alappuzha,2025-03,64,60,443612,602229,108715.10844259283,291.3564906261488,51,27,555,10646688,250,200,120,8,0.4812,2025
KSRTC-002,ALAPPUZHA,Alappuzha,2025-04,65,62,450881,612096,110496.5077809092,296.1306408528367,51,27,564,10821144,250,200,120,8,0.4838,2025
KSRTC-002,ALAPPUZHA,Alappuzha,2025-05,66,63,457160,620620,112035.28979291754,300.254576645019,51,27,571,10971840,250,200,120,8,0.486,2025
KSRTC-002,ALAPPUZHA,Alappuzha,2025-06,64,60,440899,598545,108050.23894130622,289.5746403627007,51,27,551,10581576,250,200,120,8,0.4802,2025
KSRTC-002,ALAPPUZHA,Alappuzha,2025-07,65,62,449600,610358,110182.57566474697,295.2893027815219,51,27,562,10790400,250,200,120,8,0.4833,2025
KSRTC-002,ALAPPUZHA,Alappuzha,2025-08,63,58,434807,590275,106557.28464648941,285.5735228525916,51,27,544,10435368,250,200,120,8,0.4781,2025
KSRTC-002,ALAPPUZHA,Alappuzha,2025-09,64,61,445495,604785,109176.57149859087,292.5932116162236,51,27,557,10691880,250,200,120,8,0.4819,2025
KSRTC-002,ALAPPUZHA,Alappuzha,2025-10,64,60,444561,603516,108947.67798063964,291.9797769881142,51,27,556,10669464,250,200,120,8,0.4815,2025
KSRTC-002,ALAPPUZHA,Alappuzha,2025-11,62,57,430016,583772,105383.16382796227,282.4268790589389,51,27,538,10320384,250,200,120,8,0.4764,2025
KSRTC-002,ALAPPUZHA,Alappuzha,2025-12,64,61,445765,605152,109242.73986031124,292.77054282563415,51,27,557,10698360,250,200,120,8,0.482,2025
KSRTC-002,ALAPPUZHA,Alappuzha,2026-01,67,64,461396,626372,113073.39786790835,303.0367062859944,51,27,577,11073504,250,200,120,8,0.4875,2026
KSRTC-002,ALAPPUZHA,Alappuzha,2026-02,64,61,446444,606072,109409.14103663767,293.21649797818895,51,27,558,10714656,250,200,120,8,0.4822,2026
KSRTC-002,ALAPPUZHA,Alappuzha,2026-03,65,61,448507,608873,109914.71633378264,294.57143977453745,51,27,561,10764168,250,200,120,8,0.4829,2026
KSRTC-003,ALUVA,Ernakulam,2021-04,49,37,249492,336231,61142.507045705184,163.8619188824899,51,27,312,5987808,250,200,120,8,0.5066,2021
KSRTC-003,ALUVA,Ernakulam,2021-05,50,38,256973,339760,62975.860801372386,168.77530694767802,51,27,321,6167352,250,200,120,8,0.4978,2021
KSRTC-003,ALUVA,Ernakulam,2021-06,51,39,268215,359691,65730.91532900381,176.15885308173023,51,27,335,6437160,250,200,120,8,0.5005,2021
KSRTC-003,ALUVA,Ernakulam,2021-07,50,38,258094,360244,63250.58203651514,169.5115598578606,51,27,323,6194256,250,200,120,8,0.5177,2021
KSRTC-003,ALUVA,Ernakulam,2021-08,51,39,265831,348510,65146.67320181351,174.5930841808602,51,27,332,6379944,250,200,120,8,0.4928,2021
KSRTC-003,ALUVA,Ernakulam,2021-09,49,37,244758,324593,59982.35510354124,160.75271167749054,51,27,306,5874192,250,200,120,8,0.5019,2021
KSRTC-003,ALUVA,Ernakulam,2021-10,50,38,255283,348764,62561.6958706041,167.665344933219,51,27,319,6126792,250,200,120,8,0.5103,2021
KSRTC-003,ALUVA,Ernakulam,2021-11,50,39,264034,347312,64706.28599436344,173.41284646489402,51,27,330,6336816,250,200,120,8,0.4944,2021
KSRTC-003,ALUVA,Ernakulam,2021-12,52,40,277877,360987,68098.76240656782,182.50468324960178,51,27,347,6669048,250,200,120,8,0.4871,2021
KSRTC-003,ALUVA,Ernakulam,2022-01,49,38,252874,349054,61971.3270432545,166.0831564759221,51,27,316,6068976,250,200,120,8,0.5147,2022
KSRTC-003,ALUVA,Ernakulam,2022-02,53,42,291003,386377,71315.52505820365,191.12560715598582,51,27,364,6984072,250,200,120,8,0.4925,2022
KSRTC-003,ALUVA,Ernakulam,2022-03,51,40,270923,365405,66394.55949025854,177.9374194338929,51,27,339,6502152,250,200,120,8,0.502,2022
KSRTC-003,ALUVA,Ernakulam,2022-04,50,46,345971,512756,84786.423232447,227.22761426295799,51,27,432,8303304,250,200,120,8,0.4786,2022
KSRTC-003,ALUVA,Ernakulam,2022-05,50,47,353312,541622,86585.46746722216,232.0490528121554,51,27,442,8479488,250,200,120,8,0.4908,2022
KSRTC-003,ALUVA,Ernakulam,2022-06,51,47,359759,571756,88165.42090430095,236.28332802352656,51,27,450,8634216,250,200,120,8,0.5048,2022
KSRTC-003,ALUVA,Ernakulam,2022-07,52,49,377125,587105,92421.27190295307,247.68900869991424,51,27,471,9051000,250,200,120,8,0.4923,2022
KSRTC-003,ALUVA,Ernakulam,2022-08,51,48,361985,589578,88710.94228648451,237.7453253277785,51,27,453,8687640,250,200,120,8,0.5151,2022
KSRTC-003,ALUVA,Ernakulam,2022-09,52,50,387020,608057,94846.21982600172,254.18786913368461,51,27,484,9288480,250,200,120,8,0.4944,2022
KSRTC-003,ALUVA,Ernakulam,2022-10,49,46,342884,562890,84029.89829677736,225.20012743536333,51,27,429,8229216,250,200,120,8,0.523,2022
KSRTC-003,ALUVA,Ernakulam,2022-11,48,44,324216,536273,79454.96875382919,212.93931626026225,51,27,405,7781184,250,200,120,8,0.5313,2022
KSRTC-003,ALUVA,Ernakulam,2022-12,51,48,367538,572269,90071.80492586693,241.3924372013234,51,27,459,8820912,250,200,120,8,0.4943,2022
KSRTC-003,ALUVA,Ernakulam,2023-01,52,50,382616,585531,93766.94032594045,251.29540007352043,51,27,478,9182784,250,200,120,8,0.484,2023
KSRTC-003,ALUVA,Ernakulam,2023-02,50,47,358520,587219,87861.78164440632,235.46957480700897,51,27,448,8604480,250,200,120,8,0.5184,2023
KSRTC-003,ALUVA,Ernakulam,2023-03,52,50,381301,594404,93444.67589756158,250.43173140546506,51,27,477,9151224,250,200,120,8,0.4921,2023
KSRTC-003,ALUVA,Ernakulam,2023-04,54,40,396400,599468,97144.95772576891,260.3484867050607,51,27,496,9513600,250,200,120,8,0.4869,2023
KSRTC-003,ALUVA,Ernakulam,2023-05,53,39,381163,611998,93410.85651268228,250.34109545398852,51,27,476,9147912,250,200,120,8,0.5152,2023
KSRTC-003,ALUVA,Ernakulam,2023-06,53,38,376789,566419,92338.92905281216,247.46832986153663,51,27,471,9042936,250,200,120,8,0.4881,2023
KSRTC-003,ALUVA,Ernakulam,2023-07,52,37,364692,547750,89374.34137973288,239.52323489768412,51,27,456,8752608,250,200,120,8,0.4902,2023
KSRTC-003,ALUVA,Ernakulam,2023-08,55,40,402762,629842,98704.0803823061,264.52693542458036,51,27,503,9666288,250,200,120,8,0.5,2023
KSRTC-003,ALUVA,Ernakulam,2023-09,54,39,390920,613949,95801.98505085161,256.74931993628235,51,27,489,9382080,250,200,120,8,0.5038,2023
KSRTC-003,ALUVA,Ernakulam,2023-10,54,40,394266,615752,96621.98260017156,258.9469133684598,51,27,493,9462384,250,200,120,8,0.5008,2023
KSRTC-003,ALUVA,Ernakulam,2023-11,53,38,379081,586452,92900.62492341625,248.9736747947556,51,27,474,9097944,250,200,120,8,0.4996,2023
KSRTC-003,ALUVA,Ernakulam,2023-12,54,39,386718,591010,94772.20928807744,253.98952089204755,51,27,483,9281232,250,200,120,8,0.493,2023
KSRTC-003,ALUVA,Ernakulam,2024-01,53,39,382860,588490,93826.73691949516,251.45565494424704,51,27,479,9188640,250,200,120,8,0.4961,2024
KSRTC-003,ALUVA,Ernakulam,2024-02,53,39,383326,580442,93940.9386104644,251.76171547604463,51,27,479,9199824,250,200,120,8,0.4898,2024
KSRTC-003,ALUVA,Ernakulam,2024-03,53,39,381344,599663,93455.21382183557,250.45997304251932,51,27,477,9152256,250,200,120,8,0.5061,2024
KSRTC-003,ALUVA,Ernakulam,2024-04,49,46,341490,463593,83688.27349589512,224.28457296899893,51,27,427,8195760,250,200,120,8,0.445,2024
KSRTC-003,ALUVA,Ernakulam,2024-05,49,46,341567,463696,83707.14373238574,224.3351452027938,51,27,427,8197608,250,200,120,8,0.445,2024
KSRTC-003,ALUVA,Ernakulam,2024-06,49,45,339864,461384,83289.79291753462,223.2166450189928,51,27,425,8156736,250,200,120,8,0.4444,2024
KSRTC-003,ALUVA,Ernakulam,2024-07,46,41,321581,436565,78809.21455703958,211.2086950128661,51,27,402,7717944,250,200,120,8,0.4379,2024
KSRTC-003,ALUVA,Ernakulam,2024-08,48,44,333225,452372,81662.78642323245,218.856267614263,51,27,417,7997400,250,200,120,8,0.4421,2024
KSRTC-003,ALUVA,Ernakulam,2024-09,49,45,339275,460585,83145.44786178165,222.82980026957483,51,27,424,8142600,250,200,120,8,0.4442,2024
KSRTC-003,ALUVA,Ernakulam,2024-10,49,46,341961,464232,83803.70052689622,224.5939174120819,51,27,427,8207064,250,200,120,8,0.4451,2024
KSRTC-003,ALUVA,Ernakulam,2024-11,50,47,347029,471111,85045.70518318834,227.92248989094477,51,27,434,8328696,250,200,120,8,0.4469,2024
KSRTC-003,ALUVA,Ernakulam,2024-12,51,48,350061,475227,85788.75137850754,229.91385369440022,51,27,438,8401464,250,200,120,8,0.448,2024
KSRTC-003,ALUVA,Ernakulam,2025-01,51,48,352816,478967,86463.91373606176,231.72328881264554,51,27,441,8467584,250,200,120,8,0.449,2025
KSRTC-003,ALUVA,Ernakulam,2025-02,49,46,341269,463292,83634.11346648696,224.13942409018506,51,27,427,8190456,250,200,120,8,0.4449,2025
KSRTC-003,ALUVA,Ernakulam,2025-03,49,45,336776,457193,82533.0229138586,221.18850140914105,51,27,421,8082624,250,200,120,8,0.4433,2025
KSRTC-003,ALUVA,Ernakulam,2025-04,49,45,338181,459101,82877.34346281094,222.11128048033333,51,27,423,8116344,250,200,120,8,0.4438,2025
KSRTC-003,ALUVA,Ernakulam,2025-05,49,45,339947,461497,83310.13356206348,223.27115794633013,51,27,425,8158728,250,200,120,8,0.4444,2025
KSRTC-003,ALUVA,Ernakulam,2025-06,50,47,347845,472220,85245.6806763877,228.45842421271905,51,27,435,8348280,250,200,120,8,0.4472,2025
KSRTC-003,ALUVA,Ernakulam,2025-07,49,46,341664,463828,83730.91532900381,224.39885308173024,51,27,427,8199936,250,200,120,8,0.445,2025
KSRTC-003,ALUVA,Ernakulam,2025-08,48,44,332837,451845,81567.7000367602,218.60143609851735,51,27,416,7988088,250,200,120,8,0.4419,2025
KSRTC-003,ALUVA,Ernakulam,2025-09,49,46,342197,464551,83861.53657639996,224.7489180247519,51,27,428,8212728,250,200,120,8,0.4452,2025
KSRTC-003,ALUVA,Ernakulam,2025-10,49,45,337233,457813,82645.01899277049,221.48865090062492,51,27,422,8093592,250,200,120,8,0.4435,2025
KSRTC-003,ALUVA,Ernakulam,2025-11,51,48,349901,475011,85749.54049748805,229.808768533268,51,27,437,8397624,250,200,120,8,0.448,2025
KSRTC-003,ALUVA,Ernakulam,2025-12,50,47,345644,469231,84706.28599436344,227.01284646489404,51,27,432,8295456,250,200,120,8,0.4465,2025
KSRTC-003,ALUVA,Ernakulam,2026-01,49,45,337822,458612,82789.36404852346,221.8754956500429,51,27,422,8107728,250,200,120,8,0.4437,2026
KSRTC-003,ALUVA,Ernakulam,2026-02,49,45,338105,458997,82858.71829432668,222.06136502879554,51,27,423,8114520,250,200,120,8,0.4438,2026
KSRTC-003,ALUVA,Ernakulam,2026-03,48,44,335537,455511,82229.38365396397,220.37474819262346,51,27,419,8052888,250,200,120,8,0.4429,2026
KSRTC-004,ANKAMALY,Ernakulam,2021-04,50,39,260665,338419,63880.65188089695,171.20014704080384,51,27,326,6255960,250,200,120,8,0.4904,2021
KSRTC-004,ANKAMALY,Ernakulam,2021-05,50,39,261551,355102,64097.782134542336,171.7820561205735,51,27,327,6277224,250,200,120,8,0.5065,2021
KSRTC-004,ANKAMALY,Ernakulam,2021-06,51,40,272654,343779,66818.77220928809,179.07430952089206,51,27,341,6543696,250,200,120,8,0.4776,2021
KSRTC-004,ANKAMALY,Ernakulam,2021-07,49,38,251973,341325,61750.52076951354,165.4913956622963,51,27,315,6047352,250,200,120,8,0.5079,2021
KSRTC-004,ANKAMALY,Ernakulam,2021-08,49,37,249744,335648,61204.26418331087,164.02742801127314,51,27,312,5993856,250,200,120,8,0.5055,2021
KSRTC-004,ANKAMALY,Ernakulam,2021-09,49,37,244029,343316,59803.70052689622,160.2739174120819,51,27,305,5856696,250,200,120,8,0.5242,2021
KSRTC-004,ANKAMALY,Ernakulam,2021-10,52,40,277660,376811,68045.58264918515,182.3621614998162,51,27,347,6663840,250,200,120,8,0.503,2021
KSRTC-004,ANKAMALY,Ernakulam,2021-11,51,39,268432,339014,65784.09508638647,176.30137483151574,51,27,336,6442368,250,200,120,8,0.4791,2021
KSRTC-004,ANKAMALY,Ernakulam,2021-12,51,40,276680,371621,67805.41600294082,181.7185148878814,51,27,346,6640320,250,200,120,8,0.4994,2021
KSRTC-004,ANKAMALY,Ernakulam,2022-01,49,37,246450,338927,60397.01017032227,161.86398725646367,51,27,308,5914800,250,200,120,8,0.5149,2022
KSRTC-004,ANKAMALY,Ernakulam,2022-02,52,41,282069,361521,69126.08748927827,185.25791447126576,51,27,353,6769656,250,200,120,8,0.4815,2022
KSRTC-004,ANKAMALY,Ernakulam,2022-03,50,39,263451,343386,64563.411346648696,173.02994240901853,51,27,329,6322824,250,200,120,8,0.4912,2022
KSRTC-004,ANKAMALY,Ernakulam,2022-04,51,48,362272,563830,88781.2768043132,237.9338218355594,51,27,453,8694528,250,200,120,8,0.4952,2022
KSRTC-004,ANKAMALY,Ernakulam,2022-05,50,46,346015,519005,84797.20622472737,227.25651268226935,51,27,433,8304360,250,200,120,8,0.4835,2022
KSRTC-004,ANKAMALY,Ernakulam,2022-06,51,48,368176,587096,90228.15831393212,241.8114642813381,51,27,460,8836224,250,200,120,8,0.5045,2022
KSRTC-004,ANKAMALY,Ernakulam,2022-07,52,49,379549,608713,93015.31675039824,249.28104889106731,51,27,474,9109176,250,200,120,8,0.5047,2022
KSRTC-004,ANKAMALY,Ernakulam,2022-08,51,47,359751,542019,88163.46036024997,236.27807376546994,51,27,450,8634024,250,200,120,8,0.4822,2022
KSRTC-004,ANKAMALY,Ernakulam,2022-09,51,49,374357,574602,91742.92366131602,245.87103541232696,51,27,468,8984568,250,200,120,8,0.4868,2022
KSRTC-004,ANKAMALY,Ernakulam,2022-10,50,46,347670,546371,85202.79377527264,228.3434873177307,51,27,435,8344080,250,200,120,8,0.5027,2022
KSRTC-004,ANKAMALY,Ernakulam,2022-11,49,46,341793,531690,83762.52910182576,224.48357799289303,51,27,427,8203032,250,200,120,8,0.4997,2022
KSRTC-004,ANKAMALY,Ernakulam,2022-12,50,47,357748,577218,87672.58914348732,234.96253890454602,51,27,447,8585952,250,200,120,8,0.5119,2022
KSRTC-004,ANKAMALY,Ernakulam,2023-01,51,48,361529,555690,88599.19127557898,237.4458326185517,51,27,452,8676696,250,200,120,8,0.4901,2023
KSRTC-004,ANKAMALY,Ernakulam,2023-02,52,49,375350,608528,91986.27619164319,246.52322019360378,51,27,469,9008400,250,200,120,8,0.5103,2023
KSRTC-004,ANKAMALY,Ernakulam,2023-03,51,48,368036,563022,90193.84879304007,241.7195147653474,51,27,460,8832864,250,200,120,8,0.4867,2023
KSRTC-004,ANKAMALY,Ernakulam,2023-04,53,38,373647,593400,91568.92537679206,245.40472000980273,51,27,467,8967528,250,200,120,8,0.5119,2023
KSRTC-004,ANKAMALY,Ernakulam,2023-05,54,39,388384,595483,95180.49258669281,255.08372013233674,51,27,486,9321216,250,200,120,8,0.4941,2023
KSRTC-004,ANKAMALY,Ernakulam,2023-06,53,38,379093,599928,92903.56573949271,248.9815561818405,51,27,474,9098232,250,200,120,8,0.5093,2023
KSRTC-004,ANKAMALY,Ernakulam,2023-07,54,40,397020,631977,97296.8998897194,260.755691704448,51,27,496,9528480,250,200,120,8,0.5086,2023
KSRTC-004,ANKAMALY,Ernakulam,2023-08,53,39,383464,611675,93974.75799534371,251.85235142752114,51,27,479,9203136,250,200,120,8,0.5119,2023
KSRTC-004,ANKAMALY,Ernakulam,2023-09,54,40,397709,624623,97465.75174610956,261.20821467957364,51,27,497,9545016,250,200,120,8,0.5027,2023
KSRTC-004,ANKAMALY,Ernakulam,2023-10,53,38,373046,584490,91421.63950496263,245.00999387329986,51,27,466,8953104,250,200,120,8,0.5062,2023
KSRTC-004,ANKAMALY,Ernakulam,2023-11,52,37,364918,548036,89429.7267491729,239.67166768778338,51,27,456,8758032,250,200,120,8,0.4901,2023
KSRTC-004,ANKAMALY,Ernakulam,2023-12,54,40,398762,624895,97723.80835681902,261.899806396275,51,27,498,9570288,250,200,120,8,0.5015,2023
KSRTC-004,ANKAMALY,Ernakulam,2024-01,53,38,379137,610516,92914.34873177308,249.01045460115188,51,27,474,9099288,250,200,120,8,0.5169,2024
KSRTC-004,ANKAMALY,Ernakulam,2024-02,54,39,385571,612074,94491.11628476903,253.23619164318103,51,27,482,9253704,250,200,120,8,0.5094,2024
KSRTC-004,ANKAMALY,Ernakulam,2024-03,54,40,399569,616777,97921.57823796105,262.42982967773565,51,27,499,9589656,250,200,120,8,0.495,2024
KSRTC-004,ANKAMALY,Ernakulam,2024-04,48,44,335399,455323,82195.56426908467,220.28411224114694,51,27,419,8049576,250,200,120,8,0.4428,2024
KSRTC-004,ANKAMALY,Ernakulam,2024-05,51,48,352615,478695,86414.65506678104,231.5912755789732,51,27,441,8462760,250,200,120,8,0.4489,2024
KSRTC-004,ANKAMALY,Ernakulam,2024-06,50,47,349181,474034,85573.09153290039,229.33588530817306,51,27,437,8380344,250,200,120,8,0.4477,2024
KSRTC-004,ANKAMALY,Ernakulam,2024-07,48,43,329473,447278,80743.29126332558,216.39202058571257,51,27,412,7907352,250,200,120,8,0.4407,2024
KSRTC-004,ANKAMALY,Ernakulam,2024-08,48,44,335274,455153,82164.9307682882,220.2020144590124,51,27,419,8046576,250,200,120,8,0.4428,2024
KSRTC-004,ANKAMALY,Ernakulam,2024-09,50,46,343913,466882,84282.07327533391,225.8759563778949,51,27,430,8253912,250,200,120,8,0.4458,2024
KSRTC-004,ANKAMALY,Ernakulam,2024-10,51,48,349867,474964,85741.20818527142,229.78643793652742,51,27,437,8396808,250,200,120,8,0.448,2024
KSRTC-004,ANKAMALY,Ernakulam,2024-11,49,45,339829,461337,83281.21553731161,223.19365763999514,51,27,425,8155896,250,200,120,8,0.4444,2024
KSRTC-004,ANKAMALY,Ernakulam,2024-12,50,46,343865,466816,84270.31001102806,225.84443082955522,51,27,430,8252760,250,200,120,8,0.4458,2024
KSRTC-004,ANKAMALY,Ernakulam,2025-01,49,45,339566,460980,83216.76265163583,223.02092390638404,51,27,424,8149584,250,200,120,8,0.4443,2025
KSRTC-004,ANKAMALY,Ernakulam,2025-02,48,43,331377,449863,81209.90074745742,217.6425340031859,51,27,414,7953048,250,200,120,8,0.4414,2025
KSRTC-004,ANKAMALY,Ernakulam,2025-03,49,45,336548,456883,82477.14740840584,221.03875505452766,51,27,421,8077152,250,200,120,8,0.4432,2025
KSRTC-004,ANKAMALY,Ernakulam,2025-04,50,46,343277,466017,84126.21002328147,225.45824286239434,51,27,429,8238648,250,200,120,8,0.4456,2025
KSRTC-004,ANKAMALY,Ernakulam,2025-05,50,46,343526,466356,84187.23195686804,225.62178164440635,51,27,429,8244624,250,200,120,8,0.4457,2025
KSRTC-004,ANKAMALY,Ernakulam,2025-06,50,46,343533,466365,84188.94743291264,225.62637912020588,51,27,429,8244792,250,200,120,8,0.4457,2025
KSRTC-004,ANKAMALY,Ernakulam,2025-07,50,46,343699,466591,84229.62872197035,225.73540497488057,51,27,430,8248776,250,200,120,8,0.4458,2025
KSRTC-004,ANKAMALY,Ernakulam,2025-08,49,45,337794,458574,82782.50214434505,221.85710574684475,51,27,422,8107056,250,200,120,8,0.4437,2025
KSRTC-004,ANKAMALY,Ernakulam,2025-09,48,43,329722,447616,80804.31319691215,216.55555936772458,51,27,412,7913328,250,200,120,8,0.4408,2025
KSRTC-004,ANKAMALY,Ernakulam,2025-10,50,46,344294,467399,84375.44418576156,226.126190417841,51,27,430,8263056,250,200,120,8,0.446,2025
KSRTC-004,ANKAMALY,Ernakulam,2025-11,48,44,334748,454439,82036.02499693666,219.85654699179022,51,27,418,8033952,250,200,120,8,0.4426,2025
KSRTC-004,ANKAMALY,Ernakulam,2025-12,49,45,337981,458828,82828.32986153658,221.97992402891802,51,27,423,8111544,250,200,120,8,0.4437,2025
KSRTC-004,ANKAMALY,Ernakulam,2026-01,49,45,340687,462503,83491.48388677859,223.7571768165666,51,27,426,8176488,250,200,120,8,0.4447,2026
KSRTC-004,ANKAMALY,Ernakulam,2026-02,50,47,345533,469081,84679.08344565617,226.93994363435854,51,27,432,8292792,250,200,120,8,0.4464,2026
KSRTC-004,ANKAMALY,Ernakulam,2026-03,49,46,342120,464448,83842.66633990932,224.698345790957,51,27,428,8210880,250,200,120,8,0.4452,2026
KSRTC-005,ATTINGAL,Thiruvananthapuram,2021-04,56,54,254009,453537,62249.47923048646,166.82860433770372,51,27,318,6096216,250,200,120,8,0.657,2021
KSRTC-005,ATTINGAL,Thiruvananthapuram,2021-05,56,55,255752,463126,62676.632765592454,167.97337581178778,51,27,320,6138048,250,200,120,8,0.6637,2021
KSRTC-005,ATTINGAL,Thiruvananthapuram,2021-06,57,56,262075,457430,64226.197769881146,172.1262100232815,51,27,328,6289800,250,200,120,8,0.6448,2021
KSRTC-005,ATTINGAL,Thiruvananthapuram,2021-07,56,54,252224,449762,61812.03283911286,165.65624800882247,51,27,315,6053376,250,200,120,8,0.6567,2021
KSRTC-005,ATTINGAL,Thiruvananthapuram,2021-08,55,53,245901,442161,60262.467834824165,161.50341379732876,51,27,307,5901624,250,200,120,8,0.6619,2021
KSRTC-005,ATTINGAL,Thiruvananthapuram,2021-09,55,53,243671,422227,59715.96618061513,160.03878936404854,51,27,305,5848104,250,200,120,8,0.6443,2021
KSRTC-005,ATTINGAL,Thiruvananthapuram,2021-10,56,55,256250,453634,62798.67663276559,168.3004533758118,51,27,320,6150000,250,200,120,8,0.6525,2021
KSRTC-005,ATTINGAL,Thiruvananthapuram,2021-11,56,55,255184,438932,62537.434137973294,167.60032348976844,51,27,319,6124416,250,200,120,8,0.6389,2021
KSRTC-005,ATTINGAL,Thiruvananthapuram,2021-12,55,53,245364,450250,60130.86631540253,161.1507217252788,51,27,307,5888736,250,200,120,8,0.6721,2021
KSRTC-005,ATTINGAL,Thiruvananthapuram,2022-01,54,52,237274,423719,58148.266143854926,155.83735326553122,51,27,297,5694576,250,200,120,8,0.66,2022
KSRTC-005,ATTINGAL,Thiruvananthapuram,2022-02,55,53,247683,435168,60699.17902217866,162.6737997794388,51,27,310,5944392,250,200,120,8,0.6503,2022
KSRTC-005,ATTINGAL,Thiruvananthapuram,2022-03,56,55,256898,472783,62957.4807008945,168.72604827839726,51,27,321,6165552,250,200,120,8,0.6716,2022
KSRTC-005,ATTINGAL,Thiruvananthapuram,2022-04,55,54,370104,729717,90700.64943021689,243.07774047298128,51,27,463,8882496,250,200,120,8,0.6365,2022
KSRTC-005,ATTINGAL,Thiruvananthapuram,2022-05,56,54,373332,730659,91491.72895478495,245.1978335988237,51,27,467,8959968,250,200,120,8,0.6319,2022
KSRTC-005,ATTINGAL,Thiruvananthapuram,2022-06,56,54,370872,721947,90888.86165911041,243.5821492464159,51,27,464,8900928,250,200,120,8,0.6295,2022
KSRTC-005,ATTINGAL,Thiruvananthapuram,2022-07,55,53,363984,699993,89200.83323122167,239.05823305967408,51,27,455,8735616,250,200,120,8,0.6243,2022
KSRTC-005,ATTINGAL,Thiruvananthapuram,2022-08,58,57,402825,810491,98719.51966670752,264.56831270677617,51,27,504,9667800,250,200,120,8,0.6424,2022
KSRTC-005,ATTINGAL,Thiruvananthapuram,2022-09,58,58,407056,812999,99756.40240166646,267.34715843646615,51,27,509,9769344,250,200,120,8,0.6378,2022
KSRTC-005,ATTINGAL,Thiruvananthapuram,2022-10,57,56,395867,848047,97014.33647837276,259.998421762039,51,27,495,9500808,250,200,120,8,0.6791,2022
KSRTC-005,ATTINGAL,Thiruvananthapuram,2022-11,56,54,374285,723068,91725.27876485726,245.82374708981746,51,27,468,8982840,250,200,120,8,0.6248,2022
KSRTC-005,ATTINGAL,Thiruvananthapuram,2022-12,59,59,418320,855069,102516.84842543806,274.745153780174,51,27,523,10039680,250,200,120,8,0.6492,2022
KSRTC-005,ATTINGAL,Thiruvananthapuram,2023-01,53,50,334275,670991,81920.10782992281,219.54588898419314,51,27,418,8022600,250,200,120,8,0.6533,2023
KSRTC-005,ATTINGAL,Thiruvananthapuram,2023-02,57,56,391618,793466,95973.04251929911,257.2077539517216,51,27,490,9398832,250,200,120,8,0.6479,2023
KSRTC-005,ATTINGAL,Thiruvananthapuram,2023-03,57,55,386609,783723,94745.49687538293,253.91793162602625,51,27,483,9278616,250,200,120,8,0.6489,2023
KSRTC-005,ATTINGAL,Thiruvananthapuram,2023-04,64,42,379721,752578,93057.46844749419,249.39401543928443,51,27,475,9113304,250,200,120,8,0.6836,2023
KSRTC-005,ATTINGAL,Thiruvananthapuram,2023-05,63,41,367294,787346,90012.00833231222,241.23218233059677,51,27,459,8815056,250,200,120,8,0.7293,2023
KSRTC-005,ATTINGAL,Thiruvananthapuram,2023-06,66,44,407430,833268,99848.05783604951,267.59279500061274,51,27,509,9778320,250,200,120,8,0.6985,2023
KSRTC-005,ATTINGAL,Thiruvananthapuram,2023-07,66,43,399092,820710,97804.6807989217,262.1165445411102,51,27,499,9578208,250,200,120,8,0.7022,2023
KSRTC-005,ATTINGAL,Thiruvananthapuram,2023-08,65,43,393968,797062,96548.95233427276,258.75119225585104,51,27,492,9455232,250,200,120,8,0.6936,2023
KSRTC-005,ATTINGAL,Thiruvananthapuram,2023-09,67,44,409065,859846,100248.74402646735,268.6666339909325,51,27,511,9817560,250,200,120,8,0.7139,2023
KSRTC-005,ATTINGAL,Thiruvananthapuram,2023-10,67,44,408578,818386,100129.3959073643,268.3467810317363,51,27,511,9805872,250,200,120,8,0.6869,2023
KSRTC-005,ATTINGAL,Thiruvananthapuram,2023-11,64,41,372217,744707,91218.47812768044,244.4655213821836,51,27,465,8933208,250,200,120,8,0.6896,2023
KSRTC-005,ATTINGAL,Thiruvananthapuram,2023-12,66,43,400175,814503,98070.08944982234,262.8278397255239,51,27,500,9604200,250,200,120,8,0.6964,2023
KSRTC-005,ATTINGAL,Thiruvananthapuram,2024-01,68,46,427211,880390,104695.74807008945,280.58460482783977,51,27,534,10253064,250,200,120,8,0.7015,2024
KSRTC-005,ATTINGAL,Thiruvananthapuram,2024-02,66,43,397014,836865,97295.42948168117,260.7517510109056,51,27,496,9528336,250,200,120,8,0.7165,2024
KSRTC-005,ATTINGAL,Thiruvananthapuram,2024-03,65,42,382422,816898,93719.39713270433,251.1679843156476,51,27,478,9178128,250,200,120,8,0.7256,2024
KSRTC-005,ATTINGAL,Thiruvananthapuram,2024-04,48,62,332775,451761,81552.50582036516,218.5607155985786,51,27,416,7986600,250,200,120,8,0.4419,2024
KSRTC-005,ATTINGAL,Thiruvananthapuram,2024-05,48,62,330366,448490,80962.13699301556,216.97852714128172,51,27,413,7928784,250,200,120,8,0.441,2024
KSRTC-005,ATTINGAL,Thiruvananthapuram,2024-06,48,62,330567,448763,81011.39566229629,217.11054037495407,51,27,413,7933608,250,200,120,8,0.4411,2024
KSRTC-005,ATTINGAL,Thiruvananthapuram,2024-07,47,61,328151,445483,80419.3113589021,215.52375444185762,51,27,410,7875624,250,200,120,8,0.4403,2024
KSRTC-005,ATTINGAL,Thiruvananthapuram,2024-08,46,59,320861,435587,78632.7655924519,210.73581178777113,51,27,401,7700664,250,200,120,8,0.4377,2024
KSRTC-005,ATTINGAL,Thiruvananthapuram,2024-09,48,63,334686,454355,82020.83078054161,219.81582649185154,51,27,418,8032464,250,200,120,8,0.4426,2024
KSRTC-005,ATTINGAL,Thiruvananthapuram,2024-10,47,60,325181,441452,79691.45937997795,213.57311113834092,51,27,407,7804344,250,200,120,8,0.4392,2024
KSRTC-005,ATTINGAL,Thiruvananthapuram,2024-11,47,59,323187,438745,79202.79377527264,212.2634873177307,51,27,404,7756488,250,200,120,8,0.4385,2024
KSRTC-005,ATTINGAL,Thiruvananthapuram,2024-12,48,62,330733,448989,81052.076951354,217.21956622962873,51,27,413,7937592,250,200,120,8,0.4412,2024
KSRTC-005,ATTINGAL,Thiruvananthapuram,2025-01,49,64,336257,456488,82405.83261855165,220.84763141771842,51,27,420,8070168,250,200,120,8,0.4431,2025
KSRTC-005,ATTINGAL,Thiruvananthapuram,2025-02,48,63,333329,452513,81688.27349589512,218.92457296899892,51,27,417,7999896,250,200,120,8,0.4421,2025
KSRTC-005,ATTINGAL,Thiruvananthapuram,2025-03,47,60,323540,439224,79289.30278152188,212.49533145447865,51,27,404,7764960,250,200,120,8,0.4386,2025
KSRTC-005,ATTINGAL,Thiruvananthapuram,2025-04,47,61,326745,443575,80074.74574194339,214.6003185884083,51,27,408,7841880,250,200,120,8,0.4398,2025
KSRTC-005,ATTINGAL,Thiruvananthapuram,2025-05,49,65,341248,463264,83628.96703835315,224.12563166278645,51,27,427,8189952,250,200,120,8,0.4449,2025
KSRTC-005,ATTINGAL,Thiruvananthapuram,2025-06,50,66,343699,466591,84229.62872197035,225.73540497488057,51,27,430,8248776,250,200,120,8,0.4458,2025
KSRTC-005,ATTINGAL,Thiruvananthapuram,2025-07,47,61,327604,444741,80285.25915941675,215.1644945472369,51,27,410,7862496,250,200,120,8,0.4401,2025
KSRTC-005,ATTINGAL,Thiruvananthapuram,2025-08,47,61,327680,444844,80303.884327901,215.2144099987747,51,27,410,7864320,250,200,120,8,0.4401,2025
KSRTC-005,ATTINGAL,Thiruvananthapuram,2025-09,46,58,319491,433727,78297.02242372259,209.83602009557657,51,27,399,7667784,250,200,120,8,0.4372,2025
KSRTC-005,ATTINGAL,Thiruvananthapuram,2025-10,48,61,329154,446846,80665.11456929299,216.18250704570522,51,27,411,7899696,250,200,120,8,0.4406,2025
KSRTC-005,ATTINGAL,Thiruvananthapuram,2025-11,46,58,317123,430512,77716.70138463425,208.28075971081978,51,27,396,7610952,250,200,120,8,0.4363,2025
KSRTC-005,ATTINGAL,Thiruvananthapuram,2025-12,48,62,329944,447917,80858.71829432668,216.70136502879552,51,27,412,7918656,250,200,120,8,0.4409,2025
KSRTC-005,ATTINGAL,Thiruvananthapuram,2026-01,47,61,327548,444666,80271.53535105992,215.1277147408406,51,27,409,7861152,250,200,120,8,0.44,2026
KSRTC-005,ATTINGAL,Thiruvananthapuram,2026-02,49,63,336119,456300,82372.01323367235,220.7569954662419,51,27,420,8066856,250,200,120,8,0.4431,2026
KSRTC-005,ATTINGAL,Thiruvananthapuram,2026-03,47,59,323270,438858,79223.1344198015,212.31800024506802,51,27,404,7758480,250,200,120,8,0.4385,2026
KSRTC-006,CHADAYAMANGALAM,Kollam,2021-04,65,58,315471,515906,77311.84903810808,207.19575542212968,51,27,394,7571304,250,200,120,8,0.621,2021
KSRTC-006,CHADAYAMANGALAM,Kollam,2021-05,63,55,293824,471028,72006.86190417841,192.97838990319815,51,27,367,7051776,250,200,120,8,0.6142,2021
KSRTC-006,CHADAYAMANGALAM,Kollam,2021-06,63,56,298933,508810,73258.91434873178,196.33389045460117,51,27,374,7174392,250,200,120,8,0.6408,2021
KSRTC-006,CHADAYAMANGALAM,Kollam,2021-07,64,57,303615,496568,74406.32275456439,199.40894498223258,51,27,380,7286760,250,200,120,8,0.6221,2021
KSRTC-006,CHADAYAMANGALAM,Kollam,2021-08,65,58,314421,524375,77054.52763141772,206.50613405219949,51,27,393,7546104,250,200,120,8,0.6299,2021
KSRTC-006,CHADAYAMANGALAM,Kollam,2021-09,64,56,302791,516221,74204.38671731406,198.86775640240168,51,27,379,7266984,250,200,120,8,0.6412,2021
KSRTC-006,CHADAYAMANGALAM,Kollam,2021-10,63,56,297340,485433,72868.52101458155,195.28763631907856,51,27,372,7136160,250,200,120,8,0.6219,2021
KSRTC-006,CHADAYAMANGALAM,Kollam,2021-11,66,60,330538,531529,81004.28869011151,217.09149368949886,51,27,413,7932912,250,200,120,8,0.6124,2021
KSRTC-006,CHADAYAMANGALAM,Kollam,2021-12,63,55,291470,493038,71429.97181717928,191.43232447004047,51,27,364,6995280,250,200,120,8,0.6387,2021
KSRTC-006,CHADAYAMANGALAM,Kollam,2022-01,62,54,283350,481646,69440.01960544051,186.09925254258056,51,27,354,6800400,250,200,120,8,0.642,2022
KSRTC-006,CHADAYAMANGALAM,Kollam,2022-02,64,56,299680,495436,73441.98014949149,196.8245068006372,51,27,375,7192320,250,200,120,8,0.6273,2022
KSRTC-006,CHADAYAMANGALAM,Kollam,2022-03,65,58,313890,532241,76924.39652003431,206.15738267369196,51,27,392,7533360,250,200,120,8,0.6376,2022
KSRTC-006,CHADAYAMANGALAM,Kollam,2022-04,62,42,405343,743613,99336.60090675163,266.2220904300944,51,27,507,9728232,250,200,120,8,0.6201,2022
KSRTC-006,CHADAYAMANGALAM,Kollam,2022-05,68,48,486999,906504,119347.87403504473,319.85230241391986,51,27,609,11687976,250,200,120,8,0.6199,2022
KSRTC-006,CHADAYAMANGALAM,Kollam,2022-06,65,44,440823,804125,108031.61377282196,289.5247249111629,51,27,551,10579752,250,200,120,8,0.6132,2022
KSRTC-006,CHADAYAMANGALAM,Kollam,2022-07,64,43,429513,769404,105259.89462075726,282.09651758362946,51,27,537,10308312,250,200,120,8,0.6054,2022
KSRTC-006,CHADAYAMANGALAM,Kollam,2022-08,63,42,413659,756978,101374.58644773925,271.6838916799412,51,27,517,9927816,250,200,120,8,0.6178,2022
KSRTC-006,CHADAYAMANGALAM,Kollam,2022-09,65,45,452937,800933,111000.36760200956,297.48098517338565,51,27,566,10870488,250,200,120,8,0.5968,2022
KSRTC-006,CHADAYAMANGALAM,Kollam,2022-10,65,44,443139,794282,108599.19127557898,291.0458326185517,51,27,554,10635336,250,200,120,8,0.6043,2022
KSRTC-006,CHADAYAMANGALAM,Kollam,2022-11,66,46,467440,849133,114554.58889841932,307.00629824776377,51,27,584,11218560,250,200,120,8,0.6089,2022
KSRTC-006,CHADAYAMANGALAM,Kollam,2022-12,67,46,470216,842255,115234.89768410735,308.8295257934077,51,27,588,11285184,250,200,120,8,0.6017,2022
KSRTC-006,CHADAYAMANGALAM,Kollam,2023-01,66,46,465024,847344,113962.50459502512,305.4195123146673,51,27,581,11160576,250,200,120,8,0.6106,2023
KSRTC-006,CHADAYAMANGALAM,Kollam,2023-02,65,45,450721,816883,110457.29689988973,296.0255556917045,51,27,563,10817304,250,200,120,8,0.6091,2023
KSRTC-006,CHADAYAMANGALAM,Kollam,2023-03,66,46,463408,873302,113566.47469672834,304.358152187232,51,27,579,11121792,250,200,120,8,0.6278,2023
KSRTC-006,CHADAYAMANGALAM,Kollam,2023-04,67,45,481228,859846,117933.58657027326,316.0620120083324,51,27,602,11549472,250,200,120,8,0.5981,2023
KSRTC-006,CHADAYAMANGALAM,Kollam,2023-05,69,47,509171,940000,124781.52187231957,334.4144786178165,51,27,637,12220104,250,200,120,8,0.6124,2023
KSRTC-006,CHADAYAMANGALAM,Kollam,2023-06,66,44,465844,839178,114163.46036024997,305.95807376547,51,27,582,11180256,250,200,120,8,0.6034,2023
KSRTC-006,CHADAYAMANGALAM,Kollam,2023-07,68,46,498665,890431,122206.83739737778,327.5143242249725,51,27,623,11967960,250,200,120,8,0.5965,2023
KSRTC-006,CHADAYAMANGALAM,Kollam,2023-08,66,44,472049,804024,115684.1073397868,310.0334076706286,51,27,590,11329176,250,200,120,8,0.576,2023
KSRTC-006,CHADAYAMANGALAM,Kollam,2023-09,67,45,487489,894154,119467.9573581669,320.17412571988734,51,27,609,11699736,250,200,120,8,0.6106,2023
KSRTC-006,CHADAYAMANGALAM,Kollam,2023-10,67,45,484854,873630,118822.20316137729,318.44350447249116,51,27,606,11636496,250,200,120,8,0.6019,2023
KSRTC-006,CHADAYAMANGALAM,Kollam,2023-11,65,43,456400,799679,111849.038108075,299.755422129641,51,27,571,10953600,250,200,120,8,0.5909,2023
KSRTC-006,CHADAYAMANGALAM,Kollam,2023-12,68,45,491085,885672,120349.22190907977,322.53591471633376,51,27,614,11786040,250,200,120,8,0.6019,2023
KSRTC-006,CHADAYAMANGALAM,Kollam,2024-01,67,45,482790,864797,118316.38279622595,317.0879058938856,51,27,604,11586960,250,200,120,8,0.5992,2024
KSRTC-006,CHADAYAMANGALAM,Kollam,2024-02,69,47,518525,952918,127073.88800392109,340.5580198505085,51,27,648,12444600,250,200,120,8,0.6096,2024
KSRTC-006,CHADAYAMANGALAM,Kollam,2024-03,69,47,520164,936668,127475.55446636443,341.63448596985666,51,27,650,12483936,250,200,120,8,0.5993,2024
KSRTC-006,CHADAYAMANGALAM,Kollam,2024-04,64,58,441570,599456,108214.67957358167,290.0153412571989,51,27,552,10597680,250,200,120,8,0.4805,2024
KSRTC-006,CHADAYAMANGALAM,Kollam,2024-05,66,61,457354,620883,112082.83298615366,300.38199240289185,51,27,572,10976496,250,200,120,8,0.4861,2024
KSRTC-006,CHADAYAMANGALAM,Kollam,2024-06,69,67,480157,651840,117671.1187354491,315.3585982110036,51,27,600,11523768,250,200,120,8,0.4942,2024
KSRTC-006,CHADAYAMANGALAM,Kollam,2024-07,65,60,452695,614559,110941.06114446759,297.32204386717314,51,27,566,10864680,250,200,120,8,0.4844,2024
KSRTC-006,CHADAYAMANGALAM,Kollam,2024-08,66,61,456211,619333,111802.72025487073,299.6312902830536,51,27,570,10949064,250,200,120,8,0.4857,2024
KSRTC-006,CHADAYAMANGALAM,Kollam,2024-09,67,63,466298,633025,114274.72123514276,306.25625291018264,51,27,583,11191152,250,200,120,8,0.4892,2024
KSRTC-006,CHADAYAMANGALAM,Kollam,2024-10,66,61,454744,617340,111443.20548952335,298.6677907119226,51,27,568,10913856,250,200,120,8,0.4851,2024
KSRTC-006,CHADAYAMANGALAM,Kollam,2024-11,67,63,466332,633072,114283.05354735939,306.27858350692316,51,27,583,11191968,250,200,120,8,0.4892,2024
KSRTC-006,CHADAYAMANGALAM,Kollam,2024-12,67,63,465647,632142,114115.18196299474,305.8286876608259,51,27,582,11175528,250,200,120,8,0.489,2024
KSRTC-006,CHADAYAMANGALAM,Kollam,2025-01,66,61,455900,618910,111726.50410488911,299.4270310011028,51,27,570,10941600,250,200,120,8,0.4856,2025
KSRTC-006,CHADAYAMANGALAM,Kollam,2025-02,68,65,473899,643344,116137.48315157456,311.2484548462199,51,27,592,11373576,250,200,120,8,0.4919,2025
KSRTC-006,CHADAYAMANGALAM,Kollam,2025-03,67,62,460628,625329,112885.18563901483,302.53229751255975,51,27,576,11055072,250,200,120,8,0.4872,2025
KSRTC-006,CHADAYAMANGALAM,Kollam,2025-04,66,61,454709,617293,111434.62810930033,298.6448033329249,51,27,568,10913016,250,200,120,8,0.4851,2025
KSRTC-006,CHADAYAMANGALAM,Kollam,2025-05,64,58,442131,600218,108352.16272515623,290.38379610341866,51,27,553,10611144,250,200,120,8,0.4807,2025
KSRTC-006,CHADAYAMANGALAM,Kollam,2025-06,69,66,476148,646398,116688.64109790468,312.72555814238456,51,27,595,11427552,250,200,120,8,0.4927,2025
KSRTC-006,CHADAYAMANGALAM,Kollam,2025-07,64,58,442885,601242,108536.94400196055,290.8790099252543,51,27,554,10629240,250,200,120,8,0.4809,2025
KSRTC-006,CHADAYAMANGALAM,Kollam,2025-08,68,65,472805,641859,115869.37875260385,310.52993505697833,51,27,591,11347320,250,200,120,8,0.4915,2025
KSRTC-006,CHADAYAMANGALAM,Kollam,2025-09,67,62,461223,626137,113031.00110280604,302.9230829555202,51,27,577,11069352,250,200,120,8,0.4874,2025
KSRTC-006,CHADAYAMANGALAM,Kollam,2025-10,68,65,470950,639341,115414.77760078422,309.31160397010177,51,27,589,11302800,250,200,120,8,0.4909,2025
KSRTC-006,CHADAYAMANGALAM,Kollam,2025-11,66,61,457236,620724,112053.9149614018,300.3044920965568,51,27,572,10973664,250,200,120,8,0.486,2025
KSRTC-006,CHADAYAMANGALAM,Kollam,2025-12,68,65,471026,639444,115433.40276926848,309.36151942163957,51,27,589,11304624,250,200,120,8,0.4909,2025
KSRTC-006,CHADAYAMANGALAM,Kollam,2026-01,66,62,459174,623355,112528.85675775028,301.5773361107708,51,27,574,11020176,250,200,120,8,0.4867,2026
KSRTC-006,CHADAYAMANGALAM,Kollam,2026-02,66,62,459576,623900,112627.37409631173,301.8413625781155,51,27,575,11029824,250,200,120,8,0.4869,2026
KSRTC-006,CHADAYAMANGALAM,Kollam,2026-03,67,63,463577,629332,113607.89118980517,304.46914838867787,51,27,580,11125848,250,200,120,8,0.4883,2026
KSRTC-007,CHALAKKUDY,Thrissur,2021-04,36,25,195245,205433,47848.302904055876,128.23345178286976,51,27,244,4685880,250,200,120,8,0.3852,2021
KSRTC-007,CHALAKKUDY,Thrissur,2021-05,38,27,220606,238914,54063.472613650294,144.8901066045828,51,27,276,5294544,250,200,120,8,0.3823,2021
KSRTC-007,CHALAKKUDY,Thrissur,2021-06,37,26,211598,222274,51855.900012253405,138.97381203283913,51,27,265,5078352,250,200,120,8,0.3772,2021
KSRTC-007,CHALAKKUDY,Thrissur,2021-07,37,27,215148,225597,52725.89143487318,141.30538904546012,51,27,269,5163552,250,200,120,8,0.3751,2021
KSRTC-007,CHALAKKUDY,Thrissur,2021-08,36,25,202201,206865,49552.9959563779,132.80202916309278,51,27,253,4852824,250,200,120,8,0.3739,2021
KSRTC-007,CHALAKKUDY,Thrissur,2021-09,37,26,212410,218216,52054.895233427276,139.50711922558511,51,27,266,5097840,250,200,120,8,0.3705,2021
KSRTC-007,CHALAKKUDY,Thrissur,2021-10,37,26,212770,226775,52143.11971572111,139.7435608381326,51,27,266,5106480,250,200,120,8,0.3809,2021
KSRTC-007,CHALAKKUDY,Thrissur,2021-11,38,28,226481,247854,55503.247151084426,148.74870236490625,51,27,283,5435544,250,200,120,8,0.3831,2021
KSRTC-007,CHALAKKUDY,Thrissur,2021-12,38,27,222321,240081,54483.76424457788,146.01648817546874,51,27,278,5335704,250,200,120,8,0.3807,2021
KSRTC-007,CHALAKKUDY,Thrissur,2022-01,38,28,228926,240070,56102.4384266634,150.3545349834579,51,27,286,5494224,250,200,120,8,0.3696,2022
KSRTC-007,CHALAKKUDY,Thrissur,2022-02,38,28,225041,231851,55150.349221909084,147.80293591471636,51,27,281,5400984,250,200,120,8,0.3661,2022
KSRTC-007,CHALAKKUDY,Thrissur,2022-03,37,26,207294,228632,50801.12731282931,136.14702119838256,51,27,259,4975056,250,200,120,8,0.3935,2022
KSRTC-007,CHALAKKUDY,Thrissur,2022-04,35,32,260319,298346,63795.85835069232,170.97290037985542,51,27,325,6247656,250,200,120,8,0.3315,2022
KSRTC-007,CHALAKKUDY,Thrissur,2022-05,35,32,260146,292740,63753.461585590005,170.85927704938123,51,27,325,6243504,250,200,120,8,0.3259,2022
KSRTC-007,CHALAKKUDY,Thrissur,2022-06,36,33,270464,316980,66282.07327533391,177.63595637789487,51,27,338,6491136,250,200,120,8,0.3337,2022
KSRTC-007,CHALAKKUDY,Thrissur,2022-07,36,34,277793,291226,68078.17669403259,182.44951354000736,51,27,347,6667032,250,200,120,8,0.2965,2022
KSRTC-007,CHALAKKUDY,Thrissur,2022-08,38,36,305471,344899,74861.1689743904,200.6279328513663,51,27,382,7331304,250,200,120,8,0.3072,2022
KSRTC-007,CHALAKKUDY,Thrissur,2022-09,35,33,268229,303487,65734.346281093,176.16804803332928,51,27,335,6437496,250,200,120,8,0.3236,2022
KSRTC-007,CHALAKKUDY,Thrissur,2022-10,35,32,265534,296256,65073.88800392109,174.39801985050855,51,27,332,6372816,250,200,120,8,0.3206,2022
KSRTC-007,CHALAKKUDY,Thrissur,2022-11,35,33,268090,299211,65700.28182820733,176.07675529959565,51,27,335,6434160,250,200,120,8,0.3195,2022
KSRTC-007,CHALAKKUDY,Thrissur,2022-12,36,33,274347,319755,67233.67234407549,180.18624188212232,51,27,343,6584328,250,200,120,8,0.3302,2022
KSRTC-007,CHALAKKUDY,Thrissur,2023-01,36,34,280086,325222,68640.11763264306,183.9555152554834,51,27,350,6722064,250,200,120,8,0.3264,2023
KSRTC-007,CHALAKKUDY,Thrissur,2023-02,36,33,276350,315873,67724.54356083814,181.5017767430462,51,27,345,6632400,250,200,120,8,0.3231,2023
KSRTC-007,CHALAKKUDY,Thrissur,2023-03,37,35,299294,337294,73347.38389903198,196.57098884940572,51,27,374,7183056,250,200,120,8,0.3091,2023
KSRTC-007,CHALAKKUDY,Thrissur,2023-04,37,27,271298,324107,66486.45999264796,178.18371278029653,51,27,339,6511152,250,200,120,8,0.3499,2023
KSRTC-007,CHALAKKUDY,Thrissur,2023-05,38,29,298517,349655,73156.96605808112,196.06066903565738,51,27,373,7164408,250,200,120,8,0.3322,2023
KSRTC-007,CHALAKKUDY,Thrissur,2023-06,38,28,293041,331578,71814.97365518931,192.46412939590738,51,27,366,7032984,250,200,120,8,0.3235,2023
KSRTC-007,CHALAKKUDY,Thrissur,2023-07,37,27,279551,326302,68509.00624923417,183.60413674794756,51,27,349,6709224,250,200,120,8,0.3388,2023
KSRTC-007,CHALAKKUDY,Thrissur,2023-08,38,28,288409,316417,70679.81864967529,189.4219139811298,51,27,361,6921816,250,200,120,8,0.3159,2023
KSRTC-007,CHALAKKUDY,Thrissur,2023-09,37,27,282828,340301,69312.09410611445,185.75641220438675,51,27,354,6787872,250,200,120,8,0.3473,2023
KSRTC-007,CHALAKKUDY,Thrissur,2023-10,37,28,285385,336147,69938.73299840707,187.43580443573094,51,27,357,6849240,250,200,120,8,0.3393,2023
KSRTC-007,CHALAKKUDY,Thrissur,2023-11,37,27,274844,321772,67355.47114324225,180.51266266388924,51,27,344,6596256,250,200,120,8,0.3418,2023
KSRTC-007,CHALAKKUDY,Thrissur,2023-12,37,27,282839,324925,69314.78985418454,185.76363680921457,51,27,354,6788136,250,200,120,8,0.3324,2023
KSRTC-007,CHALAKKUDY,Thrissur,2024-01,37,27,281854,330735,69073.39786790835,185.11670628599438,51,27,352,6764496,250,200,120,8,0.3395,2024
KSRTC-007,CHALAKKUDY,Thrissur,2024-02,36,26,268657,309480,65839.23538782012,176.44915083935797,51,27,336,6447768,250,200,120,8,0.3394,2024
KSRTC-007,CHALAKKUDY,Thrissur,2024-03,37,27,280532,336260,68749.41796348487,184.2484401421395,51,27,351,6732768,250,200,120,8,0.347,2024
KSRTC-007,CHALAKKUDY,Thrissur,2024-04,36,31,250064,339476,61282.68594534984,164.2375983335376,51,27,313,6001536,250,200,120,8,0.4126,2024
KSRTC-007,CHALAKKUDY,Thrissur,2024-05,36,31,251248,341083,61572.84646489401,165.01522852591597,51,27,314,6029952,250,200,120,8,0.413,2024
KSRTC-007,CHALAKKUDY,Thrissur,2024-06,35,29,243142,330078,59586.32520524446,159.69135155005517,51,27,304,5835408,250,200,120,8,0.4101,2024
KSRTC-007,CHALAKKUDY,Thrissur,2024-07,35,30,244076,331347,59815.21872319569,160.30478617816448,51,27,305,5857824,250,200,120,8,0.4104,2024
KSRTC-007,CHALAKKUDY,Thrissur,2024-08,37,31,252854,343263,61966.42568312707,166.07002083078055,51,27,316,6068496,250,200,120,8,0.4136,2024
KSRTC-007,CHALAKKUDY,Thrissur,2024-09,37,32,254335,345275,62329.37140056366,167.0427153535106,51,27,318,6104040,250,200,120,8,0.4141,2024
KSRTC-007,CHALAKKUDY,Thrissur,2024-10,36,30,246395,334495,60383.53142997182,161.8278642323245,51,27,308,5913480,250,200,120,8,0.4113,2024
KSRTC-007,CHALAKKUDY,Thrissur,2024-11,35,29,241646,328048,59219.703467712294,158.70880529346897,51,27,302,5799504,250,200,120,8,0.4096,2024
KSRTC-007,CHALAKKUDY,Thrissur,2024-12,35,30,244602,332061,59944.12449454724,160.65025364538664,51,27,306,5870448,250,200,120,8,0.4106,2024
KSRTC-007,CHALAKKUDY,Thrissur,2025-01,36,30,245911,333837,60264.91851488788,161.50998161989955,51,27,307,5901864,250,200,120,8,0.4111,2025
KSRTC-007,CHALAKKUDY,Thrissur,2025-02,37,31,253248,343799,62062.982477637546,166.32879304006863,51,27,317,6077952,250,200,120,8,0.4137,2025
KSRTC-007,CHALAKKUDY,Thrissur,2025-03,35,30,244948,332531,60028.918024751874,160.87750030633504,51,27,306,5878752,250,200,120,8,0.4107,2025
KSRTC-007,CHALAKKUDY,Thrissur,2025-04,36,31,249303,338442,61096.18919250092,163.73778703590247,51,27,312,5983272,250,200,120,8,0.4123,2025
KSRTC-007,CHALAKKUDY,Thrissur,2025-05,36,30,245931,333866,60269.81987501532,161.52311726504107,51,27,307,5902344,250,200,120,8,0.4111,2025
KSRTC-007,CHALAKKUDY,Thrissur,2025-06,36,30,246734,334956,60466.60948413185,162.05051341747335,51,27,308,5921616,250,200,120,8,0.4114,2025
KSRTC-007,CHALAKKUDY,Thrissur,2025-07,37,31,252743,343113,61939.22313441981,165.9971180002451,51,27,316,6065832,250,200,120,8,0.4135,2025
KSRTC-007,CHALAKKUDY,Thrissur,2025-08,36,31,252439,342700,61864.722460482786,165.79745619409388,51,27,316,6058536,250,200,120,8,0.4134,2025
KSRTC-007,CHALAKKUDY,Thrissur,2025-09,36,30,247662,336215,60694.03259404485,162.6600073520402,51,27,310,5943888,250,200,120,8,0.4117,2025
KSRTC-007,CHALAKKUDY,Thrissur,2025-10,37,31,253096,343592,62025.73214066904,166.22896213699303,51,27,316,6074304,250,200,120,8,0.4136,2025
KSRTC-007,CHALAKKUDY,Thrissur,2025-11,36,31,250597,340200,61413.30719274599,164.58766327655925,51,27,313,6014328,250,200,120,8,0.4128,2025
KSRTC-007,CHALAKKUDY,Thrissur,2025-12,36,31,251629,341600,61666.217375321656,165.26546256586204,51,27,315,6039096,250,200,120,8,0.4131,2025
KSRTC-007,CHALAKKUDY,Thrissur,2026-01,34,28,238420,323669,58429.11407915697,156.5900257321407,51,27,298,5722080,250,200,120,8,0.4084,2026
KSRTC-007,CHALAKKUDY,Thrissur,2026-02,35,30,245447,333208,60151.20695993138,161.2052346526161,51,27,307,5890728,250,200,120,8,0.4109,2026
KSRTC-007,CHALAKKUDY,Thrissur,2026-03,34,28,238462,323725,58439.40693542458,156.6176105869379,51,27,298,5723088,250,200,120,8,0.4084,2026
KSRTC-008,CHANGANASSERY,Kottayam,2021-04,58,47,381190,388247,93417.47334885431,250.35882857492956,51,27,477,9148560,250,200,120,8,0.3841,2021
KSRTC-008,CHANGANASSERY,Kottayam,2021-05,56,45,357988,387996,87731.40546501655,235.12016664624434,51,27,448,8591712,250,200,120,8,0.4054,2021
KSRTC-008,CHANGANASSERY,Kottayam,2021-06,57,46,367059,370306,89954.41735081485,241.07783850018384,51,27,459,8809416,250,200,120,8,0.3835,2021
KSRTC-008,CHANGANASSERY,Kottayam,2021-07,57,46,366235,371619,89752.48131356452,240.53664992035294,51,27,458,8789640,250,200,120,8,0.3852,2021
KSRTC-008,CHANGANASSERY,Kottayam,2021-08,54,42,323701,316863,79328.75873054774,212.60107339786794,51,27,405,7768824,250,200,120,8,0.3829,2021
KSRTC-008,CHANGANASSERY,Kottayam,2021-09,56,44,347995,362943,85282.44087734347,228.5569415512805,51,27,435,8351880,250,200,120,8,0.3959,2021
KSRTC-008,CHANGANASSERY,Kottayam,2021-10,59,48,390815,405547,95776.25291018258,256.6803577992893,51,27,489,9379560,250,200,120,8,0.3882,2021
KSRTC-008,CHANGANASSERY,Kottayam,2021-11,55,44,341256,333630,83630.92758240413,224.13088592084307,51,27,427,8190144,250,200,120,8,0.3792,2021
KSRTC-008,CHANGANASSERY,Kottayam,2021-12,54,42,328221,345264,80436.46611934813,215.569729199853,51,27,410,7877304,250,200,120,8,0.402,2021
KSRTC-008,CHANGANASSERY,Kottayam,2022-01,58,47,378009,389498,92637.91202058572,248.26960421516972,51,27,473,9072216,250,200,120,8,0.3878,2022
KSRTC-008,CHANGANASSERY,Kottayam,2022-02,57,46,371331,371222,91001.34787403505,243.88361230241398,51,27,464,8911944,250,200,120,8,0.3803,2022
KSRTC-008,CHANGANASSERY,Kottayam,2022-03,54,43,332841,323848,81568.6803087857,218.60406322754568,51,27,416,7988184,250,200,120,8,0.3795,2022
KSRTC-008,CHANGANASSERY,Kottayam,2022-04,57,51,484121,518712,118642.56831270678,317.9620830780542,51,27,605,11618904,250,200,120,8,0.3371,2022
KSRTC-008,CHANGANASSERY,Kottayam,2022-05,58,51,495492,534952,121429.23661316016,325.43035412326924,51,27,619,11891808,250,200,120,8,0.3376,2022
KSRTC-008,CHANGANASSERY,Kottayam,2022-06,59,53,517724,542549,126877.5885308173,340.0319372625904,51,27,647,12425376,250,200,120,8,0.3259,2022
KSRTC-008,CHANGANASSERY,Kottayam,2022-07,56,49,460738,473116,112912.14311971572,302.6045435608381,51,27,576,11057712,250,200,120,8,0.3288,2022
KSRTC-008,CHANGANASSERY,Kottayam,2022-08,58,51,493408,546692,120918.51488788139,324.06161989952216,51,27,617,11841792,250,200,120,8,0.3457,2022
KSRTC-008,CHANGANASSERY,Kottayam,2022-09,59,54,525469,558565,128775.64024016666,345.11871584364667,51,27,657,12611256,250,200,120,8,0.3291,2022
KSRTC-008,CHANGANASSERY,Kottayam,2022-10,57,51,484155,532134,118650.90062492342,317.9844136747948,51,27,605,11619720,250,200,120,8,0.3446,2022
KSRTC-008,CHANGANASSERY,Kottayam,2022-11,57,50,479784,515444,117579.70836907242,315.1136184291141,51,27,600,11514816,250,200,120,8,0.3385,2022
KSRTC-008,CHANGANASSERY,Kottayam,2022-12,57,50,475813,510909,116606.54331577013,312.50553608626393,51,27,595,11419512,250,200,120,8,0.339,2022
KSRTC-008,CHANGANASSERY,Kottayam,2023-01,59,54,523214,549493,128223.01188579832,343.63767185393954,51,27,654,12557136,250,200,120,8,0.3258,2023
KSRTC-008,CHANGANASSERY,Kottayam,2023-02,58,52,505726,523254,123937.26259036883,332.1518637421885,51,27,632,12137424,250,200,120,8,0.3238,2023
KSRTC-008,CHANGANASSERY,Kottayam,2023-03,59,52,507111,522229,124276.68177919374,333.0615071682392,51,27,634,12170664,250,200,120,8,0.3223,2023
KSRTC-008,CHANGANASSERY,Kottayam,2023-04,62,53,554919,598456,135992.8930278152,364.4609533145448,51,27,694,13318056,250,200,120,8,0.3386,2023
KSRTC-008,CHANGANASSERY,Kottayam,2023-05,61,51,531651,556618,130290.65065555692,349.1789437568926,51,27,665,12759624,250,200,120,8,0.3327,2023
KSRTC-008,CHANGANASSERY,Kottayam,2023-06,64,55,584298,637365,143192.7459870114,383.7565592451906,51,27,730,14023152,250,200,120,8,0.3391,2023
KSRTC-008,CHANGANASSERY,Kottayam,2023-07,60,50,517993,561373,126943.51182453132,340.2086116897439,51,27,648,12431832,250,200,120,8,0.3446,2023
KSRTC-008,CHANGANASSERY,Kottayam,2023-08,63,54,574942,635954,140899.88971939715,377.6117044479844,51,27,719,13798608,250,200,120,8,0.3441,2023
KSRTC-008,CHANGANASSERY,Kottayam,2023-09,62,52,550606,587748,134935.9147163338,361.6282514397746,51,27,688,13214544,250,200,120,8,0.3361,2023
KSRTC-008,CHANGANASSERY,Kottayam,2023-10,61,51,523136,600741,128203.89658130132,343.58644283788755,51,27,654,12555264,250,200,120,8,0.3616,2023
KSRTC-008,CHANGANASSERY,Kottayam,2023-11,62,53,553253,565750,135584.60972919987,363.3667540742557,51,27,692,13278072,250,200,120,8,0.3235,2023
KSRTC-008,CHANGANASSERY,Kottayam,2023-12,62,53,560371,602906,137329.0037985541,368.041730180125,51,27,701,13448904,250,200,120,8,0.3373,2023
KSRTC-008,CHANGANASSERY,Kottayam,2024-01,63,55,581052,613759,142397.25523832865,381.6246440387208,51,27,726,13945248,250,200,120,8,0.3299,2024
KSRTC-008,CHANGANASSERY,Kottayam,2024-02,61,51,528731,567064,129575.05207695137,347.2611395662297,51,27,661,12689544,250,200,120,8,0.3401,2024
KSRTC-008,CHANGANASSERY,Kottayam,2024-03,61,52,537474,591964,131717.68165665973,353.0033868398481,51,27,672,12899376,250,200,120,8,0.3469,2024
KSRTC-008,CHANGANASSERY,Kottayam,2024-04,59,52,411125,558125,100753.58411959319,270.01960544050974,51,27,514,9867000,250,200,120,8,0.4697,2024
KSRTC-008,CHANGANASSERY,Kottayam,2024-05,61,55,424077,575708,103927.70493812034,278.5262492341625,51,27,530,10177848,250,200,120,8,0.4743,2024
KSRTC-008,CHANGANASSERY,Kottayam,2024-06,61,54,419501,569496,102806.27374096312,275.52081362578116,51,27,524,10068024,250,200,120,8,0.4726,2024
KSRTC-008,CHANGANASSERY,Kottayam,2024-07,60,52,413222,560973,101267.49172895479,271.39687783359886,51,27,517,9917328,250,200,120,8,0.4704,2024
KSRTC-008,CHANGANASSERY,Kottayam,2024-08,60,52,413001,560672,101213.33169954663,271.251728954785,51,27,516,9912024,250,200,120,8,0.4703,2024
KSRTC-008,CHANGANASSERY,Kottayam,2024-09,61,54,421592,572334,103318.71094228649,276.8941453253278,51,27,527,10118208,250,200,120,8,0.4734,2024
KSRTC-008,CHANGANASSERY,Kottayam,2024-10,60,54,418220,567758,102492.34162480089,274.6794755544664,51,27,523,10037280,250,200,120,8,0.4722,2024
KSRTC-008,CHANGANASSERY,Kottayam,2024-11,60,52,412281,559694,101036.88273495896,270.77884572969003,51,27,515,9894744,250,200,120,8,0.4701,2024
KSRTC-008,CHANGANASSERY,Kottayam,2024-12,59,51,405884,551011,99469.18269819875,266.57740963117266,51,27,507,9741216,250,200,120,8,0.4678,2024
KSRTC-008,CHANGANASSERY,Kottayam,2025-01,61,54,421868,572710,103386.34971204509,277.07541722828086,51,27,527,10124832,250,200,120,8,0.4735,2025
KSRTC-008,CHANGANASSERY,Kottayam,2025-02,60,53,416607,565568,102097.04693052323,273.62008577380226,51,27,521,9998568,250,200,120,8,0.4716,2025
KSRTC-008,CHANGANASSERY,Kottayam,2025-03,59,51,406874,552355,99711.80002450681,267.2276240656783,51,27,509,9764976,250,200,120,8,0.4682,2025
KSRTC-008,CHANGANASSERY,Kottayam,2025-04,62,55,426084,578434,104419.55642690847,279.8444112241147,51,27,533,10226016,250,200,120,8,0.475,2025
KSRTC-008,CHANGANASSERY,Kottayam,2025-05,58,50,401655,545269,98432.79009925255,263.7998774659968,51,27,502,9639720,250,200,120,8,0.4663,2025
KSRTC-008,CHANGANASSERY,Kottayam,2025-06,58,50,403392,547628,98858.4732263203,264.9407082465384,51,27,504,9681408,250,200,120,8,0.4669,2025
KSRTC-008,CHANGANASSERY,Kottayam,2025-07,60,53,414711,562993,101632.39799044235,272.37482661438554,51,27,518,9953064,250,200,120,8,0.4709,2025
KSRTC-008,CHANGANASSERY,Kottayam,2025-08,60,53,416981,566076,102188.70236490626,273.8657223379488,51,27,521,10007544,250,200,120,8,0.4717,2025
KSRTC-008,CHANGANASSERY,Kottayam,2025-09,61,54,421654,572419,103333.90515868153,276.9348658252665,51,27,527,10119696,250,200,120,8,0.4734,2025
KSRTC-008,CHANGANASSERY,Kottayam,2025-10,60,53,415410,563942,101803.70052689622,272.8339174120819,51,27,519,9969840,250,200,120,8,0.4712,2025
KSRTC-008,CHANGANASSERY,Kottayam,2025-11,60,53,413880,561865,101428.74647714742,271.8290405587551,51,27,517,9933120,250,200,120,8,0.4707,2025
KSRTC-008,CHANGANASSERY,Kottayam,2025-12,60,53,417341,566564,102276.9268472001,274.1021639504963,51,27,522,10016184,250,200,120,8,0.4719,2025
KSRTC-008,CHANGANASSERY,Kottayam,2026-01,60,53,416192,565004,101995.34370787894,273.3475211371156,51,27,520,9988608,250,200,120,8,0.4715,2026
KSRTC-008,CHANGANASSERY,Kottayam,2026-02,61,54,420865,571348,103140.54650165421,276.41666462443334,51,27,526,10100760,250,200,120,8,0.4731,2026
KSRTC-008,CHANGANASSERY,Kottayam,2026-03,60,53,416102,564882,101973.28758730549,273.2884107339787,51,27,520,9986448,250,200,120,8,0.4714,2026
KSRTC-009,CHATHANOOR,Kollam,2021-04,67,60,330953,554020,81105.9919127558,217.36405832618553,51,27,414,7942872,250,200,120,8,0.6304,2021
KSRTC-009,CHATHANOOR,Kollam,2021-05,64,56,301385,502327,73859.82110035536,197.9443205489524,51,27,377,7233240,250,200,120,8,0.6309,2021
KSRTC-009,CHATHANOOR,Kollam,2021-06,64,57,305413,506231,74846.95503002084,200.58983948045585,51,27,382,7329912,250,200,120,8,0.628,2021
KSRTC-009,CHATHANOOR,Kollam,2021-07,63,55,293175,500283,71847.81276804314,192.55213821835562,51,27,366,7036200,250,200,120,8,0.6426,2021
KSRTC-009,CHATHANOOR,Kollam,2021-08,60,51,267282,449090,65502.266879058945,175.54607523587796,51,27,334,6414768,250,200,120,8,0.6388,2021
KSRTC-009,CHATHANOOR,Kollam,2021-09,66,60,325232,570924,79703.9578483029,213.60660703345178,51,27,407,7805568,250,200,120,8,0.6531,2021
KSRTC-009,CHATHANOOR,Kollam,2021-10,63,55,294588,499387,72194.09386104645,193.4801715476045,51,27,368,7070112,250,200,120,8,0.6394,2021
KSRTC-009,CHATHANOOR,Kollam,2021-11,63,54,288632,498721,70734.46881509619,189.5683764244578,51,27,361,6927168,250,200,120,8,0.649,2021
KSRTC-009,CHATHANOOR,Kollam,2021-12,64,57,305746,501857,74928.56267614264,200.80854797206229,51,27,382,7337904,250,200,120,8,0.6235,2021
KSRTC-009,CHATHANOOR,Kollam,2022-01,66,59,323544,550029,79290.28305354736,212.49795858350694,51,27,404,7765056,250,200,120,8,0.6381,2022
KSRTC-009,CHATHANOOR,Kollam,2022-02,66,60,325414,547858,79748.56022546257,213.72614140423968,51,27,407,7809936,250,200,120,8,0.6334,2022
KSRTC-009,CHATHANOOR,Kollam,2022-03,62,54,283959,460083,69589.26602132092,186.49923293714008,51,27,355,6815016,250,200,120,8,0.6201,2022
KSRTC-009,CHATHANOOR,Kollam,2022-04,65,45,445392,831060,109151.32949393457,292.5255630437446,51,27,557,10689408,250,200,120,8,0.6242,2022
KSRTC-009,CHATHANOOR,Kollam,2022-05,66,46,459032,814869,112494.05710084549,301.4840730302659,51,27,574,11016768,250,200,120,8,0.5982,2022
KSRTC-009,CHATHANOOR,Kollam,2022-06,68,48,491227,891064,120384.02156598457,322.6291777968387,51,27,614,11789448,250,200,120,8,0.6067,2022
KSRTC-009,CHATHANOOR,Kollam,2022-07,65,45,452481,866229,110888.61659110403,297.1814924641588,51,27,566,10859544,250,200,120,8,0.6369,2022
KSRTC-009,CHATHANOOR,Kollam,2022-08,65,45,448712,837062,109964.95527508884,294.7060801372381,51,27,561,10769088,250,200,120,8,0.6238,2022
KSRTC-009,CHATHANOOR,Kollam,2022-09,63,43,422618,774214,103570.15071682392,277.5680039210881,51,27,528,10142832,250,200,120,8,0.6173,2022
KSRTC-009,CHATHANOOR,Kollam,2022-10,64,44,436996,805959,107093.73851243721,287.01121921333174,51,27,546,10487904,250,200,120,8,0.6191,2022
KSRTC-009,CHATHANOOR,Kollam,2022-11,64,43,424048,789476,103920.59796593555,278.5072025487073,51,27,530,10177152,250,200,120,8,0.6253,2022
KSRTC-009,CHATHANOOR,Kollam,2022-12,67,47,476945,867503,116883.96029898297,313.2490136012744,51,27,596,11446680,250,200,120,8,0.6089,2022
KSRTC-009,CHATHANOOR,Kollam,2023-01,66,46,458584,804784,112384.26663399093,301.1898345790957,51,27,573,11006016,250,200,120,8,0.5927,2023
KSRTC-009,CHATHANOOR,Kollam,2023-02,62,42,405114,766406,99280.4803332925,266.07168729322393,51,27,506,9722736,250,200,120,8,0.6359,2023
KSRTC-009,CHATHANOOR,Kollam,2023-03,66,46,468073,825455,114709.71694645265,307.42204141649313,51,27,585,11233752,250,200,120,8,0.5943,2023
KSRTC-009,CHATHANOOR,Kollam,2023-04,67,45,484868,852533,118825.6341134665,318.4526994240902,51,27,606,11636832,250,200,120,8,0.59,2023
KSRTC-009,CHATHANOOR,Kollam,2023-05,70,48,526516,940133,129032.2264428379,345.8063668668056,51,27,658,12636384,250,200,120,8,0.5949,2023
KSRTC-009,CHATHANOOR,Kollam,2023-06,66,44,473122,860258,115947.0653106237,310.7381350324716,51,27,591,11354928,250,200,120,8,0.6074,2023
KSRTC-009,CHATHANOOR,Kollam,2023-07,65,43,455454,801642,111617.2037740473,299.13410611444675,51,27,569,10930896,250,200,120,8,0.5931,2023
KSRTC-009,CHATHANOOR,Kollam,2023-08,69,47,519483,915510,127308.66315402524,341.18721725278766,51,27,649,12467592,250,200,120,8,0.5889,2023
KSRTC-009,CHATHANOOR,Kollam,2023-09,69,47,510362,902482,125073.39786790835,335.19670628599437,51,27,638,12248688,250,200,120,8,0.591,2023
KSRTC-009,CHATHANOOR,Kollam,2023-10,67,45,479812,822340,117586.57027325084,315.1320083323123,51,27,600,11515488,250,200,120,8,0.5782,2023
KSRTC-009,CHATHANOOR,Kollam,2023-11,67,45,486851,868027,119311.60397010171,319.75509863987264,51,27,609,11684424,250,200,120,8,0.5966,2023
KSRTC-009,CHATHANOOR,Kollam,2023-12,68,46,494820,895913,121264.55091287833,324.9889964465139,51,27,619,11875680,250,200,120,8,0.6036,2023
KSRTC-009,CHATHANOOR,Kollam,2024-01,68,45,490797,869932,120278.64232324471,322.34676142629587,51,27,614,11779128,250,200,120,8,0.5934,2024
KSRTC-009,CHATHANOOR,Kollam,2024-02,65,43,457050,800980,112008.33231221665,300.18233059674066,51,27,571,10969200,250,200,120,8,0.5909,2024
KSRTC-009,CHATHANOOR,Kollam,2024-03,67,45,489127,891386,119869.37875260385,321.2499350569783,51,27,611,11739048,250,200,120,8,0.6072,2024
KSRTC-009,CHATHANOOR,Kollam,2024-04,67,62,461902,627058,113197.40227913247,303.369038108075,51,27,577,11085648,250,200,120,8,0.4877,2024
KSRTC-009,CHATHANOOR,Kollam,2024-05,66,62,460282,624859,112800.3921088102,302.3050508516114,51,27,575,11046768,250,200,120,8,0.4871,2024
KSRTC-009,CHATHANOOR,Kollam,2024-06,69,66,478364,649406,117231.71180002451,314.1809876240657,51,27,598,11480736,250,200,120,8,0.4935,2024
KSRTC-009,CHATHANOOR,Kollam,2024-07,68,64,467613,634811,114596.98566352163,307.11992157823795,51,27,585,11222712,250,200,120,8,0.4897,2024
KSRTC-009,CHATHANOOR,Kollam,2024-08,68,65,473476,642771,116033.81938487932,310.9706359514766,51,27,592,11363424,250,200,120,8,0.4918,2024
KSRTC-009,CHATHANOOR,Kollam,2024-09,66,61,456177,619286,111794.3879426541,299.60895968631297,51,27,570,10948248,250,200,120,8,0.4856,2024
KSRTC-009,CHATHANOOR,Kollam,2024-10,66,62,457748,621419,112179.38978066415,300.64076461217996,51,27,572,10985952,250,200,120,8,0.4862,2024
KSRTC-009,CHATHANOOR,Kollam,2024-11,67,63,463113,628702,113494.17963484868,304.1644014213945,51,27,579,11114712,250,200,120,8,0.4881,2024
KSRTC-009,CHATHANOOR,Kollam,2024-12,64,59,444242,603084,108869.50128660703,291.7702634481069,51,27,555,10661808,250,200,120,8,0.4814,2024
KSRTC-009,CHATHANOOR,Kollam,2025-01,66,61,457381,620921,112089.4498223257,300.3997255238329,51,27,572,10977144,250,200,120,8,0.4861,2025
KSRTC-009,CHATHANOOR,Kollam,2025-02,65,60,450147,611100,110316.62786423233,295.64856267614266,51,27,563,10803528,250,200,120,8,0.4835,2025
KSRTC-009,CHATHANOOR,Kollam,2025-03,67,62,460988,625817,112973.41012130867,302.76873912510723,51,27,576,11063712,250,200,120,8,0.4874,2025
KSRTC-009,CHATHANOOR,Kollam,2025-04,67,62,460766,625517,112919.00502389413,302.62293346403635,51,27,576,11058384,250,200,120,8,0.4873,2025
KSRTC-009,CHATHANOOR,Kollam,2025-05,67,62,460808,625573,112929.29788016176,302.6505183188336,51,27,576,11059392,250,200,120,8,0.4873,2025
KSRTC-009,CHATHANOOR,Kollam,2025-06,66,62,459555,623872,112622.22766817792,301.82757015071684,51,27,574,11029320,250,200,120,8,0.4868,2025
KSRTC-009,CHATHANOOR,Kollam,2025-07,67,62,461881,627030,113192.25585099866,303.35524568067643,51,27,577,11085144,250,200,120,8,0.4877,2025
KSRTC-009,CHATHANOOR,Kollam,2025-08,66,62,457873,621588,112210.02328146061,300.72286239431446,51,27,572,10988952,250,200,120,8,0.4862,2025
KSRTC-009,CHATHANOOR,Kollam,2025-09,67,63,464075,630009,113729.93505697831,304.7962259527019,51,27,580,11137800,250,200,120,8,0.4884,2025
KSRTC-009,CHATHANOOR,Kollam,2025-10,67,64,467004,633984,114447.73924764122,306.71994118367854,51,27,584,11208096,250,200,120,8,0.4895,2025
KSRTC-009,CHATHANOOR,Kollam,2025-11,66,62,459714,624088,112661.19348119103,301.931998529592,51,27,575,11033136,250,200,120,8,0.4869,2025
KSRTC-009,CHATHANOOR,Kollam,2025-12,65,60,451359,612745,110613.65028795491,296.4445827717191,51,27,564,10832616,250,200,120,8,0.4839,2025
KSRTC-009,CHATHANOOR,Kollam,2026-01,67,62,461604,626654,113124.37201323367,303.1733169954662,51,27,577,11078496,250,200,120,8,0.4876,2026
KSRTC-009,CHATHANOOR,Kollam,2026-02,66,61,454564,617096,111399.09324837643,298.54956990564887,51,27,568,10909536,250,200,120,8,0.4851,2026
KSRTC-009,CHATHANOOR,Kollam,2026-03,68,65,472223,641070,115726.74917289548,310.1476877833599,51,27,590,11333352,250,200,120,8,0.4913,2026
KSRTC-010,CHENGANUR,Alappuzha,2021-04,44,37,238409,350793,58426.41833108688,156.58280112731285,51,27,298,5721816,250,200,120,8,0.5211,2021
KSRTC-010,CHENGANUR,Alappuzha,2021-05,44,37,235656,337036,57751.7461095454,154.77467957358166,51,27,295,5655744,250,200,120,8,0.5106,2021
KSRTC-010,CHENGANUR,Alappuzha,2021-06,43,36,225286,324199,55210.390883470165,147.96384756770004,51,27,282,5406864,250,200,120,8,0.5163,2021
KSRTC-010,CHENGANUR,Alappuzha,2021-07,43,36,224037,312770,54904.30094351183,147.14352652861172,51,27,280,5376888,250,200,120,8,0.505,2021
KSRTC-010,CHENGANUR,Alappuzha,2021-08,44,37,235361,328053,57679.45104766573,154.5809288077442,51,27,294,5648664,250,200,120,8,0.5008,2021
KSRTC-010,CHENGANUR,Alappuzha,2021-09,45,39,249410,346763,61122.4114691827,163.80806273740964,51,27,312,5985840,250,200,120,8,0.4958,2021
KSRTC-010,CHENGANUR,Alappuzha,2021-10,43,36,227916,328093,55854.91974022792,149.6911849038108,51,27,285,5469984,250,200,120,8,0.5156,2021
KSRTC-010,CHENGANUR,Alappuzha,2021-11,46,39,254954,366320,62481.06849650778,167.44926357064088,51,27,319,6118896,250,200,120,8,0.507,2021
KSRTC-010,CHENGANUR,Alappuzha,2021-12,44,37,231509,340661,56735.44908712168,152.0510035534861,51,27,289,5556216,250,200,120,8,0.5232,2021
KSRTC-010,CHENGANUR,Alappuzha,2022-01,44,37,236835,345807,58040.68128905771,155.54902585467468,51,27,296,5684040,250,200,120,8,0.5185,2022
KSRTC-010,CHENGANUR,Alappuzha,2022-02,45,38,245495,370399,60162.97022423723,161.23676020095579,51,27,307,5891880,250,200,120,8,0.5293,2022
KSRTC-010,CHENGANUR,Alappuzha,2022-03,44,37,235685,340996,57758.85308173018,154.7937262590369,51,27,295,5656440,250,200,120,8,0.5152,2022
KSRTC-010,CHENGANUR,Alappuzha,2022-04,47,43,347247,545319,85099.13000857738,228.0656684229874,51,27,434,8333928,250,200,120,8,0.4845,2022
KSRTC-010,CHENGANUR,Alappuzha,2022-05,46,41,320887,502515,78639.13736061758,210.75288812645513,51,27,401,7701288,250,200,120,8,0.4904,2022
KSRTC-010,CHENGANUR,Alappuzha,2022-06,47,42,332380,549028,81455.70395784831,218.3012866070335,51,27,416,7977120,250,200,120,8,0.5107,2022
KSRTC-010,CHENGANUR,Alappuzha,2022-07,48,44,353367,541002,86598.9462075726,232.0851758362946,51,27,442,8480808,250,200,120,8,0.4722,2022
KSRTC-010,CHENGANUR,Alappuzha,2022-08,47,42,337397,540799,82685.21014581546,221.59636319078547,51,27,422,8097528,250,200,120,8,0.4959,2022
KSRTC-010,CHENGANUR,Alappuzha,2022-09,49,45,365298,602671,89522.85259159417,239.9212449454724,51,27,457,8767152,250,200,120,8,0.5019,2022
KSRTC-010,CHENGANUR,Alappuzha,2022-10,47,42,336686,519418,82510.96679328514,221.1293910060042,51,27,421,8080464,250,200,120,8,0.4796,2022
KSRTC-010,CHENGANUR,Alappuzha,2022-11,48,45,360698,587169,88395.53976228404,236.90004656292123,51,27,451,8656752,250,200,120,8,0.497,2022
KSRTC-010,CHENGANUR,Alappuzha,2022-12,46,41,320775,527747,78611.68974390393,210.67932851366254,51,27,401,7698600,250,200,120,8,0.5122,2022
KSRTC-010,CHENGANUR,Alappuzha,2023-01,48,44,348958,573432,85518.44136747948,229.18942286484503,51,27,436,8374992,250,200,120,8,0.504,2023
KSRTC-010,CHENGANUR,Alappuzha,2023-02,47,42,335601,554649,82245.06800637177,220.41678225707636,51,27,420,8054424,250,200,120,8,0.51,2023
KSRTC-010,CHENGANUR,Alappuzha,2023-03,47,42,335944,529728,82329.1263325573,220.64205857125356,51,27,420,8062656,250,200,120,8,0.4892,2023
KSRTC-010,CHENGANUR,Alappuzha,2023-04,50,44,407506,597293,99866.68300453377,267.6427104521505,51,27,509,9780144,250,200,120,8,0.4325,2023
KSRTC-010,CHENGANUR,Alappuzha,2023-05,49,42,387850,571499,95049.62627129028,254.73299840705798,51,27,485,9308400,250,200,120,8,0.4391,2023
KSRTC-010,CHENGANUR,Alappuzha,2023-06,48,42,379476,553898,92997.4267859331,249.23310378630072,51,27,474,9107424,250,200,120,8,0.4374,2023
KSRTC-010,CHENGANUR,Alappuzha,2023-07,49,43,394827,583542,96759.46575174612,259.3153682146796,51,27,494,9475848,250,200,120,8,0.4387,2023
KSRTC-010,CHENGANUR,Alappuzha,2023-08,48,41,370978,569585,90914.83886778582,243.651768165666,51,27,464,8903472,250,200,120,8,0.4603,2023
KSRTC-010,CHENGANUR,Alappuzha,2023-09,50,44,404951,565668,99240.5342482539,265.9646317853205,51,27,506,9718824,250,200,120,8,0.4142,2023
KSRTC-010,CHENGANUR,Alappuzha,2023-10,49,43,396891,600230,97265.28611689745,260.6709667932852,51,27,496,9525384,250,200,120,8,0.4476,2023
KSRTC-010,CHENGANUR,Alappuzha,2023-11,49,43,390639,599792,95733.12094106115,256.56476412204387,51,27,488,9375336,250,200,120,8,0.4554,2023
KSRTC-010,CHENGANUR,Alappuzha,2023-12,49,43,388136,575682,95119.71572111262,254.92083813258182,51,27,485,9315264,250,200,120,8,0.4417,2023
KSRTC-010,CHENGANUR,Alappuzha,2024-01,50,44,401021,568685,98277.41698321285,263.38347751501044,51,27,501,9624504,250,200,120,8,0.4209,2024
KSRTC-010,CHENGANUR,Alappuzha,2024-02,47,40,356505,505947,87367.96961156721,234.14615855900016,51,27,446,8556120,250,200,120,8,0.4324,2024
KSRTC-010,CHENGANUR,Alappuzha,2024-03,49,43,387886,544765,95058.44871951967,254.75664256831274,51,27,485,9309264,250,200,120,8,0.4202,2024
KSRTC-010,CHENGANUR,Alappuzha,2024-04,48,46,333080,452174,81627.25156230855,218.7610341869869,51,27,416,7993920,250,200,120,8,0.442,2024
KSRTC-010,CHENGANUR,Alappuzha,2024-05,49,46,336063,456225,82358.28942531552,220.72021565984562,51,27,420,8065512,250,200,120,8,0.4431,2024
KSRTC-010,CHENGANUR,Alappuzha,2024-06,47,44,325278,441583,79715.23097659601,213.6368190172773,51,27,407,7806672,250,200,120,8,0.4392,2024
KSRTC-010,CHENGANUR,Alappuzha,2024-07,47,44,326711,443528,80066.41342972676,214.57798799166773,51,27,408,7841064,250,200,120,8,0.4397,2024
KSRTC-010,CHENGANUR,Alappuzha,2024-08,49,47,337302,457907,82661.92868521015,221.53396887636322,51,27,422,8095248,250,200,120,8,0.4435,2024
KSRTC-010,CHENGANUR,Alappuzha,2024-09,48,45,331183,449599,81162.35755422131,217.51511824531312,51,27,414,7948392,250,200,120,8,0.4413,2024
KSRTC-010,CHENGANUR,Alappuzha,2024-10,47,44,326282,442946,79961.27925499326,214.29622840338195,51,27,408,7830768,250,200,120,8,0.4396,2024
KSRTC-010,CHENGANUR,Alappuzha,2024-11,47,44,325479,441856,79764.48964587673,213.76883225094966,51,27,407,7811496,250,200,120,8,0.4393,2024
KSRTC-010,CHENGANUR,Alappuzha,2024-12,49,46,335862,455952,82309.0307560348,220.5882024261733,51,27,420,8060688,250,200,120,8,0.443,2024
KSRTC-010,CHENGANUR,Alappuzha,2025-01,49,46,336243,456469,82402.40166646245,220.83843646611936,51,27,420,8069832,250,200,120,8,0.4431,2025
KSRTC-010,CHENGANUR,Alappuzha,2025-02,48,46,333211,452353,81659.35547114325,218.84707266266395,51,27,417,7997064,250,200,120,8,0.442,2025
KSRTC-010,CHENGANUR,Alappuzha,2025-03,46,43,320363,434911,78510.72172527877,210.4087342237471,51,27,400,7688712,250,200,120,8,0.4375,2025
KSRTC-010,CHENGANUR,Alappuzha,2025-04,47,44,327417,444487,80239.43144222522,215.0416762651636,51,27,409,7858008,250,200,120,8,0.44,2025
KSRTC-010,CHENGANUR,Alappuzha,2025-05,47,43,322135,437316,78944.98223256954,211.5725523832864,51,27,403,7731240,250,200,120,8,0.4381,2025
KSRTC-010,CHENGANUR,Alappuzha,2025-06,48,45,331079,449458,81136.87048155864,217.44681289057715,51,27,414,7945896,250,200,120,8,0.4413,2025
KSRTC-010,CHENGANUR,Alappuzha,2025-07,48,46,335551,455529,82232.81460605319,220.38394314422254,51,27,419,8053224,250,200,120,8,0.4429,2025
KSRTC-010,CHENGANUR,Alappuzha,2025-08,49,47,339351,460689,83164.0730302659,222.87971572111266,51,27,424,8144424,250,200,120,8,0.4442,2025
KSRTC-010,CHENGANUR,Alappuzha,2025-09,47,43,323755,439516,79341.9924028918,212.63653963975005,51,27,405,7770120,250,200,120,8,0.4387,2025
KSRTC-010,CHENGANUR,Alappuzha,2025-10,48,45,331529,450069,81247.15108442593,217.7423649062615,51,27,414,7956696,250,200,120,8,0.4414,2025
KSRTC-010,CHENGANUR,Alappuzha,2025-11,46,42,318930,432965,78159.53927214803,209.46756524935674,51,27,399,7654320,250,200,120,8,0.437,2025
KSRTC-010,CHENGANUR,Alappuzha,2025-12,48,46,334956,454721,82086.99914226198,219.99315770126213,51,27,419,8038944,250,200,120,8,0.4427,2025
KSRTC-010,CHENGANUR,Alappuzha,2026-01,49,48,342107,464429,83839.4804558265,224.68980762161505,51,27,428,8210568,250,200,120,8,0.4452,2026
KSRTC-010,CHENGANUR,Alappuzha,2026-02,47,44,326690,443500,80061.26700159295,214.5641955642691,51,27,408,7840560,250,200,120,8,0.4397,2026
KSRTC-010,CHENGANUR,Alappuzha,2026-03,48,46,333564,452832,81745.86447739248,219.07891679941184,51,27,417,8005536,250,200,120,8,0.4422,2026
KSRTC-011,CHERTHALA,Alappuzha,2021-04,45,39,248918,366735,61001.83801004779,163.48492586692808,51,27,311,5974032,250,200,120,8,0.5186,2021
KSRTC-011,CHERTHALA,Alappuzha,2021-05,45,39,251788,364413,61705.18318833477,165.3698909447372,51,27,315,6042912,250,200,120,8,0.5108,2021
KSRTC-011,CHERTHALA,Alappuzha,2021-06,44,37,235958,343553,57825.75664746967,154.97302781521873,51,27,295,5662992,250,200,120,8,0.5176,2021
KSRTC-011,CHERTHALA,Alappuzha,2021-07,44,36,228345,330298,55960.053914961405,149.9729444920966,51,27,285,5480280,250,200,120,8,0.5174,2021
KSRTC-011,CHERTHALA,Alappuzha,2021-08,44,37,231368,333738,56700.89449822326,151.95839725523834,51,27,289,5552832,250,200,120,8,0.5153,2021
KSRTC-011,CHERTHALA,Alappuzha,2021-09,43,36,226743,322346,55567.45496875383,148.92077931626028,51,27,283,5441832,250,200,120,8,0.5111,2021
KSRTC-011,CHERTHALA,Alappuzha,2021-10,44,36,229859,344132,56331.086876608264,150.96731282931017,51,27,287,5516616,250,200,120,8,0.5308,2021
KSRTC-011,CHERTHALA,Alappuzha,2021-11,45,38,243236,360075,59609.3615978434,159.75308908222033,51,27,304,5837664,250,200,120,8,0.5221,2021
KSRTC-011,CHERTHALA,Alappuzha,2021-12,44,37,235856,341109,57800.75971081976,154.90603602499695,51,27,295,5660544,250,200,120,8,0.515,2021
KSRTC-011,CHERTHALA,Alappuzha,2022-01,46,39,253918,362992,62227.178041906634,166.7688371523098,51,27,317,6094032,250,200,120,8,0.5053,2022
KSRTC-011,CHERTHALA,Alappuzha,2022-02,44,37,231360,337787,56698.93395417229,151.95314299718174,51,27,289,5552640,250,200,120,8,0.5201,2022
KSRTC-011,CHERTHALA,Alappuzha,2022-03,43,36,223204,319422,54700.159294204146,146.59642690846712,51,27,279,5356896,250,200,120,8,0.5148,2022
KSRTC-011,CHERTHALA,Alappuzha,2022-04,47,43,343560,553734,84195.56426908467,225.64411224114693,51,27,429,8245440,250,200,120,8,0.4967,2022
KSRTC-011,CHERTHALA,Alappuzha,2022-05,47,43,340992,541877,83566.22962872198,223.9574954049749,51,27,426,8183808,250,200,120,8,0.4912,2022
KSRTC-011,CHERTHALA,Alappuzha,2022-06,46,41,321260,516855,78730.54772699425,210.9978679083446,51,27,402,7710240,250,200,120,8,0.5021,2022
KSRTC-011,CHERTHALA,Alappuzha,2022-07,46,41,322116,518072,78940.32594044849,211.56007352040197,51,27,403,7730784,250,200,120,8,0.5017,2022
KSRTC-011,CHERTHALA,Alappuzha,2022-08,49,46,373956,613618,91644.65139076095,245.60766572723935,51,27,467,8974944,250,200,120,8,0.4976,2022
KSRTC-011,CHERTHALA,Alappuzha,2022-09,49,46,370086,590347,90696.23820610219,243.0659183923539,51,27,463,8882064,250,200,120,8,0.4859,2022
KSRTC-011,CHERTHALA,Alappuzha,2022-10,47,43,344194,536091,84350.93738512437,226.06051219213333,51,27,430,8260656,250,200,120,8,0.4817,2022
KSRTC-011,CHERTHALA,Alappuzha,2022-11,47,43,340777,541572,83513.54000735204,223.8162872197035,51,27,426,8178648,250,200,120,8,0.4913,2022
KSRTC-011,CHERTHALA,Alappuzha,2022-12,46,41,326345,542505,79976.71853939469,214.33760568557776,51,27,408,7832280,250,200,120,8,0.5152,2022
KSRTC-011,CHERTHALA,Alappuzha,2023-01,46,42,329121,532962,80657.02732508272,216.1608332312217,51,27,411,7898904,250,200,120,8,0.5027,2023
KSRTC-011,CHERTHALA,Alappuzha,2023-02,47,43,341481,562233,83686.06788383776,224.2786619286852,51,27,427,8195544,250,200,120,8,0.5068,2023
KSRTC-011,CHERTHALA,Alappuzha,2023-03,47,43,341352,545423,83654.45411101582,224.19393701752242,51,27,427,8192448,250,200,120,8,0.4935,2023
KSRTC-011,CHERTHALA,Alappuzha,2023-04,50,44,407438,605763,99850.01838010049,267.59804925866933,51,27,509,9778512,250,200,120,8,0.4383,2023
KSRTC-011,CHERTHALA,Alappuzha,2023-05,50,44,403637,579158,98918.51488788139,265.1016198995222,51,27,505,9687288,250,200,120,8,0.4249,2023
KSRTC-011,CHERTHALA,Alappuzha,2023-06,49,43,398454,585743,97648.32741085652,261.6975174610955,51,27,498,9562896,250,200,120,8,0.4357,2023
KSRTC-011,CHERTHALA,Alappuzha,2023-07,47,40,355748,541358,87182.45313074379,233.64897439039336,51,27,445,8537952,250,200,120,8,0.4607,2023
KSRTC-011,CHERTHALA,Alappuzha,2023-08,49,42,387856,560455,95051.09667932852,254.73693910060047,51,27,485,9308544,250,200,120,8,0.4313,2023
KSRTC-011,CHERTHALA,Alappuzha,2023-09,48,41,367628,533668,90093.86104644039,241.45154760446027,51,27,460,8823072,250,200,120,8,0.4382,2023
KSRTC-011,CHERTHALA,Alappuzha,2023-10,49,43,393903,583549,96533.0229138586,258.70850140914104,51,27,492,9453672,250,200,120,8,0.4398,2023
KSRTC-011,CHERTHALA,Alappuzha,2023-11,48,41,369511,527548,90555.32410243843,242.688268594535,51,27,462,8868264,250,200,120,8,0.4312,2023
KSRTC-011,CHERTHALA,Alappuzha,2023-12,49,43,393881,560932,96527.63141771842,258.6940521994854,51,27,492,9453144,250,200,120,8,0.4241,2023
KSRTC-011,CHERTHALA,Alappuzha,2024-01,48,42,382001,569690,93616.22350202182,250.8914789854185,51,27,478,9168024,250,200,120,8,0.4454,2024
KSRTC-011,CHERTHALA,Alappuzha,2024-02,49,43,390489,569999,95696.36074010539,256.46624678348246,51,27,488,9371736,250,200,120,8,0.4347,2024
KSRTC-011,CHERTHALA,Alappuzha,2024-03,50,45,416122,627613,101978.18894743292,273.3015463791203,51,27,520,9986928,250,200,120,8,0.4424,2024
KSRTC-011,CHERTHALA,Alappuzha,2024-04,47,44,324039,439901,79411.59171670138,212.8230658007597,51,27,405,7776936,250,200,120,8,0.4388,2024
KSRTC-011,CHERTHALA,Alappuzha,2024-05,48,45,331342,449816,81201.3233672344,217.61954662418822,51,27,414,7952208,250,200,120,8,0.4414,2024
KSRTC-011,CHERTHALA,Alappuzha,2024-06,49,47,339448,460820,83187.84462688396,222.94342360004902,51,27,424,8146752,250,200,120,8,0.4443,2024
KSRTC-011,CHERTHALA,Alappuzha,2024-07,47,43,322772,438181,79101.09055262836,211.99092268104403,51,27,403,7746528,250,200,120,8,0.4383,2024
KSRTC-011,CHERTHALA,Alappuzha,2024-08,47,44,324966,441160,79638.76975860802,213.4319029530695,51,27,406,7799184,250,200,120,8,0.4391,2024
KSRTC-011,CHERTHALA,Alappuzha,2024-09,49,47,339351,460689,83164.0730302659,222.87971572111266,51,27,424,8144424,250,200,120,8,0.4442,2024
KSRTC-011,CHERTHALA,Alappuzha,2024-10,48,46,333959,453368,81842.66633990932,219.33834579095702,51,27,417,8015016,250,200,120,8,0.4423,2024
KSRTC-011,CHERTHALA,Alappuzha,2024-11,49,46,336077,456244,82361.72037740474,220.7294106114447,51,27,420,8065848,250,200,120,8,0.4431,2024
KSRTC-011,CHERTHALA,Alappuzha,2024-12,47,44,326053,442636,79905.15868153413,214.14582526651148,51,27,408,7825272,250,200,120,8,0.4395,2024
KSRTC-011,CHERTHALA,Alappuzha,2025-01,47,44,326642,443434,80049.5037372871,214.53267001592945,51,27,408,7839408,250,200,120,8,0.4397,2025
KSRTC-011,CHERTHALA,Alappuzha,2025-02,48,46,333578,452851,81749.29542948169,219.08811175101093,51,27,417,8005872,250,200,120,8,0.4422,2025
KSRTC-011,CHERTHALA,Alappuzha,2025-03,48,45,328836,446414,80587.18294326676,215.9736502879549,51,27,411,7892064,250,200,120,8,0.4405,2025
KSRTC-011,CHERTHALA,Alappuzha,2025-04,47,43,323215,438783,79209.65567945105,212.28187722092883,51,27,404,7757160,250,200,120,8,0.4385,2025
KSRTC-011,CHERTHALA,Alappuzha,2025-05,47,44,326462,443190,80005.39149614019,214.41444920965571,51,27,408,7835088,250,200,120,8,0.4397,2025
KSRTC-011,CHERTHALA,Alappuzha,2025-06,47,44,324987,441188,79643.91618674183,213.44569538046812,51,27,406,7799688,250,200,120,8,0.4391,2025
KSRTC-011,CHERTHALA,Alappuzha,2025-07,49,47,340667,462474,83486.58252665115,223.7440411714251,51,27,426,8176008,250,200,120,8,0.4447,2025
KSRTC-011,CHERTHALA,Alappuzha,2025-08,49,46,336340,456601,82426.1732630805,220.90214434505577,51,27,420,8072160,250,200,120,8,0.4432,2025
KSRTC-011,CHERTHALA,Alappuzha,2025-09,48,45,331965,450661,81354.00073520403,218.02872197034682,51,27,415,7967160,250,200,120,8,0.4416,2025
KSRTC-011,CHERTHALA,Alappuzha,2025-10,48,45,330380,448509,80965.56794510478,216.9877220928808,51,27,413,7929120,250,200,120,8,0.441,2025
KSRTC-011,CHERTHALA,Alappuzha,2025-11,46,42,319407,433614,78276.43671118736,209.78085038598215,51,27,399,7665768,250,200,120,8,0.4372,2025
KSRTC-011,CHERTHALA,Alappuzha,2025-12,50,49,347818,472182,85239.06384021566,228.44069109177798,51,27,435,8347632,250,200,120,8,0.4472,2025
KSRTC-011,CHERTHALA,Alappuzha,2026-01,48,45,331411,449910,81218.23305967406,217.66486459992652,51,27,414,7953864,250,200,120,8,0.4414,2026
KSRTC-011,CHERTHALA,Alappuzha,2026-02,48,46,334118,453584,81881.63215292244,219.44277416983215,51,27,418,8018832,250,200,120,8,0.4424,2026
KSRTC-011,CHERTHALA,Alappuzha,2026-03,46,43,320300,434826,78495.28244087734,210.3673569415513,51,27,400,7687200,250,200,120,8,0.4375,2026
KSRTC-012,CHERUTHONI,Idukki,2021-04,29,22,160031,126799,39218.478127680435,105.10552138218358,51,27,200,3840744,250,200,120,8,0.3039,2021
KSRTC-012,CHERUTHONI,Idukki,2021-05,30,22,163349,138591,40031.61377282196,107.28472491116287,51,27,204,3920376,250,200,120,8,0.3172,2021
KSRTC-012,CHERUTHONI,Idukki,2021-06,29,21,156119,128661,38259.77208675408,102.53618919250094,51,27,195,3746856,250,200,120,8,0.315,2021
KSRTC-012,CHERUTHONI,Idukki,2021-07,30,22,161667,134457,39619.40938610465,106.18001715476046,51,27,202,3880008,250,200,120,8,0.3136,2021
KSRTC-012,CHERUTHONI,Idukki,2021-08,29,21,158672,131349,38885.4307070212,104.21295429481683,51,27,198,3808128,250,200,120,8,0.3144,2021
KSRTC-012,CHERUTHONI,Idukki,2021-09,29,21,153518,123072,37622.35020218111,100.82789854184537,51,27,192,3684432,250,200,120,8,0.3106,2021
KSRTC-012,CHERUTHONI,Idukki,2021-10,30,22,163236,130171,40003.92108810195,107.21050851611325,51,27,204,3917664,250,200,120,8,0.3033,2021
KSRTC-012,CHERUTHONI,Idukki,2021-11,28,20,144582,114819,35432.42249724299,94.95889229261121,51,27,181,3469968,250,200,120,8,0.3146,2021
KSRTC-012,CHERUTHONI,Idukki,2021-12,30,22,162871,135951,39914.47126577626,106.97078299228038,51,27,204,3908904,250,200,120,8,0.3137,2021
KSRTC-012,CHERUTHONI,Idukki,2022-01,29,21,154984,125341,37981.61989952212,101.79074133071929,51,27,194,3719616,250,200,120,8,0.3116,2022
KSRTC-012,CHERUTHONI,Idukki,2022-02,28,20,148977,122581,36509.49638524691,97.84545031246172,51,27,186,3575448,250,200,120,8,0.3194,2022
KSRTC-012,CHERUTHONI,Idukki,2022-03,29,21,153032,123154,37503.247151084426,100.50870236490626,51,27,191,3672768,250,200,120,8,0.3117,2022
KSRTC-012,CHERUTHONI,Idukki,2022-04,31,29,235243,235573,57650.53302291386,154.50342850140916,51,27,294,5645832,250,200,120,8,0.2791,2022
KSRTC-012,CHERUTHONI,Idukki,2022-05,31,29,228807,217464,56073.27533390516,150.27637789486585,51,27,286,5491368,250,200,120,8,0.2687,2022
KSRTC-012,CHERUTHONI,Idukki,2022-06,31,28,226436,215236,55492.2190907977,148.71914716333785,51,27,283,5434464,250,200,120,8,0.2702,2022
KSRTC-012,CHERUTHONI,Idukki,2022-07,30,28,220699,220725,54086.26393824287,144.95118735449088,51,27,276,5296776,250,200,120,8,0.2871,2022
KSRTC-012,CHERUTHONI,Idukki,2022-08,32,30,239820,235577,58772.20928807744,157.50952089204756,51,27,300,5755680,250,200,120,8,0.2714,2022
KSRTC-012,CHERUTHONI,Idukki,2022-09,29,26,201305,188567,49333.41502266879,132.21355226075235,51,27,252,4831320,250,200,120,8,0.2822,2022
KSRTC-012,CHERUTHONI,Idukki,2022-10,31,28,221903,219426,54381.325817914476,145.7419531920108,51,27,277,5325672,250,200,120,8,0.2833,2022
KSRTC-012,CHERUTHONI,Idukki,2022-11,30,27,211889,209744,51927.214802107585,139.16493566964834,51,27,265,5085336,250,200,120,8,0.2898,2022
KSRTC-012,CHERUTHONI,Idukki,2022-12,32,30,243032,232844,59559.36772454356,159.61910550177677,51,27,304,5832768,250,200,120,8,0.263,2022
KSRTC-012,CHERUTHONI,Idukki,2023-01,30,28,221439,218887,54267.61426295798,145.4372062247274,51,27,277,5314536,250,200,120,8,0.2835,2023
KSRTC-012,CHERUTHONI,Idukki,2023-02,31,28,221957,212622,54394.55949025855,145.77741943389293,51,27,277,5326968,250,200,120,8,0.2748,2023
KSRTC-012,CHERUTHONI,Idukki,2023-03,31,29,227469,226766,55745.374341379735,149.3976032348977,51,27,284,5459256,250,200,120,8,0.2822,2023
KSRTC-012,CHERUTHONI,Idukki,2023-04,31,27,258654,255316,63387.82012008333,169.87935792182333,51,27,323,6207696,250,200,120,8,0.2385,2023
KSRTC-012,CHERUTHONI,Idukki,2023-05,31,27,261438,250587,64070.08944982233,171.70783972552383,51,27,327,6274512,250,200,120,8,0.229,2023
KSRTC-012,CHERUTHONI,Idukki,2023-06,32,28,270086,252673,66189.43756892538,177.38769268472004,51,27,338,6482064,250,200,120,8,0.2179,2023
KSRTC-012,CHERUTHONI,Idukki,2023-07,32,29,284551,273362,69734.346281093,186.88804803332928,51,27,356,6829224,250,200,120,8,0.2173,2023
KSRTC-012,CHERUTHONI,Idukki,2023-08,31,28,265649,260311,65102.07082465384,174.4735498100723,51,27,332,6375576,250,200,120,8,0.2325,2023
KSRTC-012,CHERUTHONI,Idukki,2023-09,30,27,250144,231322,61302.29138585958,164.2901409141037,51,27,313,6003456,250,200,120,8,0.2264,2023
KSRTC-012,CHERUTHONI,Idukki,2023-10,31,27,254834,241114,62451.660335743174,167.37044969979172,51,27,319,6116016,250,200,120,8,0.2295,2023
KSRTC-012,CHERUTHONI,Idukki,2023-11,31,28,263781,250045,64644.28378875138,173.2466805538537,51,27,330,6330744,250,200,120,8,0.2248,2023
KSRTC-012,CHERUTHONI,Idukki,2023-12,31,27,253700,248026,62173.75321651759,166.62565862026716,51,27,317,6088800,250,200,120,8,0.2388,2023
KSRTC-012,CHERUTHONI,Idukki,2024-01,30,26,248070,230709,60794.02034064453,162.92797451292736,51,27,310,5953680,250,200,120,8,0.2292,2024
KSRTC-012,CHERUTHONI,Idukki,2024-02,30,26,237128,220467,58112.48621492465,155.74146305599805,51,27,296,5691072,250,200,120,8,0.236,2024
KSRTC-012,CHERUTHONI,Idukki,2024-03,30,26,237679,228444,58247.51868643549,156.10335007964713,51,27,297,5704296,250,200,120,8,0.2442,2024
KSRTC-012,CHERUTHONI,Idukki,2024-04,31,28,217016,294611,53183.678470775645,142.53225830167872,51,27,271,5208384,250,200,120,8,0.4008,2024
KSRTC-012,CHERUTHONI,Idukki,2024-05,32,28,218068,296040,53441.490013478746,143.22319323612305,51,27,273,5233632,250,200,120,8,0.4012,2024
KSRTC-012,CHERUTHONI,Idukki,2024-06,32,29,223440,303332,54757.99534370788,146.75142752113715,51,27,279,5362560,250,200,120,8,0.4031,2024
KSRTC-012,CHERUTHONI,Idukki,2024-07,32,28,218442,296547,53533.14544786178,143.4688298002696,51,27,273,5242608,250,200,120,8,0.4013,2024
KSRTC-012,CHERUTHONI,Idukki,2024-08,31,27,215901,293098,52910.42764367112,141.7999460850386,51,27,270,5181624,250,200,120,8,0.4004,2024
KSRTC-012,CHERUTHONI,Idukki,2024-09,31,28,217445,295194,53288.81264550913,142.81401788996448,51,27,272,5218680,250,200,120,8,0.401,2024
KSRTC-012,CHERUTHONI,Idukki,2024-10,33,29,225330,305898,55221.17387575052,147.9927459870114,51,27,282,5407920,250,200,120,8,0.4038,2024
KSRTC-012,CHERUTHONI,Idukki,2024-11,31,26,211969,287760,51946.82024261733,139.21747825021444,51,27,265,5087256,250,200,120,8,0.3991,2024
KSRTC-012,CHERUTHONI,Idukki,2024-12,32,28,218331,296397,53505.94289915452,143.39592696973415,51,27,273,5239944,250,200,120,8,0.4013,2024
KSRTC-012,CHERUTHONI,Idukki,2025-01,31,27,216268,293596,53000.36760200956,142.04098517338562,51,27,270,5190432,250,200,120,8,0.4006,2025
KSRTC-012,CHERUTHONI,Idukki,2025-02,32,28,219598,298117,53816.44406322755,144.22807008944986,51,27,275,5270352,250,200,120,8,0.4018,2025
KSRTC-012,CHERUTHONI,Idukki,2025-03,32,28,220858,299827,54125.229751255974,145.055615733366,51,27,276,5300592,250,200,120,8,0.4022,2025
KSRTC-012,CHERUTHONI,Idukki,2025-04,31,27,215756,292901,52874.892782747214,141.70471265776254,51,27,270,5178144,250,200,120,8,0.4004,2025
KSRTC-012,CHERUTHONI,Idukki,2025-05,32,29,223267,303097,54715.59857860557,146.63780419066293,51,27,279,5358408,250,200,120,8,0.4031,2025
KSRTC-012,CHERUTHONI,Idukki,2025-06,31,26,211948,287732,51941.673814483525,139.20368582281586,51,27,265,5086752,250,200,120,8,0.399,2025
KSRTC-012,CHERUTHONI,Idukki,2025-07,31,28,217660,295485,53341.50226687906,142.9552260752359,51,27,272,5223840,250,200,120,8,0.4011,2025
KSRTC-012,CHERUTHONI,Idukki,2025-08,30,25,205801,279387,50435.240779316264,135.1664452885676,51,27,257,4939224,250,200,120,8,0.3969,2025
KSRTC-012,CHERUTHONI,Idukki,2025-09,32,29,223128,302909,54681.53412571989,146.54651145692932,51,27,279,5355072,250,200,120,8,0.403,2025
KSRTC-012,CHERUTHONI,Idukki,2025-10,32,28,220768,299705,54103.17363068252,144.99650533022916,51,27,276,5298432,250,200,120,8,0.4022,2025
KSRTC-012,CHERUTHONI,Idukki,2025-11,32,28,218352,296425,53511.089327288326,143.40971939713273,51,27,273,5240448,250,200,120,8,0.4013,2025
KSRTC-012,CHERUTHONI,Idukki,2025-12,33,29,225807,306546,55338.07131478986,148.3060311236368,51,27,282,5419368,250,200,120,8,0.404,2025
KSRTC-012,CHERUTHONI,Idukki,2026-01,32,29,223710,303699,54824.16370542826,146.92875873054777,51,27,280,5369040,250,200,120,8,0.4032,2026
KSRTC-012,CHERUTHONI,Idukki,2026-02,32,28,219079,297412,53689.2537679206,143.88720009802722,51,27,274,5257896,250,200,120,8,0.4016,2026
KSRTC-012,CHERUTHONI,Idukki,2026-03,31,28,217390,295119,53275.33390515868,142.7778948658253,51,27,272,5217360,250,200,120,8,0.401,2026
KSRTC-013,CHITTOOR,Palakkad,2021-04,48,35,208368,193795,51064.330351672594,136.85240534248254,51,27,260,5000832,250,200,120,8,0.4163,2021
KSRTC-013,CHITTOOR,Palakkad,2021-05,50,37,226087,196805,55406.69035657395,148.4899301556182,51,27,283,5426088,250,200,120,8,0.3957,2021
KSRTC-013,CHITTOOR,Palakkad,2021-06,51,38,234164,205542,57386.10464403872,153.7947604460238,51,27,293,5619936,250,200,120,8,0.396,2021
KSRTC-013,CHITTOOR,Palakkad,2021-07,49,37,222085,204542,54425.928195074135,145.8614875627987,51,27,278,5330040,250,200,120,8,0.4104,2021
KSRTC-013,CHITTOOR,Palakkad,2021-08,48,35,209138,192482,51253.032716578855,137.35812768043135,51,27,261,5019312,250,200,120,8,0.4134,2021
KSRTC-013,CHITTOOR,Palakkad,2021-09,49,36,218254,201389,53487.07266266389,143.34535473593925,51,27,273,5238096,250,200,120,8,0.4118,2021
KSRTC-013,CHITTOOR,Palakkad,2021-10,49,36,218329,183900,53505.45276314177,143.39461340521996,51,27,273,5239896,250,200,120,8,0.3898,2021
KSRTC-013,CHITTOOR,Palakkad,2021-11,51,39,236566,207254,57974.75799534371,155.37235142752115,51,27,296,5677584,250,200,120,8,0.395,2021
KSRTC-013,CHITTOOR,Palakkad,2021-12,49,37,223689,204262,54819.01727729445,146.91496630314913,51,27,280,5368536,250,200,120,8,0.4079,2021
KSRTC-013,CHITTOOR,Palakkad,2022-01,49,36,215005,196844,52690.84670996202,141.2114691826982,51,27,269,5160120,250,200,120,8,0.4106,2022
KSRTC-013,CHITTOOR,Palakkad,2022-02,48,35,210935,189278,51693.41992402892,138.53836539639752,51,27,264,5062440,250,200,120,8,0.4067,2022
KSRTC-013,CHITTOOR,Palakkad,2022-03,50,37,227388,202362,55725.523832863626,149.34440387207454,51,27,284,5457312,250,200,120,8,0.4007,2022
KSRTC-013,CHITTOOR,Palakkad,2022-04,49,44,447326,449717,109625.29101825757,293.79577992893036,51,27,559,10735824,250,200,120,8,0.2676,2022
KSRTC-013,CHITTOOR,Palakkad,2022-05,47,42,416386,385514,102042.88690111507,273.4749368949884,51,27,521,9993264,250,200,120,8,0.2533,2022
KSRTC-013,CHITTOOR,Palakkad,2022-06,49,44,449660,422937,110197.27974512927,295.3287097169465,51,27,562,10791840,250,200,120,8,0.2494,2022
KSRTC-013,CHITTOOR,Palakkad,2022-07,47,42,412762,386142,101154.76044602378,271.09475799534374,51,27,516,9906288,250,200,120,8,0.2569,2022
KSRTC-013,CHITTOOR,Palakkad,2022-08,48,44,439674,408648,107750.0306335008,288.77008209778216,51,27,550,10552176,250,200,120,8,0.2486,2022
KSRTC-013,CHITTOOR,Palakkad,2022-09,48,43,428851,394343,105097.65960053916,281.661727729445,51,27,536,10292424,250,200,120,8,0.2484,2022
KSRTC-013,CHITTOOR,Palakkad,2022-10,46,40,396355,352269,97133.92966548218,260.31893150349225,51,27,495,9512520,250,200,120,8,0.2486,2022
KSRTC-013,CHITTOOR,Palakkad,2022-11,46,41,400385,376280,98121.5537311604,262.9657639995099,51,27,501,9609240,250,200,120,8,0.2615,2022
KSRTC-013,CHITTOOR,Palakkad,2022-12,48,43,433351,401923,106200.4656292121,284.61724788628845,51,27,542,10400424,250,200,120,8,0.2495,2022
KSRTC-013,CHITTOOR,Palakkad,2023-01,47,41,403001,363818,98762.65163582895,264.6839063840216,51,27,504,9672024,250,200,120,8,0.2506,2023
KSRTC-013,CHITTOOR,Palakkad,2023-02,46,40,390981,342510,95816.93419924029,256.789383653964,51,27,489,9383544,250,200,120,8,0.2467,2023
KSRTC-013,CHITTOOR,Palakkad,2023-03,47,42,415751,388697,101887.26871706899,273.0578801617449,51,27,520,9978024,250,200,120,8,0.256,2023
KSRTC-013,CHITTOOR,Palakkad,2023-04,48,41,498374,459398,122135.5226075236,327.3232005881633,51,27,623,11960976,250,200,120,8,0.1944,2023
KSRTC-013,CHITTOOR,Palakkad,2023-05,46,39,465501,408694,114079.40203406446,305.7327974512928,51,27,582,11172024,250,200,120,8,0.1907,2023
KSRTC-013,CHITTOOR,Palakkad,2023-06,48,41,499336,456813,122371.27802965323,327.9550251194707,51,27,624,11984064,250,200,120,8,0.1922,2023
KSRTC-013,CHITTOOR,Palakkad,2023-07,46,38,453592,422527,111160.88714618307,297.91117755177066,51,27,567,10886208,250,200,120,8,0.2087,2023
KSRTC-013,CHITTOOR,Palakkad,2023-08,46,39,457602,438797,112143.60985173387,300.54487440264677,51,27,572,10982448,250,200,120,8,0.2151,2023
KSRTC-013,CHITTOOR,Palakkad,2023-09,45,38,448279,408049,109858.84082832986,294.42169341992405,51,27,560,10758696,250,200,120,8,0.2045,2023
KSRTC-013,CHITTOOR,Palakkad,2023-10,47,41,494931,468143,121291.7534615856,325.0618992770494,51,27,619,11878344,250,200,120,8,0.2018,2023
KSRTC-013,CHITTOOR,Palakkad,2023-11,47,40,480426,432777,117737.0420291631,315.53527263815715,51,27,601,11530224,250,200,120,8,0.193,2023
KSRTC-013,CHITTOOR,Palakkad,2023-12,45,38,446418,430167,109402.76926847201,293.19942163950503,51,27,558,10714032,250,200,120,8,0.2196,2023
KSRTC-013,CHITTOOR,Palakkad,2024-01,45,38,443897,415144,108784.95282440879,291.5436735694156,51,27,555,10653528,250,200,120,8,0.2126,2024
KSRTC-013,CHITTOOR,Palakkad,2024-02,46,39,459732,417931,112665.60470530573,301.9438206102194,51,27,575,11033568,250,200,120,8,0.2009,2024
KSRTC-013,CHITTOOR,Palakkad,2024-03,46,39,461106,430627,113002.32814606054,302.8462394314422,51,27,576,11066544,250,200,120,8,0.2073,2024
KSRTC-013,CHITTOOR,Palakkad,2024-04,49,43,337323,457935,82667.07511334396,221.54776130376183,51,27,422,8095752,250,200,120,8,0.4435,2024
KSRTC-013,CHITTOOR,Palakkad,2024-05,48,42,331681,450276,81284.40142139445,217.84219580933714,51,27,415,7960344,250,200,120,8,0.4415,2024
KSRTC-013,CHITTOOR,Palakkad,2024-06,48,42,330484,448650,80991.05501776743,217.05602744761674,51,27,413,7931616,250,200,120,8,0.4411,2024
KSRTC-013,CHITTOOR,Palakkad,2024-07,47,40,322253,437476,78973.90025732141,211.6500526896214,51,27,403,7734072,250,200,120,8,0.4382,2024
KSRTC-013,CHITTOOR,Palakkad,2024-08,47,41,324392,440380,79498.10072295062,213.0549099375077,51,27,406,7785408,250,200,120,8,0.4389,2024
KSRTC-013,CHITTOOR,Palakkad,2024-09,46,39,317358,430832,77774.2923661316,208.4351035412327,51,27,397,7616592,250,200,120,8,0.4364,2024
KSRTC-013,CHITTOOR,Palakkad,2024-10,46,39,317061,430428,77701.50716823919,208.240039210881,51,27,396,7609464,250,200,120,8,0.4363,2024
KSRTC-013,CHITTOOR,Palakkad,2024-11,48,42,331252,449693,81179.26724666095,217.56043622105136,51,27,414,7950048,250,200,120,8,0.4414,2024
KSRTC-013,CHITTOOR,Palakkad,2024-12,47,41,326379,443077,79985.05085161133,214.3599362823184,51,27,408,7833096,250,200,120,8,0.4396,2024
KSRTC-013,CHITTOOR,Palakkad,2025-01,49,43,336285,456526,82412.69452273006,220.86602132091656,51,27,420,8070840,250,200,120,8,0.4431,2025
KSRTC-013,CHITTOOR,Palakkad,2025-02,47,41,326981,443895,80132.58179144713,214.75531920107832,51,27,409,7847544,250,200,120,8,0.4398,2025
KSRTC-013,CHITTOOR,Palakkad,2025-03,48,42,332484,451366,81481.19103051098,218.36959196176946,51,27,416,7979616,250,200,120,8,0.4418,2025
KSRTC-013,CHITTOOR,Palakkad,2025-04,47,41,325451,441818,79757.62774169832,213.75044234775152,51,27,407,7810824,250,200,120,8,0.4393,2025
KSRTC-013,CHITTOOR,Palakkad,2025-05,47,41,324980,441179,79642.20071069722,213.44109790466854,51,27,406,7799520,250,200,120,8,0.4391,2025
KSRTC-013,CHITTOOR,Palakkad,2025-06,48,42,329106,446780,80653.35130498714,216.15098149736554,51,27,411,7898544,250,200,120,8,0.4406,2025
KSRTC-013,CHITTOOR,Palakkad,2025-07,46,40,320730,435409,78600.6616836172,210.64977331209414,51,27,401,7697520,250,200,120,8,0.4376,2025
KSRTC-013,CHITTOOR,Palakkad,2025-08,47,42,328455,445897,80493.81203283912,215.72341624800887,51,27,411,7882920,250,200,120,8,0.4404,2025
KSRTC-013,CHITTOOR,Palakkad,2025-09,47,41,328192,445540,80429.35914716334,215.55068251439778,51,27,410,7876608,250,200,120,8,0.4403,2025
KSRTC-013,CHITTOOR,Palakkad,2025-10,47,41,325139,441395,79681.16652371033,213.5455262835437,51,27,406,7803336,250,200,120,8,0.4392,2025
KSRTC-013,CHITTOOR,Palakkad,2025-11,47,41,326316,442993,79969.61156720991,214.31855900012258,51,27,408,7831584,250,200,120,8,0.4396,2025
KSRTC-013,CHITTOOR,Palakkad,2025-12,47,41,327991,445267,80380.10047788262,215.41866928072542,51,27,410,7871784,250,200,120,8,0.4402,2025
KSRTC-013,CHITTOOR,Palakkad,2026-01,47,40,323554,439243,79292.73373361108,212.5045264060777,51,27,404,7765296,250,200,120,8,0.4386,2026
KSRTC-013,CHITTOOR,Palakkad,2026-02,49,43,336236,456460,82400.68619041785,220.83383899031983,51,27,420,8069664,250,200,120,8,0.4431,2026
KSRTC-013,CHITTOOR,Palakkad,2026-03,49,43,337780,458555,82779.07119225585,221.8479107952457,51,27,422,8106720,250,200,120,8,0.4437,2026
KSRTC-014,EDATHUVA,Alappuzha,2021-04,44,36,231037,346132,56619.7769881142,151.74100232814607,51,27,289,5544888,250,200,120,8,0.5307,2021
KSRTC-014,EDATHUVA,Alappuzha,2021-05,45,38,240302,361768,58890.332067148636,157.82608993995836,51,27,300,5767248,250,200,120,8,0.5299,2021
KSRTC-014,EDATHUVA,Alappuzha,2021-06,44,37,231853,341258,56819.75248131357,152.27693664992037,51,27,290,5564472,250,200,120,8,0.5232,2021
KSRTC-014,EDATHUVA,Alappuzha,2021-07,44,37,236322,351021,57914.961401789,155.2120965567945,51,27,295,5671728,250,200,120,8,0.5255,2021
KSRTC-014,EDATHUVA,Alappuzha,2021-08,45,39,251210,374328,61563.533880651885,164.99027080014707,51,27,314,6029040,250,200,120,8,0.5226,2021
KSRTC-014,EDATHUVA,Alappuzha,2021-09,44,36,228450,343541,55985.78605563044,150.0419066290896,51,27,286,5482800,250,200,120,8,0.533,2021
KSRTC-014,EDATHUVA,Alappuzha,2021-10,44,37,233047,330652,57112.36368092146,153.0611346648695,51,27,291,5593128,250,200,120,8,0.5083,2021
KSRTC-014,EDATHUVA,Alappuzha,2021-11,43,35,217147,314387,53215.78237961035,142.61829677735574,51,27,271,5211528,250,200,120,8,0.5215,2021
KSRTC-014,EDATHUVA,Alappuzha,2021-12,43,36,226217,328193,55438.54919740228,148.57531184903812,51,27,283,5429208,250,200,120,8,0.5192,2021
KSRTC-014,EDATHUVA,Alappuzha,2022-01,46,39,255320,356598,62570.76338683985,167.6896458767308,51,27,319,6127680,250,200,120,8,0.496,2022
KSRTC-014,EDATHUVA,Alappuzha,2022-02,45,38,247821,364591,60732.99840705796,162.76443573091535,51,27,310,5947704,250,200,120,8,0.5184,2022
KSRTC-014,EDATHUVA,Alappuzha,2022-03,45,38,241829,350216,59264.55091287832,158.8289964465139,51,27,302,5803896,250,200,120,8,0.5137,2022
KSRTC-014,EDATHUVA,Alappuzha,2022-04,46,42,328727,509752,80560.47053057223,215.9020610219336,51,27,411,7889448,250,200,120,8,0.484,2022
KSRTC-014,EDATHUVA,Alappuzha,2022-05,47,43,337976,539935,82827.10452150472,221.97664011763266,51,27,422,8111424,250,200,120,8,0.4943,2022
KSRTC-014,EDATHUVA,Alappuzha,2022-06,48,45,361521,597045,88597.230731528,237.44057836049507,51,27,452,8676504,250,200,120,8,0.5033,2022
KSRTC-014,EDATHUVA,Alappuzha,2022-07,48,44,354836,563871,86958.95110893273,233.0499889719397,51,27,444,8516064,250,200,120,8,0.4877,2022
KSRTC-014,EDATHUVA,Alappuzha,2022-08,46,42,327891,511064,80355.59367724544,215.3529910550178,51,27,410,7869384,250,200,120,8,0.4864,2022
KSRTC-014,EDATHUVA,Alappuzha,2022-09,47,43,343889,545898,84276.19164318098,225.86019360372504,51,27,430,8253336,250,200,120,8,0.49,2022
KSRTC-014,EDATHUVA,Alappuzha,2022-10,48,44,356666,574890,87407.42556059307,234.25190050238945,51,27,446,8559984,250,200,120,8,0.4935,2022
KSRTC-014,EDATHUVA,Alappuzha,2022-11,46,42,330857,533420,81082.4653841441,217.3010072295062,51,27,414,7940568,250,200,120,8,0.5003,2022
KSRTC-014,EDATHUVA,Alappuzha,2022-12,48,45,359295,583643,88051.70934934444,235.97858105624312,51,27,449,8623080,250,200,120,8,0.4964,2022
KSRTC-014,EDATHUVA,Alappuzha,2023-01,47,42,332905,527604,81584.36466119348,218.64609729199853,51,27,416,7989720,250,200,120,8,0.4922,2023
KSRTC-014,EDATHUVA,Alappuzha,2023-02,46,41,324694,540652,79572.1112608749,213.25325817914472,51,27,406,7792656,250,200,120,8,0.5165,2023
KSRTC-014,EDATHUVA,Alappuzha,2023-03,47,42,335981,539262,82338.19384879305,220.6663595147654,51,27,420,8063544,250,200,120,8,0.4969,2023
KSRTC-014,EDATHUVA,Alappuzha,2023-04,48,42,377428,536490,92495.52750888372,247.8880137238084,51,27,472,9058272,250,200,120,8,0.4274,2023
KSRTC-014,EDATHUVA,Alappuzha,2023-05,49,43,399006,598732,97783.60495037373,262.06006126700163,51,27,499,9576144,250,200,120,8,0.4439,2023
KSRTC-014,EDATHUVA,Alappuzha,2023-06,49,43,390511,585964,95701.75223624556,256.4806959931381,51,27,488,9372264,250,200,120,8,0.4459,2023
KSRTC-014,EDATHUVA,Alappuzha,2023-07,46,39,346965,521450,85030.02083078054,227.88045582649187,51,27,434,8327160,250,200,120,8,0.4581,2023
KSRTC-014,EDATHUVA,Alappuzha,2023-08,49,42,386591,555270,94741.08565126824,253.9061095453989,51,27,483,9278184,250,200,120,8,0.4292,2023
KSRTC-014,EDATHUVA,Alappuzha,2023-09,50,45,416161,610689,101987.74659968141,273.3271608871462,51,27,520,9987864,250,200,120,8,0.4312,2023
KSRTC-014,EDATHUVA,Alappuzha,2023-10,48,41,368107,528673,90211.24862149247,241.76614630559982,51,27,460,8834568,250,200,120,8,0.4339,2023
KSRTC-014,EDATHUVA,Alappuzha,2023-11,50,44,404398,614146,99105.01164073031,265.60143119715724,51,27,506,9705552,250,200,120,8,0.4477,2023
KSRTC-014,EDATHUVA,Alappuzha,2023-12,49,43,399879,563399,97997.54931993628,262.63343217742926,51,27,500,9597096,250,200,120,8,0.4186,2023
KSRTC-014,EDATHUVA,Alappuzha,2024-01,48,42,382330,536976,93696.85087611813,251.10756034799658,51,27,478,9175920,250,200,120,8,0.4215,2024
KSRTC-014,EDATHUVA,Alappuzha,2024-02,50,44,405057,579262,99266.51145692931,266.0342507045706,51,27,506,9721368,250,200,120,8,0.4233,2024
KSRTC-014,EDATHUVA,Alappuzha,2024-03,49,43,390234,575441,95633.86839848058,256.29876730792796,51,27,488,9365616,250,200,120,8,0.4388,2024
KSRTC-014,EDATHUVA,Alappuzha,2024-04,47,43,322620,437974,79063.84021565985,211.8910917779684,51,27,403,7742880,250,200,120,8,0.4383,2024
KSRTC-014,EDATHUVA,Alappuzha,2024-05,47,44,325845,442354,79854.1845362088,214.0092145570396,51,27,407,7820280,250,200,120,8,0.4394,2024
KSRTC-014,EDATHUVA,Alappuzha,2024-06,48,46,334969,454740,82090.18502634481,220.0016958706041,51,27,419,8039256,250,200,120,8,0.4427,2024
KSRTC-014,EDATHUVA,Alappuzha,2024-07,46,43,320460,435042,78534.49332189684,210.47244210268354,51,27,401,7691040,250,200,120,8,0.4375,2024
KSRTC-014,EDATHUVA,Alappuzha,2024-08,50,48,343034,465688,84066.65849773312,225.2986447739248,51,27,429,8232816,250,200,120,8,0.4455,2024
KSRTC-014,EDATHUVA,Alappuzha,2024-09,47,43,321969,437091,78904.30094351183,211.4635265286117,51,27,402,7727256,250,200,120,8,0.4381,2024
KSRTC-014,EDATHUVA,Alappuzha,2024-10,48,45,330823,449111,81074.13307192747,217.2786766327656,51,27,414,7939752,250,200,120,8,0.4412,2024
KSRTC-014,EDATHUVA,Alappuzha,2024-11,49,46,336423,456714,82446.51390760936,220.95665727239313,51,27,421,8074152,250,200,120,8,0.4432,2024
KSRTC-014,EDATHUVA,Alappuzha,2024-12,47,44,328068,445370,80398.97071437324,215.4692415145203,51,27,410,7873632,250,200,120,8,0.4402,2024
KSRTC-014,EDATHUVA,Alappuzha,2025-01,47,44,328220,445577,80436.22105134175,215.56907241759592,51,27,410,7877280,250,200,120,8,0.4403,2025
KSRTC-014,EDATHUVA,Alappuzha,2025-02,49,47,337095,457625,82611.19960789119,221.3980149491484,51,27,421,8090280,250,200,120,8,0.4434,2025
KSRTC-014,EDATHUVA,Alappuzha,2025-03,49,47,337524,458208,82716.33378262469,221.67977453743416,51,27,422,8100576,250,200,120,8,0.4436,2025
KSRTC-014,EDATHUVA,Alappuzha,2025-04,49,46,335856,455943,82307.56034799658,220.58426173263084,51,27,420,8060544,250,200,120,8,0.443,2025
KSRTC-014,EDATHUVA,Alappuzha,2025-05,47,44,326953,443857,80125.71988726871,214.73692929788018,51,27,409,7846872,250,200,120,8,0.4398,2025
KSRTC-014,EDATHUVA,Alappuzha,2025-06,48,45,332408,451263,81462.56586202672,218.31967651023163,51,27,416,7977792,250,200,120,8,0.4418,2025
KSRTC-014,EDATHUVA,Alappuzha,2025-07,46,43,321214,436067,78719.27459870114,210.96765592451908,51,27,402,7709136,250,200,120,8,0.4378,2025
KSRTC-014,EDATHUVA,Alappuzha,2025-08,49,47,339504,460896,83201.56843524078,222.9802034064453,51,27,424,8148096,250,200,120,8,0.4443,2025
KSRTC-014,EDATHUVA,Alappuzha,2025-09,50,48,344204,467277,84353.38806518809,226.0670800147041,51,27,430,8260896,250,200,120,8,0.4459,2025
KSRTC-014,EDATHUVA,Alappuzha,2025-10,46,42,315199,427900,77245.19054037496,207.0171106482049,51,27,394,7564776,250,200,120,8,0.4357,2025
KSRTC-014,EDATHUVA,Alappuzha,2025-11,47,44,327285,444308,80207.08246538414,214.95498100722952,51,27,409,7854840,250,200,120,8,0.4399,2025
KSRTC-014,EDATHUVA,Alappuzha,2025-12,48,46,333689,453001,81776.49797818896,219.16101458154643,51,27,417,8008536,250,200,120,8,0.4422,2025
KSRTC-014,EDATHUVA,Alappuzha,2026-01,49,47,339905,461441,83299.84070579587,223.24357309153294,51,27,425,8157720,250,200,120,8,0.4444,2026
KSRTC-014,EDATHUVA,Alappuzha,2026-02,49,47,337662,458396,82750.15316750399,221.7704104889107,51,27,422,8103888,250,200,120,8,0.4436,2026
KSRTC-014,EDATHUVA,Alappuzha,2026-03,45,41,313177,425156,76749.66303149125,205.68909692439655,51,27,391,7516248,250,200,120,8,0.4349,2026
KSRTC-015,EERATTUPETTAH,Kottayam,2021-04,58,47,382958,400437,93850.7535841196,251.52001960544052,51,27,479,9190992,250,200,120,8,0.3913,2021
KSRTC-015,EERATTUPETTAH,Kottayam,2021-05,55,43,335704,332554,82270.31001102806,220.48443082955524,51,27,420,8056896,250,200,120,8,0.3837,2021
KSRTC-015,EERATTUPETTAH,Kottayam,2021-06,56,45,354022,364231,86759.46575174612,232.51536821467963,51,27,443,8496528,250,200,120,8,0.391,2021
KSRTC-015,EERATTUPETTAH,Kottayam,2021-07,57,47,372803,398958,91362.0879794143,244.8503957848303,51,27,466,8947272,250,200,120,8,0.3994,2021
KSRTC-015,EERATTUPETTAH,Kottayam,2021-08,57,45,361418,374603,88571.98872687171,237.37292978801622,51,27,452,8674032,250,200,120,8,0.3919,2021
KSRTC-015,EERATTUPETTAH,Kottayam,2021-09,57,46,362643,387502,88872.19703467713,238.17748805293473,51,27,453,8703432,250,200,120,8,0.4005,2021
KSRTC-015,EERATTUPETTAH,Kottayam,2021-10,56,45,355640,370484,87155.98578605564,233.5780419066291,51,27,445,8535360,250,200,120,8,0.3942,2021
KSRTC-015,EERATTUPETTAH,Kottayam,2021-11,57,46,368556,370010,90321.28415635339,242.0610415390271,51,27,461,8845344,250,200,120,8,0.3819,2021
KSRTC-015,EERATTUPETTAH,Kottayam,2021-12,56,45,354161,362423,86793.5302046318,232.6066609484132,51,27,443,8499864,250,200,120,8,0.3894,2021
KSRTC-015,EERATTUPETTAH,Kottayam,2022-01,55,43,334946,347017,82084.54846219826,219.98658987869135,51,27,419,8038704,250,200,120,8,0.3963,2022
KSRTC-015,EERATTUPETTAH,Kottayam,2022-02,56,45,357603,353367,87637.05428256342,234.86730547726998,51,27,447,8582472,250,200,120,8,0.3793,2022
KSRTC-015,EERATTUPETTAH,Kottayam,2022-03,55,44,346188,353690,84839.60298982968,227.3701360127436,51,27,433,8308512,250,200,120,8,0.3903,2022
KSRTC-015,EERATTUPETTAH,Kottayam,2022-04,58,52,504834,552706,123718.66192868522,331.5660139688764,51,27,631,12116016,250,200,120,8,0.3404,2022
KSRTC-015,EERATTUPETTAH,Kottayam,2022-05,60,55,535447,549895,131220.92880774415,351.67208920475434,51,27,669,12850728,250,200,120,8,0.3181,2022
KSRTC-015,EERATTUPETTAH,Kottayam,2022-06,57,49,468748,497759,114875.13785075358,307.8653694400196,51,27,586,11249952,250,200,120,8,0.3369,2022
KSRTC-015,EERATTUPETTAH,Kottayam,2022-07,59,53,521146,549655,127716.2112486215,342.27944614630565,51,27,651,12507504,250,200,120,8,0.3273,2022
KSRTC-015,EERATTUPETTAH,Kottayam,2022-08,58,51,488257,515600,119656.16958706042,320.67853449332193,51,27,610,11718168,250,200,120,8,0.3322,2022
KSRTC-015,EERATTUPETTAH,Kottayam,2022-09,58,52,497169,523423,121840.21565984562,326.5317779683863,51,27,621,11932056,250,200,120,8,0.33,2022
KSRTC-015,EERATTUPETTAH,Kottayam,2022-10,57,50,477537,533542,117029.04055875506,313.6378286974636,51,27,597,11460888,250,200,120,8,0.3507,2022
KSRTC-015,EERATTUPETTAH,Kottayam,2022-11,58,51,488775,537132,119783.11481436099,321.0187477024875,51,27,611,11730600,250,200,120,8,0.3439,2022
KSRTC-015,EERATTUPETTAH,Kottayam,2022-12,59,53,509748,554865,124922.92611199609,334.79344198014957,51,27,637,12233952,250,200,120,8,0.338,2022
KSRTC-015,EERATTUPETTAH,Kottayam,2023-01,58,51,492502,521024,120696.48327410857,323.466575174611,51,27,616,11820048,250,200,120,8,0.3321,2023
KSRTC-015,EERATTUPETTAH,Kottayam,2023-02,57,51,485530,485855,118987.86913368461,318.88748927827476,51,27,607,11652720,250,200,120,8,0.3175,2023
KSRTC-015,EERATTUPETTAH,Kottayam,2023-03,57,50,483061,520688,118382.79622595271,317.2658938855533,51,27,604,11593464,250,200,120,8,0.339,2023
KSRTC-015,EERATTUPETTAH,Kottayam,2023-04,63,54,571894,563641,140152.92243597598,375.60983212841563,51,27,715,13725456,250,200,120,8,0.3114,2023
KSRTC-015,EERATTUPETTAH,Kottayam,2023-05,62,52,542758,571494,133012.62100232815,356.47382428623945,51,27,678,13026192,250,200,120,8,0.333,2023
KSRTC-015,EERATTUPETTAH,Kottayam,2023-06,64,55,586657,626836,143770.86141404242,385.3059085896337,51,27,733,14079768,250,200,120,8,0.3328,2023
KSRTC-015,EERATTUPETTAH,Kottayam,2023-07,61,51,534618,568707,131017.76743046196,351.1276167136381,51,27,668,12830832,250,200,120,8,0.337,2023
KSRTC-015,EERATTUPETTAH,Kottayam,2023-08,64,55,586029,640906,143616.95870604092,384.8934493321897,51,27,733,14064696,250,200,120,8,0.3397,2023
KSRTC-015,EERATTUPETTAH,Kottayam,2023-09,62,53,555008,561707,136014.7040803823,364.5194069354246,51,27,694,13320192,250,200,120,8,0.3204,2023
KSRTC-015,EERATTUPETTAH,Kottayam,2023-10,63,53,564584,594500,138361.47530939837,370.80875382918765,51,27,706,13550016,250,200,120,8,0.3306,2023
KSRTC-015,EERATTUPETTAH,Kottayam,2023-11,61,51,522988,544184,128167.6265163583,343.4892390638402,51,27,654,12551712,250,200,120,8,0.3321,2023
KSRTC-015,EERATTUPETTAH,Kottayam,2023-12,60,50,515296,537332,126282.56341134665,338.43726994240905,51,27,644,12367104,250,200,120,8,0.3338,2023
KSRTC-015,EERATTUPETTAH,Kottayam,2024-01,62,53,557392,581317,136598.94620757262,366.08517583629464,51,27,697,13377408,250,200,120,8,0.3286,2024
KSRTC-015,EERATTUPETTAH,Kottayam,2024-02,61,51,525852,539593,128869.50128660705,345.37026344810687,51,27,657,12620448,250,200,120,8,0.3278,2024
KSRTC-015,EERATTUPETTAH,Kottayam,2024-03,61,51,535351,567568,131197.40227913245,351.60903810807497,51,27,669,12848424,250,200,120,8,0.3359,2024
KSRTC-015,EERATTUPETTAH,Kottayam,2024-04,60,53,415818,564497,101903.6882734959,273.101884572969,51,27,520,9979632,250,200,120,8,0.4713,2024
KSRTC-015,EERATTUPETTAH,Kottayam,2024-05,58,50,403745,548107,98944.98223256954,265.1725523832864,51,27,505,9689880,250,200,120,8,0.4671,2024
KSRTC-015,EERATTUPETTAH,Kottayam,2024-06,61,54,419882,570013,102899.64465139077,275.7710476657273,51,27,525,10077168,250,200,120,8,0.4728,2024
KSRTC-015,EERATTUPETTAH,Kottayam,2024-07,59,51,405628,550663,99406.44528856759,266.40927337336115,51,27,507,9735072,250,200,120,8,0.4677,2024
KSRTC-015,EERATTUPETTAH,Kottayam,2024-08,60,53,415694,564328,101873.2998407058,273.0204435730916,51,27,520,9976656,250,200,120,8,0.4713,2024
KSRTC-015,EERATTUPETTAH,Kottayam,2024-09,60,52,412343,559779,101052.076951354,270.8195662296288,51,27,515,9896232,250,200,120,8,0.4701,2024
KSRTC-015,EERATTUPETTAH,Kottayam,2024-10,62,56,430743,584758,105561.32826859455,282.90435975983337,51,27,538,10337832,250,200,120,8,0.4766,2024
KSRTC-015,EERATTUPETTAH,Kottayam,2024-11,58,51,404811,549554,99206.22472736184,265.87268226932974,51,27,506,9715464,250,200,120,8,0.4674,2024
KSRTC-015,EERATTUPETTAH,Kottayam,2024-12,60,53,417570,566874,102333.04742065923,274.25256708736674,51,27,522,10021680,250,200,120,8,0.472,2024
KSRTC-015,EERATTUPETTAH,Kottayam,2025-01,60,53,414814,563134,101657.63999509864,272.4424751868644,51,27,519,9955536,250,200,120,8,0.471,2025
KSRTC-015,EERATTUPETTAH,Kottayam,2025-02,60,53,413561,561433,101350.56978311481,271.6195270187477,51,27,517,9925464,250,200,120,8,0.4705,2025
KSRTC-015,EERATTUPETTAH,Kottayam,2025-03,62,56,429649,583273,105293.22386962382,282.1858399705918,51,27,537,10311576,250,200,120,8,0.4762,2025
KSRTC-015,EERATTUPETTAH,Kottayam,2025-04,61,55,424707,576563,104082.09778213454,278.9400220561206,51,27,531,10192968,250,200,120,8,0.4745,2025
KSRTC-015,EERATTUPETTAH,Kottayam,2025-05,61,55,423738,575248,103844.6268839603,278.3036000490136,51,27,530,10169712,250,200,120,8,0.4741,2025
KSRTC-015,EERATTUPETTAH,Kottayam,2025-06,61,54,419009,568829,102685.7002818282,275.1976767552996,51,27,524,10056216,250,200,120,8,0.4725,2025
KSRTC-015,EERATTUPETTAH,Kottayam,2025-07,61,55,424921,576855,104134.5423354981,279.08057345913494,51,27,531,10198104,250,200,120,8,0.4746,2025
KSRTC-015,EERATTUPETTAH,Kottayam,2025-08,58,50,402063,545823,98532.77784585222,264.067844626884,51,27,503,9649512,250,200,120,8,0.4665,2025
KSRTC-015,EERATTUPETTAH,Kottayam,2025-09,60,53,416289,565136,102019.115304497,273.411229016052,51,27,520,9990936,250,200,120,8,0.4715,2025
KSRTC-015,EERATTUPETTAH,Kottayam,2025-10,59,51,405372,550315,99343.70787893642,266.2411371155496,51,27,507,9728928,250,200,120,8,0.4676,2025
KSRTC-015,EERATTUPETTAH,Kottayam,2025-11,59,51,408141,554075,100022.30118857983,268.059767185394,51,27,510,9795384,250,200,120,8,0.4686,2025
KSRTC-015,EERATTUPETTAH,Kottayam,2025-12,60,53,416033,564788,101956.37789486583,273.24309275824044,51,27,520,9984792,250,200,120,8,0.4714,2025
KSRTC-015,EERATTUPETTAH,Kottayam,2026-01,60,53,415562,564149,101840.95086386472,272.93374831515746,51,27,519,9973488,250,200,120,8,0.4712,2026
KSRTC-015,EERATTUPETTAH,Kottayam,2026-02,61,55,424125,575774,103939.46820242619,278.55777478250224,51,27,530,10179000,250,200,120,8,0.4743,2026
KSRTC-015,EERATTUPETTAH,Kottayam,2026-03,58,51,404292,548849,99079.0344320549,265.53181227790714,51,27,505,9703008,250,200,120,8,0.4673,2026
KSRTC-016,ERNAKULAM,Ernakulam,2021-04,66,51,339152,443642,83115.30449699792,222.74901605195444,51,27,424,8139648,250,200,120,8,0.5265,2021
KSRTC-016,ERNAKULAM,Ernakulam,2021-05,68,52,354279,474084,86822.44822938366,232.68416125474823,51,27,443,8502696,250,200,120,8,0.5335,2021
KSRTC-016,ERNAKULAM,Ernakulam,2021-06,67,51,344820,462554,84504.3499571131,226.4716578850631,51,27,431,8275680,250,200,120,8,0.5352,2021
KSRTC-016,ERNAKULAM,Ernakulam,2021-07,68,53,362095,497364,88737.8997671854,237.8175713760569,51,27,453,8690280,250,200,120,8,0.5427,2021
KSRTC-016,ERNAKULAM,Ernakulam,2021-08,68,53,357111,473095,87516.4808234285,234.5441686067884,51,27,446,8570664,250,200,120,8,0.5297,2021
KSRTC-016,ERNAKULAM,Ernakulam,2021-09,67,52,349551,475767,85663.76669525793,229.57889474329127,51,27,437,8389224,250,200,120,8,0.5402,2021
KSRTC-016,ERNAKULAM,Ernakulam,2021-10,66,50,336225,435970,82397.99044234776,220.826614385492,51,27,420,8069400,250,200,120,8,0.5237,2021
KSRTC-016,ERNAKULAM,Ernakulam,2021-11,67,52,347997,465122,85282.93101335621,228.55825511579465,51,27,435,8351928,250,200,120,8,0.5336,2021
KSRTC-016,ERNAKULAM,Ernakulam,2021-12,68,53,360310,466847,88300.45337581179,236.6452150471756,51,27,450,8647440,250,200,120,8,0.5215,2021
KSRTC-016,ERNAKULAM,Ernakulam,2022-01,71,56,386099,517594,94620.51219213332,253.5829726749173,51,27,483,9266376,250,200,120,8,0.5324,2022
KSRTC-016,ERNAKULAM,Ernakulam,2022-02,69,54,369984,498180,90671.24126945228,242.99892660213212,51,27,463,8879616,250,200,120,8,0.5348,2022
KSRTC-016,ERNAKULAM,Ernakulam,2022-03,68,52,352109,470635,86290.65065555692,231.25894375689256,51,27,440,8450616,250,200,120,8,0.5333,2022
KSRTC-016,ERNAKULAM,Ernakulam,2022-04,67,63,472818,761954,115872.56463668669,310.5384732263203,51,27,591,11347632,250,200,120,8,0.5565,2022
KSRTC-016,ERNAKULAM,Ernakulam,2022-05,69,65,494300,783861,121137.11554956502,324.6474696728343,51,27,618,11863200,250,200,120,8,0.5479,2022
KSRTC-016,ERNAKULAM,Ernakulam,2022-06,68,64,482712,748676,118297.26749172896,317.0366768778336,51,27,603,11585088,250,200,120,8,0.5392,2022
KSRTC-016,ERNAKULAM,Ernakulam,2022-07,70,67,519428,815038,127295.1844136748,341.15109422864845,51,27,649,12466272,250,200,120,8,0.542,2022
KSRTC-016,ERNAKULAM,Ernakulam,2022-08,69,65,490259,753409,120146.79573581669,321.99341257198876,51,27,613,11766216,250,200,120,8,0.5347,2022
KSRTC-016,ERNAKULAM,Ernakulam,2022-09,69,66,499990,762865,122531.55250582038,328.38456071559864,51,27,625,11999760,250,200,120,8,0.5311,2022
KSRTC-016,ERNAKULAM,Ernakulam,2022-10,67,62,466036,733733,114210.51341747335,306.0841759588286,51,27,583,11184864,250,200,120,8,0.5469,2022
KSRTC-016,ERNAKULAM,Ernakulam,2022-11,70,66,507927,794750,124476.6572723931,333.5974414900136,51,27,635,12190248,250,200,120,8,0.5413,2022
KSRTC-016,ERNAKULAM,Ernakulam,2022-12,70,67,511448,790268,125339.54172282809,335.90997181717927,51,27,639,12274752,250,200,120,8,0.5358,2022
KSRTC-016,ERNAKULAM,Ernakulam,2023-01,67,61,458949,676723,112473.71645631663,301.4295601029286,51,27,574,11014776,250,200,120,8,0.5202,2023
KSRTC-016,ERNAKULAM,Ernakulam,2023-02,68,64,480441,730724,117740.71804925868,315.5451243720133,51,27,601,11530584,250,200,120,8,0.5311,2023
KSRTC-016,ERNAKULAM,Ernakulam,2023-03,68,63,477724,726904,117074.86827594659,313.7606469795369,51,27,597,11465376,250,200,120,8,0.5315,2023
KSRTC-016,ERNAKULAM,Ernakulam,2023-04,71,51,503674,777978,123434.38304129397,330.8041465506679,51,27,630,12088176,250,200,120,8,0.5464,2023
KSRTC-016,ERNAKULAM,Ernakulam,2023-05,75,56,561259,847524,137546.62418821224,368.6249528244088,51,27,702,13470216,250,200,120,8,0.5348,2023
KSRTC-016,ERNAKULAM,Ernakulam,2023-06,68,48,455012,707009,111508.88371523099,298.843808356819,51,27,569,10920288,250,200,120,8,0.5526,2023
KSRTC-016,ERNAKULAM,Ernakulam,2023-07,72,52,512731,799165,125653.96397500308,336.75262345300825,51,27,641,12305544,250,200,120,8,0.5498,2023
KSRTC-016,ERNAKULAM,Ernakulam,2023-08,74,55,549442,838668,134650.65555691705,360.8637568925377,51,27,687,13186608,250,200,120,8,0.5395,2023
KSRTC-016,ERNAKULAM,Ernakulam,2023-09,72,52,518759,800236,127131.23391741209,340.71170689866443,51,27,648,12450216,250,200,120,8,0.5451,2023
KSRTC-016,ERNAKULAM,Ernakulam,2023-10,70,50,484224,771224,118667.81031736308,318.0297316505331,51,27,605,11621376,250,200,120,8,0.5608,2023
KSRTC-016,ERNAKULAM,Ernakulam,2023-11,71,51,504788,797650,123707.38880039212,331.5358019850509,51,27,631,12114912,250,200,120,8,0.5561,2023
KSRTC-016,ERNAKULAM,Ernakulam,2023-12,72,52,516129,798427,126486.70506065433,338.98436956255364,51,27,645,12387096,250,200,120,8,0.5464,2023
KSRTC-016,ERNAKULAM,Ernakulam,2024-01,74,55,550321,871040,134866.07033451783,361.44106849650785,51,27,688,13207704,250,200,120,8,0.555,2024
KSRTC-016,ERNAKULAM,Ernakulam,2024-02,75,56,565618,934726,138614.87562798677,371.48786668300454,51,27,707,13574832,250,200,120,8,0.5738,2024
KSRTC-016,ERNAKULAM,Ernakulam,2024-03,72,52,515475,830991,126326.4305844872,338.55483396642575,51,27,644,12371400,250,200,120,8,0.5643,2024
KSRTC-016,ERNAKULAM,Ernakulam,2024-04,66,61,457630,621259,112150.47175591227,300.5632643058449,51,27,572,10983120,250,200,120,8,0.4862,2024
KSRTC-016,ERNAKULAM,Ernakulam,2024-05,65,60,452155,613826,110808.72442102684,296.96738144835194,51,27,565,10851720,250,200,120,8,0.4842,2024
KSRTC-016,ERNAKULAM,Ernakulam,2024-06,66,60,455519,618393,111633.13319446146,299.17679696115675,51,27,569,10932456,250,200,120,8,0.4854,2024
KSRTC-016,ERNAKULAM,Ernakulam,2024-07,67,62,464685,630836,113879.4265408651,305.1968631295185,51,27,581,11152440,250,200,120,8,0.4887,2024
KSRTC-016,ERNAKULAM,Ernakulam,2024-08,67,62,462885,628392,113438.30412939591,304.014655066781,51,27,579,11109240,250,200,120,8,0.488,2024
KSRTC-016,ERNAKULAM,Ernakulam,2024-09,66,60,455353,618167,111592.45190540375,299.0677711064821,51,27,569,10928472,250,200,120,8,0.4854,2024
KSRTC-016,ERNAKULAM,Ernakulam,2024-10,66,61,459188,623374,112532.28770983948,301.58653106236983,51,27,574,11020512,250,200,120,8,0.4867,2024
KSRTC-016,ERNAKULAM,Ernakulam,2024-11,69,65,478080,649020,117162.11248621493,313.99446146305604,51,27,598,11473920,250,200,120,8,0.4934,2024
KSRTC-016,ERNAKULAM,Ernakulam,2024-12,67,62,463058,628627,113480.70089449822,304.1282783972552,51,27,579,11113392,250,200,120,8,0.4881,2024
KSRTC-016,ERNAKULAM,Ernakulam,2025-01,65,60,452307,614032,110845.97475799535,297.0672123514276,51,27,565,10855368,250,200,120,8,0.4843,2025
KSRTC-016,ERNAKULAM,Ernakulam,2025-02,67,63,466408,633176,114301.67871584365,306.328498958461,51,27,583,11193792,250,200,120,8,0.4893,2025
KSRTC-016,ERNAKULAM,Ernakulam,2025-03,65,59,450064,610988,110296.28721970347,295.59404974880533,51,27,563,10801536,250,200,120,8,0.4835,2025
KSRTC-016,ERNAKULAM,Ernakulam,2025-04,65,59,448313,608610,109867.17314054651,294.4440240166646,51,27,560,10759512,250,200,120,8,0.4829,2025
KSRTC-016,ERNAKULAM,Ernakulam,2025-05,65,59,450175,611138,110323.48976841074,295.6669525793408,51,27,563,10804200,250,200,120,8,0.4835,2025
KSRTC-016,ERNAKULAM,Ernakulam,2025-06,67,63,464941,631183,113942.16395049627,305.36499938733004,51,27,581,11158584,250,200,120,8,0.4888,2025
KSRTC-016,ERNAKULAM,Ernakulam,2025-07,68,63,468859,636503,114902.34039946085,307.9382722705551,51,27,586,11252616,250,200,120,8,0.4901,2025
KSRTC-016,ERNAKULAM,Ernakulam,2025-08,65,60,452342,614079,110854.55213821837,297.09019973042524,51,27,565,10856208,250,200,120,8,0.4843,2025
KSRTC-016,ERNAKULAM,Ernakulam,2025-09,67,62,462490,627857,113341.50226687906,303.75522607523595,51,27,578,11099760,250,200,120,8,0.4879,2025
KSRTC-016,ERNAKULAM,Ernakulam,2025-10,66,60,455471,618327,111621.36993015562,299.14527141281707,51,27,569,10931304,250,200,120,8,0.4854,2025
KSRTC-016,ERNAKULAM,Ernakulam,2025-11,65,59,448624,609033,109943.38929052812,294.64828329861535,51,27,561,10766976,250,200,120,8,0.483,2025
KSRTC-016,ERNAKULAM,Ernakulam,2025-12,68,63,468243,635666,114751.37850753585,307.53369440019605,51,27,585,11237832,250,200,120,8,0.4899,2025
KSRTC-016,ERNAKULAM,Ernakulam,2026-01,67,63,466561,633382,114339.17412081853,306.4289866437936,51,27,583,11197464,250,200,120,8,0.4893,2026
KSRTC-016,ERNAKULAM,Ernakulam,2026-02,69,65,475318,645271,116485.23465261611,312.18042886901117,51,27,594,11407632,250,200,120,8,0.4924,2026
KSRTC-016,ERNAKULAM,Ernakulam,2026-03,66,61,455997,619041,111750.27570150717,299.49073888003926,51,27,570,10943928,250,200,120,8,0.4856,2026
KSRTC-017,ERUMALI,Pathanamthitta,2021-04,30,24,132286,172334,32419.066290895724,86.88309765960055,51,27,165,3174864,250,200,120,8,0.4905,2021
KSRTC-017,ERUMALI,Pathanamthitta,2021-05,29,23,122290,152837,29969.36649920353,80.31790221786547,51,27,153,2934960,250,200,120,8,0.4822,2021
KSRTC-017,ERUMALI,Pathanamthitta,2021-06,30,24,130793,167192,32053.179757382677,85.90252174978558,51,27,164,3139032,250,200,120,8,0.4847,2021
KSRTC-017,ERUMALI,Pathanamthitta,2021-07,30,24,131173,170435,32146.30559980395,86.15209900747459,51,27,164,3148152,250,200,120,8,0.4902,2021
KSRTC-017,ERUMALI,Pathanamthitta,2021-08,31,25,135904,178803,33305.722337948784,89.25933586570274,51,27,170,3261696,250,200,120,8,0.4919,2021
KSRTC-017,ERUMALI,Pathanamthitta,2021-09,30,23,126279,153792,30946.942776620515,82.93780664134299,51,27,158,3030696,250,200,120,8,0.4709,2021
KSRTC-017,ERUMALI,Pathanamthitta,2021-10,31,25,136622,179331,33481.68116652371,89.73090552628355,51,27,171,3278928,250,200,120,8,0.4907,2021
KSRTC-017,ERUMALI,Pathanamthitta,2021-11,30,24,128970,169237,31606.42078176694,84.70520769513541,51,27,161,3095280,250,200,120,8,0.4951,2021
KSRTC-017,ERUMALI,Pathanamthitta,2021-12,30,23,125526,158777,30762.40656782257,82.44324960176449,51,27,157,3012624,250,200,120,8,0.4843,2021
KSRTC-017,ERUMALI,Pathanamthitta,2022-01,30,24,131686,170312,32272.025487072664,86.48902830535475,51,27,165,3160464,250,200,120,8,0.4883,2022
KSRTC-017,ERUMALI,Pathanamthitta,2022-02,29,22,116264,145025,28492.586692807254,76.36013233672344,51,27,145,2790336,250,200,120,8,0.4857,2022
KSRTC-017,ERUMALI,Pathanamthitta,2022-03,31,25,139903,169244,34285.74929542949,91.88580811175103,51,27,175,3357672,250,200,120,8,0.4607,2022
KSRTC-017,ERUMALI,Pathanamthitta,2022-04,29,25,227338,320433,55713.27043254503,149.3115647592207,51,27,284,5456112,250,200,120,8,0.3702,2022
KSRTC-017,ERUMALI,Pathanamthitta,2022-05,29,25,223480,310635,54767.79806396275,146.77769881142018,51,27,279,5363520,250,200,120,8,0.3674,2022
KSRTC-017,ERUMALI,Pathanamthitta,2022-06,29,26,233078,314906,57119.96078911898,153.08149491483886,51,27,291,5593872,250,200,120,8,0.3506,2022
KSRTC-017,ERUMALI,Pathanamthitta,2022-07,30,26,240374,340707,58907.976963607405,157.87337826246787,51,27,300,5768976,250,200,120,8,0.3642,2022
KSRTC-017,ERUMALI,Pathanamthitta,2022-08,29,25,230125,311207,56396.27496630315,151.14201690969244,51,27,288,5523000,250,200,120,8,0.3528,2022
KSRTC-017,ERUMALI,Pathanamthitta,2022-09,30,27,245617,332599,60192.868521014585,161.31688763631908,51,27,307,5894808,250,200,120,8,0.3438,2022
KSRTC-017,ERUMALI,Pathanamthitta,2022-10,30,26,237224,329074,58136.01274353633,155.80451415267737,51,27,297,5693376,250,200,120,8,0.3579,2022
KSRTC-017,ERUMALI,Pathanamthitta,2022-11,29,25,227712,314711,55804.925866928075,149.55720132336725,51,27,285,5465088,250,200,120,8,0.3625,2022
KSRTC-017,ERUMALI,Pathanamthitta,2022-12,29,25,223198,305205,54698.68888616592,146.59248621492466,51,27,279,5356752,250,200,120,8,0.3615,2022
KSRTC-017,ERUMALI,Pathanamthitta,2023-01,29,25,228980,317632,56115.672099007475,150.39000122534003,51,27,286,5495520,250,200,120,8,0.3631,2023
KSRTC-017,ERUMALI,Pathanamthitta,2023-02,29,25,228609,309910,56024.75186864355,150.14633500796472,51,27,286,5486616,250,200,120,8,0.3547,2023
KSRTC-017,ERUMALI,Pathanamthitta,2023-03,29,26,232709,304662,57029.530694767804,152.8391422619777,51,27,291,5585016,250,200,120,8,0.3393,2023
KSRTC-017,ERUMALI,Pathanamthitta,2023-04,29,25,245730,312012,60220.56120573459,161.3911040313687,51,27,307,5897520,250,200,120,8,0.3037,2023
KSRTC-017,ERUMALI,Pathanamthitta,2023-05,29,26,255067,331611,62508.7611812278,167.52347996569048,51,27,319,6121608,250,200,120,8,0.3059,2023
KSRTC-017,ERUMALI,Pathanamthitta,2023-06,29,26,255258,330148,62555.5691704448,167.64892537679208,51,27,319,6126192,250,200,120,8,0.3039,2023
KSRTC-017,ERUMALI,Pathanamthitta,2023-07,30,27,268838,354915,65883.59269697341,176.56802842788875,51,27,336,6452112,250,200,120,8,0.3029,2023
KSRTC-017,ERUMALI,Pathanamthitta,2023-08,30,27,275458,363347,67505.94289915451,180.9159269697341,51,27,344,6610992,250,200,120,8,0.2987,2023
KSRTC-017,ERUMALI,Pathanamthitta,2023-09,29,26,257454,329133,63093.7385124372,169.0912192133317,51,27,322,6178896,250,200,120,8,0.2984,2023
KSRTC-017,ERUMALI,Pathanamthitta,2023-10,30,27,277087,360045,67905.15868153413,181.98582526651148,51,27,346,6650088,250,200,120,8,0.2924,2023
KSRTC-017,ERUMALI,Pathanamthitta,2023-11,30,27,274972,377864,67386.83984805783,180.596730792795,51,27,344,6599328,250,200,120,8,0.3141,2023
KSRTC-017,ERUMALI,Pathanamthitta,2023-12,29,26,255110,324341,62519.29910550178,167.55172160274478,51,27,319,6122640,250,200,120,8,0.298,2023
KSRTC-017,ERUMALI,Pathanamthitta,2024-01,30,26,264752,361299,64882.244822938366,173.88441612547481,51,27,331,6354048,250,200,120,8,0.3175,2024
KSRTC-017,ERUMALI,Pathanamthitta,2024-02,29,26,256748,331192,62920.72049993874,168.62753093983582,51,27,321,6161952,250,200,120,8,0.3021,2024
KSRTC-017,ERUMALI,Pathanamthitta,2024-03,29,25,251249,337428,61573.091532900384,165.01588530817304,51,27,314,6029976,250,200,120,8,0.3201,2024
KSRTC-017,ERUMALI,Pathanamthitta,2024-04,29,28,204071,277037,50011.273128293105,134.03021198382552,51,27,255,4897704,250,200,120,8,0.3963,2024
KSRTC-017,ERUMALI,Pathanamthitta,2024-05,28,25,193479,262659,47415.51280480334,127.07357431687295,51,27,242,4643496,250,200,120,8,0.3925,2024
KSRTC-017,ERUMALI,Pathanamthitta,2024-06,29,28,202977,275552,49743.16872932239,133.311692194584,51,27,254,4871448,250,200,120,8,0.3959,2024
KSRTC-017,ERUMALI,Pathanamthitta,2024-07,28,26,194926,264623,47770.126210023285,128.0239382428624,51,27,244,4678224,250,200,120,8,0.393,2024
KSRTC-017,ERUMALI,Pathanamthitta,2024-08,29,27,200672,272423,49178.28697463546,131.79780909202307,51,27,251,4816128,250,200,120,8,0.395,2024
KSRTC-017,ERUMALI,Pathanamthitta,2024-09,28,25,192198,260920,47101.5806886411,126.23223624555816,51,27,240,4612752,250,200,120,8,0.392,2024
KSRTC-017,ERUMALI,Pathanamthitta,2024-10,29,26,198262,269153,48587.673079279506,130.21496385246908,51,27,248,4758288,250,200,120,8,0.3942,2024
KSRTC-017,ERUMALI,Pathanamthitta,2024-11,28,26,195410,265281,47888.73912510722,128.34182085528735,51,27,244,4689840,250,200,120,8,0.3932,2024
KSRTC-017,ERUMALI,Pathanamthitta,2024-12,29,27,199640,271023,48925.3767920598,131.1200098027203,51,27,250,4791360,250,200,120,8,0.3947,2024
KSRTC-017,ERUMALI,Pathanamthitta,2025-01,29,27,200699,272461,49184.903810807504,131.81554221296412,51,27,251,4816776,250,200,120,8,0.3951,2025
KSRTC-017,ERUMALI,Pathanamthitta,2025-02,29,27,200907,272742,49235.87795613283,131.95215292243597,51,27,251,4821768,250,200,120,8,0.3951,2025
KSRTC-017,ERUMALI,Pathanamthitta,2025-03,28,26,194483,264021,47661.56108320059,127.73298370297759,51,27,243,4667592,250,200,120,8,0.3929,2025
KSRTC-017,ERUMALI,Pathanamthitta,2025-04,28,26,194891,264576,47761.548829800275,128.00095086386474,51,27,244,4677384,250,200,120,8,0.393,2025
KSRTC-017,ERUMALI,Pathanamthitta,2025-05,27,25,189879,257772,46533.26798186497,124.70915819139812,51,27,237,4557096,250,200,120,8,0.3912,2025
KSRTC-017,ERUMALI,Pathanamthitta,2025-06,29,27,201544,273607,49391.986276191645,132.3705232201936,51,27,252,4837056,250,200,120,8,0.3954,2025
KSRTC-017,ERUMALI,Pathanamthitta,2025-07,29,27,200928,272771,49241.02438426664,131.96594534983458,51,27,251,4822272,250,200,120,8,0.3951,2025
KSRTC-017,ERUMALI,Pathanamthitta,2025-08,28,26,197273,267809,48345.30082097783,129.5654062002206,51,27,247,4734552,250,200,120,8,0.3938,2025
KSRTC-017,ERUMALI,Pathanamthitta,2025-09,29,27,202492,274895,49624.310746232084,132.993152799902,51,27,253,4859808,250,200,120,8,0.3957,2025
KSRTC-017,ERUMALI,Pathanamthitta,2025-10,28,26,195016,264745,47792.18233059674,128.08304864599927,51,27,244,4680384,250,200,120,8,0.393,2025
KSRTC-017,ERUMALI,Pathanamthitta,2025-11,29,28,203724,276567,49926.2345300821,133.80230854062006,51,27,255,4889376,250,200,120,8,0.3961,2025
KSRTC-017,ERUMALI,Pathanamthitta,2025-12,29,28,203219,275881,49802.47518686436,133.47063350079648,51,27,254,4877256,250,200,120,8,0.396,2025
KSRTC-017,ERUMALI,Pathanamthitta,2026-01,28,25,193091,262132,47320.42641833109,126.81874280112733,51,27,241,4634184,250,200,120,8,0.3924,2026
KSRTC-017,ERUMALI,Pathanamthitta,2026-02,28,26,196013,266098,48036.5151329494,128.73786055630438,51,27,245,4704312,250,200,120,8,0.3934,2026
KSRTC-017,ERUMALI,Pathanamthitta,2026-03,29,27,199654,271041,48928.807744149,131.12920475431935,51,27,250,4791696,250,200,120,8,0.3947,2026
KSRTC-018,GURUVAYOOR,Thrissur,2021-04,37,27,216130,226270,52966.54821713026,141.9503492219091,51,27,270,5187120,250,200,120,8,0.3743,2021
KSRTC-018,GURUVAYOOR,Thrissur,2021-05,38,27,222708,241814,54578.60556304375,146.27066290895726,51,27,278,5344992,250,200,120,8,0.3822,2021
KSRTC-018,GURUVAYOOR,Thrissur,2021-06,37,27,215760,233064,52875.8730547727,141.70733978679087,51,27,270,5178240,250,200,120,8,0.3835,2021
KSRTC-018,GURUVAYOOR,Thrissur,2021-07,37,27,215966,232772,52926.357064085285,141.84263693174856,51,27,270,5183184,250,200,120,8,0.3828,2021
KSRTC-018,GURUVAYOOR,Thrissur,2021-08,37,27,218428,223828,53529.71449577258,143.45963484867053,51,27,273,5242272,250,200,120,8,0.3672,2021
KSRTC-018,GURUVAYOOR,Thrissur,2021-09,37,27,215242,219306,52748.92782747213,141.3671265776253,51,27,269,5165808,250,200,120,8,0.3669,2021
KSRTC-018,GURUVAYOOR,Thrissur,2021-10,37,27,215425,217055,52793.77527263816,141.48731773067027,51,27,269,5170200,250,200,120,8,0.3638,2021
KSRTC-018,GURUVAYOOR,Thrissur,2021-11,37,26,210009,219501,51466.48695012867,137.93018502634484,51,27,263,5040216,250,200,120,8,0.3764,2021
KSRTC-018,GURUVAYOOR,Thrissur,2021-12,37,26,210703,222072,51636.56414655067,138.3859919127558,51,27,263,5056872,250,200,120,8,0.3785,2021
KSRTC-018,GURUVAYOOR,Thrissur,2022-01,36,26,206704,220305,50656.53718906997,135.75951966670752,51,27,258,4960896,250,200,120,8,0.3835,2022
KSRTC-018,GURUVAYOOR,Thrissur,2022-02,37,27,219316,222292,53747.33488543071,144.0428574929543,51,27,274,5263584,250,200,120,8,0.3638,2022
KSRTC-018,GURUVAYOOR,Thrissur,2022-03,37,27,213648,216708,52358.289425315525,140.32021565984562,51,27,267,5127552,250,200,120,8,0.3664,2022
KSRTC-018,GURUVAYOOR,Thrissur,2022-04,36,33,269846,314314,66130.62124739615,177.2300649430217,51,27,337,6476304,250,200,120,8,0.332,2022
KSRTC-018,GURUVAYOOR,Thrissur,2022-05,35,32,261150,281592,63999.50986398726,171.51868643548588,51,27,326,6267600,250,200,120,8,0.3125,2022
KSRTC-018,GURUVAYOOR,Thrissur,2022-06,36,34,282886,314847,69326.30805048402,185.79450557529717,51,27,354,6789264,250,200,120,8,0.312,2022
KSRTC-018,GURUVAYOOR,Thrissur,2022-07,35,32,265120,302070,64972.42984928318,174.12611199607892,51,27,331,6362880,250,200,120,8,0.3273,2022
KSRTC-018,GURUVAYOOR,Thrissur,2022-08,35,32,257148,285171,63018.747702487446,168.89024384266637,51,27,321,6171552,250,200,120,8,0.3229,2022
KSRTC-018,GURUVAYOOR,Thrissur,2022-09,37,35,290175,311059,71112.60874892783,190.5817914471266,51,27,363,6964200,250,200,120,8,0.2977,2022
KSRTC-018,GURUVAYOOR,Thrissur,2022-10,36,34,282376,323622,69201.3233672344,185.45954662418822,51,27,353,6777024,250,200,120,8,0.3213,2022
KSRTC-018,GURUVAYOOR,Thrissur,2022-11,36,34,279294,307542,68446.02377159662,183.43534370787896,51,27,349,6703056,250,200,120,8,0.3103,2022
KSRTC-018,GURUVAYOOR,Thrissur,2022-12,36,33,276714,330262,67813.74831515746,181.74084548462199,51,27,346,6641136,250,200,120,8,0.3368,2022
KSRTC-018,GURUVAYOOR,Thrissur,2023-01,37,35,295037,337266,72304.12939590737,193.77506678103174,51,27,369,7080888,250,200,120,8,0.3152,2023
KSRTC-018,GURUVAYOOR,Thrissur,2023-02,36,33,268830,301255,65881.63215292244,176.56277416983215,51,27,336,6451920,250,200,120,8,0.3204,2023
KSRTC-018,GURUVAYOOR,Thrissur,2023-03,36,34,277547,317355,68017.88996446514,182.28794510476658,51,27,347,6661128,250,200,120,8,0.3227,2023
KSRTC-018,GURUVAYOOR,Thrissur,2023-04,38,28,290510,324208,71194.70653106237,190.80181350324716,51,27,363,6972240,250,200,120,8,0.3202,2023
KSRTC-018,GURUVAYOOR,Thrissur,2023-05,36,26,263896,292961,64672.46660948414,173.3222105134175,51,27,330,6333504,250,200,120,8,0.3302,2023
KSRTC-018,GURUVAYOOR,Thrissur,2023-06,37,27,281502,328855,68987.13392966549,184.88551893150353,51,27,352,6756048,250,200,120,8,0.3383,2023
KSRTC-018,GURUVAYOOR,Thrissur,2023-07,38,28,297192,343610,72832.25094963853,195.19043254503129,51,27,372,7132608,250,200,120,8,0.3286,2023
KSRTC-018,GURUVAYOOR,Thrissur,2023-08,37,27,273179,324710,66947.43291263326,179.41912020585715,51,27,341,6556296,250,200,120,8,0.3475,2023
KSRTC-018,GURUVAYOOR,Thrissur,2023-09,37,27,284309,329786,69675.03982355104,186.7291067271168,51,27,355,6823416,250,200,120,8,0.3348,2023
KSRTC-018,GURUVAYOOR,Thrissur,2023-10,38,29,300357,348767,73607.89118980517,197.26914838867788,51,27,375,7208568,250,200,120,8,0.3288,2023
KSRTC-018,GURUVAYOOR,Thrissur,2023-11,38,28,297603,352699,72932.97390025732,195.46037005268963,51,27,372,7142472,250,200,120,8,0.3364,2023
KSRTC-018,GURUVAYOOR,Thrissur,2023-12,37,27,283652,323768,69514.03014336478,186.29760078421762,51,27,355,6807648,250,200,120,8,0.33,2023
KSRTC-018,GURUVAYOOR,Thrissur,2024-01,36,25,252982,297759,61997.79438794266,166.15408895968633,51,27,316,6071568,250,200,120,8,0.3538,2024
KSRTC-018,GURUVAYOOR,Thrissur,2024-02,38,28,286309,343636,70165.17583629457,188.04267124126946,51,27,358,6871416,250,200,120,8,0.345,2024
KSRTC-018,GURUVAYOOR,Thrissur,2024-03,37,27,276263,312870,67703.22264428379,181.44463668668055,51,27,345,6630312,250,200,120,8,0.3307,2024
KSRTC-018,GURUVAYOOR,Thrissur,2024-04,36,31,249531,338753,61152.06469795368,163.8875333905159,51,27,312,5988744,250,200,120,8,0.4124,2024
KSRTC-018,GURUVAYOOR,Thrissur,2024-05,36,30,247440,335914,60639.62749663032,162.51420169096926,51,27,309,5938560,250,200,120,8,0.4116,2024
KSRTC-018,GURUVAYOOR,Thrissur,2024-06,36,31,252293,342502,61828.94253155251,165.70156598456072,51,27,315,6055032,250,200,120,8,0.4134,2024
KSRTC-018,GURUVAYOOR,Thrissur,2024-07,34,28,236960,321686,58071.31478985419,155.63112363680924,51,27,296,5687040,250,200,120,8,0.4079,2024
KSRTC-018,GURUVAYOOR,Thrissur,2024-08,35,30,244394,331779,59893.15034922191,160.51364293591473,51,27,306,5865456,250,200,120,8,0.4106,2024
KSRTC-018,GURUVAYOOR,Thrissur,2024-09,36,31,251532,341468,61642.44577870359,165.20175468692565,51,27,314,6036768,250,200,120,8,0.4131,2024
KSRTC-018,GURUVAYOOR,Thrissur,2024-10,35,29,240767,326855,59004.28869011151,158.13149368949885,51,27,301,5778408,250,200,120,8,0.4093,2024
KSRTC-018,GURUVAYOOR,Thrissur,2024-11,36,31,249787,339100,61214.80210758486,164.05566964832744,51,27,312,5994888,250,200,120,8,0.4125,2024
KSRTC-018,GURUVAYOOR,Thrissur,2024-12,36,31,250403,339937,61365.763999509865,164.46024751868646,51,27,313,6009672,250,200,120,8,0.4127,2024
KSRTC-018,GURUVAYOOR,Thrissur,2025-01,37,32,255118,346337,62521.259649552754,167.55697586080137,51,27,319,6122832,250,200,120,8,0.4144,2025
KSRTC-018,GURUVAYOOR,Thrissur,2025-02,35,29,241196,327438,59109.422864845,158.41325327778463,51,27,302,5788704,250,200,120,8,0.4094,2025
KSRTC-018,GURUVAYOOR,Thrissur,2025-03,37,31,253055,343536,62015.6843524078,166.20203406445293,51,27,316,6073320,250,200,120,8,0.4136,2025
KSRTC-018,GURUVAYOOR,Thrissur,2025-04,36,31,250763,340425,61453.9884818037,164.69668913123394,51,27,313,6018312,250,200,120,8,0.4128,2025
KSRTC-018,GURUVAYOOR,Thrissur,2025-05,36,30,247420,335886,60634.72613650288,162.5010660458277,51,27,309,5938080,250,200,120,8,0.4116,2025
KSRTC-018,GURUVAYOOR,Thrissur,2025-06,35,29,240234,326131,58873.667442715356,157.7814287464772,51,27,300,5765616,250,200,120,8,0.4091,2025
KSRTC-018,GURUVAYOOR,Thrissur,2025-07,37,32,253948,344748,62234.53008209779,166.78854062002208,51,27,317,6094752,250,200,120,8,0.4139,2025
KSRTC-018,GURUVAYOOR,Thrissur,2025-08,35,30,245177,332841,60085.03859821101,161.02790344320553,51,27,306,5884248,250,200,120,8,0.4108,2025
KSRTC-018,GURUVAYOOR,Thrissur,2025-09,37,32,256052,347605,62750.15316750399,168.1704104889107,51,27,320,6145248,250,200,120,8,0.4147,2025
KSRTC-018,GURUVAYOOR,Thrissur,2025-10,36,31,250175,339627,61309.8884940571,164.31050116407303,51,27,313,6004200,250,200,120,8,0.4126,2025
KSRTC-018,GURUVAYOOR,Thrissur,2025-11,35,29,241529,327889,59191.0305109668,158.631961769391,51,27,302,5796696,250,200,120,8,0.4095,2025
KSRTC-018,GURUVAYOOR,Thrissur,2025-12,36,30,247323,335755,60610.95453988482,162.43735816689133,51,27,309,5935752,250,200,120,8,0.4116,2025
KSRTC-018,GURUVAYOOR,Thrissur,2026-01,36,30,245855,333762,60251.19470653107,161.47320181350327,51,27,307,5900520,250,200,120,8,0.4111,2026
KSRTC-018,GURUVAYOOR,Thrissur,2026-02,35,30,243591,330689,59696.36074010538,159.98624678348244,51,27,305,5846184,250,200,120,8,0.4103,2026
KSRTC-018,GURUVAYOOR,Thrissur,2026-03,36,31,250403,339937,61365.763999509865,164.46024751868646,51,27,313,6009672,250,200,120,8,0.4127,2026
KSRTC-019,HARIPPAD,Alappuzha,2021-04,44,37,235133,340291,57623.575542212966,154.43118245313076,51,27,294,5643192,250,200,120,8,0.5155,2021
KSRTC-019,HARIPPAD,Alappuzha,2021-05,45,38,245507,352006,60165.91104031369,161.24464158804068,51,27,307,5892168,250,200,120,8,0.5088,2021
KSRTC-019,HARIPPAD,Alappuzha,2021-06,44,37,233080,342707,57120.45092513173,153.08280847935302,51,27,291,5593920,250,200,120,8,0.5224,2021
KSRTC-019,HARIPPAD,Alappuzha,2021-07,45,38,241045,344518,59072.417595882864,158.3140791569661,51,27,301,5785080,250,200,120,8,0.5088,2021
KSRTC-019,HARIPPAD,Alappuzha,2021-08,44,36,229942,332059,56351.42752113712,151.02182575664747,51,27,287,5518608,250,200,120,8,0.5162,2021
KSRTC-019,HARIPPAD,Alappuzha,2021-09,42,34,213623,306772,52352.16272515623,140.3037961034187,51,27,267,5126952,250,200,120,8,0.5195,2021
KSRTC-019,HARIPPAD,Alappuzha,2021-10,43,36,226811,325500,55584.11959318711,148.96544050974146,51,27,284,5443464,250,200,120,8,0.5148,2021
KSRTC-019,HARIPPAD,Alappuzha,2021-11,45,39,251636,370306,61667.932851366255,165.27006004166157,51,27,315,6039264,250,200,120,8,0.5174,2021
KSRTC-019,HARIPPAD,Alappuzha,2021-12,44,37,233465,335791,57214.80210758486,153.33566964832744,51,27,292,5603160,250,200,120,8,0.5135,2021
KSRTC-019,HARIPPAD,Alappuzha,2022-01,45,38,247905,361161,60753.58411959319,162.81960544050978,51,27,310,5949720,250,200,120,8,0.5144,2022
KSRTC-019,HARIPPAD,Alappuzha,2022-02,45,38,246092,360918,60309.27582404117,161.62885920843033,51,27,308,5906208,250,200,120,8,0.5176,2022
KSRTC-019,HARIPPAD,Alappuzha,2022-03,44,37,236316,352114,57913.49099375077,155.20815586325207,51,27,295,5671584,250,200,120,8,0.5268,2022
KSRTC-019,HARIPPAD,Alappuzha,2022-04,48,44,350503,565738,85897.07143732386,230.20415145202796,51,27,438,8412072,250,200,120,8,0.4956,2022
KSRTC-019,HARIPPAD,Alappuzha,2022-05,49,45,364570,579140,89344.44308295552,239.4431074623208,51,27,456,8749680,250,200,120,8,0.4853,2022
KSRTC-019,HARIPPAD,Alappuzha,2022-06,48,44,351172,563567,86061.02193358657,230.643538782012,51,27,439,8428128,250,200,120,8,0.4929,2022
KSRTC-019,HARIPPAD,Alappuzha,2022-07,49,46,370128,595275,90706.53106236982,243.09350324715112,51,27,463,8883072,250,200,120,8,0.4895,2022
KSRTC-019,HARIPPAD,Alappuzha,2022-08,47,43,341152,551635,83605.44050974146,224.06258056610713,51,27,426,8187648,250,200,120,8,0.4988,2022
KSRTC-019,HARIPPAD,Alappuzha,2022-09,45,40,310028,503120,75977.94387942654,203.62088959686315,51,27,388,7440672,250,200,120,8,0.5093,2022
KSRTC-019,HARIPPAD,Alappuzha,2022-10,47,42,336147,521738,82378.87513785076,220.77538536944004,51,27,420,8067528,250,200,120,8,0.4823,2022
KSRTC-019,HARIPPAD,Alappuzha,2022-11,47,42,336505,553436,82466.60948413186,221.0105134174734,51,27,421,8076120,250,200,120,8,0.5076,2022
KSRTC-019,HARIPPAD,Alappuzha,2022-12,47,43,339837,553880,83283.17608136259,223.19891189805173,51,27,425,8156088,250,200,120,8,0.5026,2022
KSRTC-019,HARIPPAD,Alappuzha,2023-01,47,42,333969,522406,81845.11701997304,219.34491361352775,51,27,417,8015256,250,200,120,8,0.4863,2023
KSRTC-019,HARIPPAD,Alappuzha,2023-02,46,42,331415,531511,81219.21333169955,217.66749172895481,51,27,414,7953960,250,200,120,8,0.4978,2023
KSRTC-019,HARIPPAD,Alappuzha,2023-03,46,42,329812,510415,80826.3693174856,216.6146697708614,51,27,412,7915488,250,200,120,8,0.4828,2023
KSRTC-019,HARIPPAD,Alappuzha,2023-04,49,43,390806,568477,95774.04729812524,256.67444675897565,51,27,489,9379344,250,200,120,8,0.4332,2023
KSRTC-019,HARIPPAD,Alappuzha,2023-05,48,41,370933,538849,90903.81080749909,243.62221296409757,51,27,464,8902392,250,200,120,8,0.4376,2023
KSRTC-019,HARIPPAD,Alappuzha,2023-06,49,43,396897,558598,97266.75652493567,260.67490748682764,51,27,496,9525528,250,200,120,8,0.4189,2023
KSRTC-019,HARIPPAD,Alappuzha,2023-07,49,42,386984,561426,94837.39737777233,254.16422497242985,51,27,484,9287616,250,200,120,8,0.4331,2023
KSRTC-019,HARIPPAD,Alappuzha,2023-08,49,43,398216,572076,97590.00122534003,261.54120328391133,51,27,498,9557184,250,200,120,8,0.4266,2023
KSRTC-019,HARIPPAD,Alappuzha,2023-09,49,43,395030,592311,96809.21455703958,259.4486950128661,51,27,494,9480720,250,200,120,8,0.4445,2023
KSRTC-019,HARIPPAD,Alappuzha,2023-10,48,41,369731,539791,90609.23906384021,242.8327606910918,51,27,462,8873544,250,200,120,8,0.44,2023
KSRTC-019,HARIPPAD,Alappuzha,2023-11,51,45,418595,613863,102584.2421271903,274.92576890086997,51,27,523,10046280,250,200,120,8,0.4304,2023
KSRTC-019,HARIPPAD,Alappuzha,2023-12,49,42,384277,554862,94173.99828452396,252.38631540252422,51,27,480,9222648,250,200,120,8,0.4319,2023
KSRTC-019,HARIPPAD,Alappuzha,2024-01,49,43,393450,595562,96422.00710697219,258.4109790466855,51,27,492,9442800,250,200,120,8,0.4488,2024
KSRTC-019,HARIPPAD,Alappuzha,2024-02,47,40,359867,531946,88191.8882489891,236.3542605072908,51,27,450,8636808,250,200,120,8,0.4476,2024
KSRTC-019,HARIPPAD,Alappuzha,2024-03,50,44,401880,591380,98487.9304006862,263.947653473839,51,27,502,9645120,250,200,120,8,0.4353,2024
KSRTC-019,HARIPPAD,Alappuzha,2024-04,47,45,328455,445897,80493.81203283912,215.72341624800887,51,27,411,7882920,250,200,120,8,0.4404,2024
KSRTC-019,HARIPPAD,Alappuzha,2024-05,49,46,336562,456901,82480.57836049504,221.0479500061267,51,27,421,8077488,250,200,120,8,0.4432,2024
KSRTC-019,HARIPPAD,Alappuzha,2024-06,45,40,310387,421368,76065.923293714,203.85667442715354,51,27,388,7449288,250,200,120,8,0.434,2024
KSRTC-019,HARIPPAD,Alappuzha,2024-07,48,46,335101,454919,82122.5340031859,220.0883911285382,51,27,419,8042424,250,200,120,8,0.4427,2024
KSRTC-019,HARIPPAD,Alappuzha,2024-08,48,45,331681,450276,81284.40142139445,217.84219580933714,51,27,415,7960344,250,200,120,8,0.4415,2024
KSRTC-019,HARIPPAD,Alappuzha,2024-09,48,45,331162,449571,81157.2111260875,217.5013258179145,51,27,414,7947888,250,200,120,8,0.4413,2024
KSRTC-019,HARIPPAD,Alappuzha,2024-10,46,43,321297,436179,78739.61524323,211.0221688518564,51,27,402,7711128,250,200,120,8,0.4378,2024
KSRTC-019,HARIPPAD,Alappuzha,2024-11,48,45,331806,450445,81315.03492219091,217.92429359147164,51,27,415,7963344,250,200,120,8,0.4415,2024
KSRTC-019,HARIPPAD,Alappuzha,2024-12,48,46,333246,452400,81667.93285136626,218.87006004166162,51,27,417,7997904,250,200,120,8,0.4421,2024
KSRTC-019,HARIPPAD,Alappuzha,2025-01,50,48,344017,467023,84307.56034799658,225.94426173263085,51,27,430,8256408,250,200,120,8,0.4459,2025
KSRTC-019,HARIPPAD,Alappuzha,2025-02,48,45,332567,451479,81501.53167503983,218.42410488910676,51,27,416,7981608,250,200,120,8,0.4418,2025
KSRTC-019,HARIPPAD,Alappuzha,2025-03,48,45,330760,449026,81058.69378752605,217.2372993505698,51,27,413,7938240,250,200,120,8,0.4412,2025
KSRTC-019,HARIPPAD,Alappuzha,2025-04,48,46,333370,452569,81698.32128415635,218.95150104153905,51,27,417,8000880,250,200,120,8,0.4421,2025
KSRTC-019,HARIPPAD,Alappuzha,2025-05,48,45,331432,449938,81223.37948780788,217.67865702732513,51,27,414,7954368,250,200,120,8,0.4414,2025
KSRTC-019,HARIPPAD,Alappuzha,2025-06,46,42,319407,433614,78276.43671118736,209.78085038598215,51,27,399,7665768,250,200,120,8,0.4372,2025
KSRTC-019,HARIPPAD,Alappuzha,2025-07,49,46,335835,455915,82302.41391986277,220.57046930523222,51,27,420,8060040,250,200,120,8,0.443,2025
KSRTC-019,HARIPPAD,Alappuzha,2025-08,49,47,339698,461159,83249.11162847691,223.10761916431812,51,27,425,8152752,250,200,120,8,0.4443,2025
KSRTC-019,HARIPPAD,Alappuzha,2025-09,49,47,338036,458903,82841.80860188702,222.01604705305724,51,27,423,8112864,250,200,120,8,0.4438,2025
KSRTC-019,HARIPPAD,Alappuzha,2025-10,46,43,321782,436837,78858.4732263203,211.3407082465384,51,27,402,7722768,250,200,120,8,0.438,2025
KSRTC-019,HARIPPAD,Alappuzha,2025-11,46,43,321789,436847,78860.1887023649,211.34530572233794,51,27,402,7722936,250,200,120,8,0.438,2025
KSRTC-019,HARIPPAD,Alappuzha,2025-12,48,46,332844,451855,81569.4155128048,218.60603357431688,51,27,416,7988256,250,200,120,8,0.4419,2025
KSRTC-019,HARIPPAD,Alappuzha,2026-01,47,44,325686,442138,79815.21872319569,213.90478617816447,51,27,407,7816464,250,200,120,8,0.4394,2026
KSRTC-019,HARIPPAD,Alappuzha,2026-02,49,46,336326,456582,82422.7423109913,220.89294939345672,51,27,420,8071824,250,200,120,8,0.4432,2026
KSRTC-019,HARIPPAD,Alappuzha,2026-03,48,45,330850,449148,81080.7499080995,217.29640975370668,51,27,414,7940400,250,200,120,8,0.4412,2026
KSRTC-020,IRINJALAKKUDA,Thrissur,2021-04,38,28,230958,234633,56600.41661561083,151.68911652983704,51,27,289,5542992,250,200,120,8,0.3599,2021
KSRTC-020,IRINJALAKKUDA,Thrissur,2021-05,36,25,200682,212059,49180.73765469918,131.8043769145938,51,27,251,4816368,250,200,120,8,0.3838,2021
KSRTC-020,IRINJALAKKUDA,Thrissur,2021-06,36,25,202426,205828,49608.136257811544,132.94980517093495,51,27,253,4858224,250,200,120,8,0.3721,2021
KSRTC-020,IRINJALAKKUDA,Thrissur,2021-07,36,26,203714,217606,49923.783850018386,133.7957407180493,51,27,255,4889136,250,200,120,8,0.3856,2021
KSRTC-020,IRINJALAKKUDA,Thrissur,2021-08,36,26,205621,213119,50391.128538169345,135.04822448229385,51,27,257,4934904,250,200,120,8,0.376,2021
KSRTC-020,IRINJALAKKUDA,Thrissur,2021-09,37,27,214564,224827,52582.771719152064,140.92182820732754,51,27,268,5149536,250,200,120,8,0.3752,2021
KSRTC-020,IRINJALAKKUDA,Thrissur,2021-10,37,26,211990,227944,51951.966670751135,139.23127067761303,51,27,265,5087760,250,200,120,8,0.3838,2021
KSRTC-020,IRINJALAKKUDA,Thrissur,2021-11,38,27,220071,235081,53932.3612302414,144.53872809704697,51,27,275,5281704,250,200,120,8,0.3785,2021
KSRTC-020,IRINJALAKKUDA,Thrissur,2021-12,38,28,227255,241550,55692.929788016176,149.25705183188336,51,27,284,5454120,250,200,120,8,0.3741,2021
KSRTC-020,IRINJALAKKUDA,Thrissur,2022-01,38,27,222017,233574,54409.263570640855,145.8168263693175,51,27,278,5328408,250,200,120,8,0.3732,2022
KSRTC-020,IRINJALAKKUDA,Thrissur,2022-02,39,28,233047,243691,57112.36368092146,153.0611346648695,51,27,291,5593128,250,200,120,8,0.3672,2022
KSRTC-020,IRINJALAKKUDA,Thrissur,2022-03,37,26,207695,213990,50899.399583384395,136.4103908834702,51,27,260,4984680,250,200,120,8,0.3734,2022
KSRTC-020,IRINJALAKKUDA,Thrissur,2022-04,37,34,286576,315217,70230.60899399583,188.21803210390883,51,27,358,6877824,250,200,120,8,0.3068,2022
KSRTC-020,IRINJALAKKUDA,Thrissur,2022-05,37,35,293259,328956,71868.39848057837,192.60730792795005,51,27,367,7038216,250,200,120,8,0.31,2022
KSRTC-020,IRINJALAKKUDA,Thrissur,2022-06,36,34,278779,319979,68319.81374831517,183.09710084548465,51,27,348,6690696,250,200,120,8,0.3233,2022
KSRTC-020,IRINJALAKKUDA,Thrissur,2022-07,36,34,281122,321483,68894.00808724422,184.63594167381453,51,27,351,6746928,250,200,120,8,0.3211,2022
KSRTC-020,IRINJALAKKUDA,Thrissur,2022-08,36,34,283040,321062,69364.04852346526,185.8956500428869,51,27,354,6792960,250,200,120,8,0.3178,2022
KSRTC-020,IRINJALAKKUDA,Thrissur,2022-09,37,34,287602,322222,70482.04876853328,188.8918906996692,51,27,360,6902448,250,200,120,8,0.312,2022
KSRTC-020,IRINJALAKKUDA,Thrissur,2022-10,36,34,280785,321440,68811.42016909693,184.4146060531798,51,27,351,6738840,250,200,120,8,0.3216,2022
KSRTC-020,IRINJALAKKUDA,Thrissur,2022-11,35,32,261264,288320,64027.44761671364,171.59355961279257,51,27,327,6270336,250,200,120,8,0.3194,2022
KSRTC-020,IRINJALAKKUDA,Thrissur,2022-12,34,31,249648,279834,61180.73765469918,163.9643769145938,51,27,312,5991552,250,200,120,8,0.33,2022
KSRTC-020,IRINJALAKKUDA,Thrissur,2023-01,36,33,273388,310732,66998.65212596496,179.5563876975861,51,27,342,6561312,250,200,120,8,0.3227,2023
KSRTC-020,IRINJALAKKUDA,Thrissur,2023-02,35,32,262076,291821,64226.442837887516,172.12686680553855,51,27,328,6289824,250,200,120,8,0.3217,2023
KSRTC-020,IRINJALAKKUDA,Thrissur,2023-03,36,33,268584,306739,65821.34542335499,176.40120573459137,51,27,336,6446016,250,200,120,8,0.3264,2023
KSRTC-020,IRINJALAKKUDA,Thrissur,2023-04,38,28,293285,339149,71874.77024874403,192.624384266634,51,27,367,7038840,250,200,120,8,0.3302,2023
KSRTC-020,IRINJALAKKUDA,Thrissur,2023-05,37,27,279081,314403,68393.82428623944,183.2954490871217,51,27,349,6697944,250,200,120,8,0.3279,2023
KSRTC-020,IRINJALAKKUDA,Thrissur,2023-06,37,27,279110,314953,68400.93125842421,183.3144957725769,51,27,349,6698640,250,200,120,8,0.3284,2023
KSRTC-020,IRINJALAKKUDA,Thrissur,2023-07,38,28,287567,331068,70473.47138831027,188.86890332067154,51,27,359,6901608,250,200,120,8,0.3311,2023
KSRTC-020,IRINJALAKKUDA,Thrissur,2023-08,37,27,277577,306018,68025.24200465629,182.30764857247888,51,27,347,6661848,250,200,120,8,0.3219,2023
KSRTC-020,IRINJALAKKUDA,Thrissur,2023-09,37,27,276439,322779,67746.35461340523,181.56023036392602,51,27,346,6634536,250,200,120,8,0.3403,2023
KSRTC-020,IRINJALAKKUDA,Thrissur,2023-10,39,29,303532,354794,74385.98211003553,199.35443205489523,51,27,379,7284768,250,200,120,8,0.3297,2023
KSRTC-020,IRINJALAKKUDA,Thrissur,2023-11,38,28,287530,324320,70464.4038720745,188.84460237715967,51,27,359,6900720,250,200,120,8,0.3247,2023
KSRTC-020,IRINJALAKKUDA,Thrissur,2023-12,38,28,291857,325654,71524.81313564515,191.686499203529,51,27,365,7004568,250,200,120,8,0.3196,2023
KSRTC-020,IRINJALAKKUDA,Thrissur,2024-01,36,26,262940,306350,64438.18159539272,172.6943266756525,51,27,329,6310560,250,200,120,8,0.3457,2024
KSRTC-020,IRINJALAKKUDA,Thrissur,2024-02,36,26,261569,294017,64102.19335865703,171.79387820120087,51,27,327,6277656,250,200,120,8,0.3351,2024
KSRTC-020,IRINJALAKKUDA,Thrissur,2024-03,38,28,287268,336745,70400.1960544051,188.67252542580567,51,27,359,6894432,250,200,120,8,0.3369,2024
KSRTC-020,IRINJALAKKUDA,Thrissur,2024-04,36,30,246700,334909,60458.27717191521,162.02818282073275,51,27,308,5920800,250,200,120,8,0.4114,2024
KSRTC-020,IRINJALAKKUDA,Thrissur,2024-05,35,29,238863,324271,58537.679205979664,156.8809802720255,51,27,299,5732712,250,200,120,8,0.4086,2024
KSRTC-020,IRINJALAKKUDA,Thrissur,2024-06,36,31,252632,342963,61912.02058571254,165.9242151697096,51,27,316,6063168,250,200,120,8,0.4135,2024
KSRTC-020,IRINJALAKKUDA,Thrissur,2024-07,37,32,256454,348150,62848.670506065435,168.43443695625538,51,27,321,6154896,250,200,120,8,0.4148,2024
KSRTC-020,IRINJALAKKUDA,Thrissur,2024-08,36,30,245765,333640,60229.138585957604,161.41409141036638,51,27,307,5898360,250,200,120,8,0.411,2024
KSRTC-020,IRINJALAKKUDA,Thrissur,2024-09,36,31,250860,340557,61477.760078421765,164.76039701017032,51,27,314,6020640,250,200,120,8,0.4128,2024
KSRTC-020,IRINJALAKKUDA,Thrissur,2024-10,35,29,239604,325276,58719.274598701144,157.36765592451908,51,27,300,5750496,250,200,120,8,0.4089,2024
KSRTC-020,IRINJALAKKUDA,Thrissur,2024-11,36,30,246644,334834,60444.55336355839,161.9914030143365,51,27,308,5919456,250,200,120,8,0.4113,2024
KSRTC-020,IRINJALAKKUDA,Thrissur,2024-12,35,29,242913,329768,59530.204631785324,159.54094841318468,51,27,304,5829912,250,200,120,8,0.41,2024
KSRTC-020,IRINJALAKKUDA,Thrissur,2025-01,36,31,250424,339965,61370.91042764368,164.47403994608507,51,27,313,6010176,250,200,120,8,0.4127,2025
KSRTC-020,IRINJALAKKUDA,Thrissur,2025-02,36,30,247634,336178,60687.17068986644,162.64161744884206,51,27,310,5943216,250,200,120,8,0.4117,2025
KSRTC-020,IRINJALAKKUDA,Thrissur,2025-03,37,32,253968,344777,62239.43144222522,166.80167626516362,51,27,317,6095232,250,200,120,8,0.4139,2025
KSRTC-020,IRINJALAKKUDA,Thrissur,2025-04,37,32,255921,347427,62718.049258669285,168.0843720132337,51,27,320,6142104,250,200,120,8,0.4146,2025
KSRTC-020,IRINJALAKKUDA,Thrissur,2025-05,37,32,258046,350312,63238.81877220929,169.4800343095209,51,27,323,6193104,250,200,120,8,0.4154,2025
KSRTC-020,IRINJALAKKUDA,Thrissur,2025-06,36,30,246707,334918,60459.992647959814,162.0327802965323,51,27,308,5920968,250,200,120,8,0.4114,2025
KSRTC-020,IRINJALAKKUDA,Thrissur,2025-07,36,31,249503,338715,61145.20279377528,163.86914348731776,51,27,312,5988072,250,200,120,8,0.4124,2025
KSRTC-020,IRINJALAKKUDA,Thrissur,2025-08,36,31,251912,341985,61735.571621124865,165.45133194461465,51,27,315,6045888,250,200,120,8,0.4132,2025
KSRTC-020,IRINJALAKKUDA,Thrissur,2025-09,36,31,248520,337380,60904.30094351183,163.22352652861173,51,27,311,5964480,250,200,120,8,0.412,2025
KSRTC-020,IRINJALAKKUDA,Thrissur,2025-10,36,30,247164,335538,60571.98872687171,162.3329297880162,51,27,309,5931936,250,200,120,8,0.4115,2025
KSRTC-020,IRINJALAKKUDA,Thrissur,2025-11,35,29,242013,328547,59309.64342605073,158.94984438181595,51,27,303,5808312,250,200,120,8,0.4097,2025
KSRTC-020,IRINJALAKKUDA,Thrissur,2025-12,35,30,245322,333039,60120.57345913491,161.12313687048157,51,27,307,5887728,250,200,120,8,0.4109,2025
KSRTC-020,IRINJALAKKUDA,Thrissur,2026-01,35,29,240788,326883,59009.43511824532,158.14528611689744,51,27,301,5778912,250,200,120,8,0.4093,2026
KSRTC-020,IRINJALAKKUDA,Thrissur,2026-02,35,29,242636,329392,59462.32079402034,159.35901972797453,51,27,303,5823264,250,200,120,8,0.4099,2026
KSRTC-020,IRINJALAKKUDA,Thrissur,2026-03,35,30,243931,331150,59779.683862271784,160.2095527508884,51,27,305,5854344,250,200,120,8,0.4104,2026
KSRTC-021,KALPETTA,Wayanad,2021-04,84,62,419649,462543,102842.54380590614,275.6180173998285,51,27,525,10071576,250,200,120,8,0.5056,2021
KSRTC-021,KALPETTA,Wayanad,2021-05,82,59,398057,458702,97551.03541232692,261.4367749050362,51,27,498,9553368,250,200,120,8,0.5192,2021
KSRTC-021,KALPETTA,Wayanad,2021-06,79,55,362021,393155,88719.76473471388,237.76896948903322,51,27,453,8688504,250,200,120,8,0.5016,2021
KSRTC-021,KALPETTA,Wayanad,2021-07,86,64,438456,485940,107451.53780173999,287.97012130866324,51,27,548,10522944,250,200,120,8,0.5077,2021
KSRTC-021,KALPETTA,Wayanad,2021-08,87,65,449125,483386,110066.16836172038,294.97733120941064,51,27,561,10779000,250,200,120,8,0.4993,2021
KSRTC-021,KALPETTA,Wayanad,2021-09,82,59,394446,452680,96666.09484131847,259.0651341747335,51,27,493,9466704,250,200,120,8,0.5179,2021
KSRTC-021,KALPETTA,Wayanad,2021-10,83,60,404477,451111,99124.37201323367,265.65331699546624,51,27,506,9707448,250,200,120,8,0.5091,2021
KSRTC-021,KALPETTA,Wayanad,2021-11,83,60,407275,454192,99810.07229506188,267.4909937507659,51,27,509,9774600,250,200,120,8,0.509,2021
KSRTC-021,KALPETTA,Wayanad,2021-12,82,59,397842,447797,97498.345790957,261.2955667197648,51,27,497,9548208,250,200,120,8,0.5119,2021
KSRTC-021,KALPETTA,Wayanad,2022-01,84,61,413658,458510,101374.34137973288,271.68323489768414,51,27,517,9927792,250,200,120,8,0.5072,2022
KSRTC-021,KALPETTA,Wayanad,2022-02,84,61,412745,459378,101150.59428991546,271.0835926969735,51,27,516,9905880,250,200,120,8,0.5085,2022
KSRTC-021,KALPETTA,Wayanad,2022-03,86,63,433584,490953,106257.56647469674,284.7702781521873,51,27,542,10406016,250,200,120,8,0.5141,2022
KSRTC-021,KALPETTA,Wayanad,2022-04,82,65,567398,759523,139051.09667932853,372.6569391006005,51,27,709,13617552,250,200,120,8,0.5187,2022
KSRTC-021,KALPETTA,Wayanad,2022-05,82,65,570703,749252,139861.0464403872,374.8276044602377,51,27,713,13696872,250,200,120,8,0.5116,2022
KSRTC-021,KALPETTA,Wayanad,2022-06,81,64,560778,757441,137428.74647714742,368.3090405587551,51,27,701,13458672,250,200,120,8,0.522,2022
KSRTC-021,KALPETTA,Wayanad,2022-07,83,67,586300,753826,143683.37213576768,385.07143732385737,51,27,733,14071200,250,200,120,8,0.5043,2022
KSRTC-021,KALPETTA,Wayanad,2022-08,81,64,561508,716616,137607.6461217988,368.78849160642085,51,27,702,13476192,250,200,120,8,0.5016,2022
KSRTC-021,KALPETTA,Wayanad,2022-09,82,66,577046,765239,141415.51280480335,378.993574316873,51,27,721,13849104,250,200,120,8,0.5153,2022
KSRTC-021,KALPETTA,Wayanad,2022-10,80,63,546687,714401,133975.49319936283,359.05432177429236,51,27,683,13120488,250,200,120,8,0.5101,2022
KSRTC-021,KALPETTA,Wayanad,2022-11,82,65,571877,731544,140148.75627986767,375.5986668300453,51,27,715,13725048,250,200,120,8,0.5024,2022
KSRTC-021,KALPETTA,Wayanad,2022-12,79,62,528853,718672,129604.95037372872,347.34126700159294,51,27,661,12692472,250,200,120,8,0.5247,2022
KSRTC-021,KALPETTA,Wayanad,2023-01,84,68,600408,811844,147140.7915696606,394.3373214066904,51,27,751,14409792,250,200,120,8,0.5226,2023
KSRTC-021,KALPETTA,Wayanad,2023-02,84,68,601886,738752,147503.00208307806,395.30804558264924,51,27,752,14445264,250,200,120,8,0.4885,2023
KSRTC-021,KALPETTA,Wayanad,2023-03,83,67,593221,804298,145379.48780786668,389.61702732508274,51,27,742,14237304,250,200,120,8,0.5235,2023
KSRTC-021,KALPETTA,Wayanad,2023-04,79,64,632031,831086,154890.577135155,415.10674672221546,51,27,790,15168744,250,200,120,8,0.4803,2023
KSRTC-021,KALPETTA,Wayanad,2023-05,77,62,598149,768396,146587.18294326676,392.85365028795496,51,27,748,14355576,250,200,120,8,0.4728,2023
KSRTC-021,KALPETTA,Wayanad,2023-06,80,65,644056,864318,157837.51991177554,423.0045533635585,51,27,805,15457344,250,200,120,8,0.4876,2023
KSRTC-021,KALPETTA,Wayanad,2023-07,81,67,665780,861838,163161.3772821958,437.2724911162848,51,27,832,15978720,250,200,120,8,0.4745,2023
KSRTC-021,KALPETTA,Wayanad,2023-08,82,68,675179,854829,165464.77147408406,443.44558755054527,51,27,844,16204296,250,200,120,8,0.4668,2023
KSRTC-021,KALPETTA,Wayanad,2023-09,79,64,626880,828255,153628.23183433403,411.72366131601524,51,27,784,15045120,250,200,120,8,0.4821,2023
KSRTC-021,KALPETTA,Wayanad,2023-10,80,66,653469,835058,160144.345055753,429.186844749418,51,27,817,15683256,250,200,120,8,0.47,2023
KSRTC-021,KALPETTA,Wayanad,2023-11,77,62,601900,811766,147506.43303516725,395.31724053424824,51,27,752,14445600,250,200,120,8,0.4902,2023
KSRTC-021,KALPETTA,Wayanad,2023-12,81,66,657901,860885,161230.48645999265,432.09770371278034,51,27,822,15789624,250,200,120,8,0.4784,2023
KSRTC-021,KALPETTA,Wayanad,2024-01,81,66,661225,872689,162045.09251317242,434.2808479353021,51,27,827,15869400,250,200,120,8,0.4814,2024
KSRTC-021,KALPETTA,Wayanad,2024-02,79,64,632822,815252,155084.4259281951,415.62626148756283,51,27,791,15187728,250,200,120,8,0.473,2024
KSRTC-021,KALPETTA,Wayanad,2024-03,80,66,650608,837328,159443.20548952336,427.3077907119226,51,27,813,15614592,250,200,120,8,0.4725,2024
KSRTC-021,KALPETTA,Wayanad,2024-04,80,66,555419,754012,136115.4270310011,364.789344443083,51,27,694,13330056,250,200,120,8,0.5208,2024
KSRTC-021,KALPETTA,Wayanad,2024-05,78,64,542418,736363,132929.29788016176,356.25051831883354,51,27,678,13018032,250,200,120,8,0.5162,2024
KSRTC-021,KALPETTA,Wayanad,2024-06,84,71,579800,787111,142090.43009435118,380.80235265286115,51,27,725,13915200,250,200,120,8,0.5295,2024
KSRTC-021,KALPETTA,Wayanad,2024-07,79,64,546468,741861,133921.8233059674,358.9104864599926,51,27,683,13115232,250,200,120,8,0.5177,2024
KSRTC-021,KALPETTA,Wayanad,2024-08,82,68,566246,768711,138768.77833598823,371.9003259404485,51,27,708,13589904,250,200,120,8,0.5247,2024
KSRTC-021,KALPETTA,Wayanad,2024-09,81,68,562736,763946,137908.58963362334,369.59502021811056,51,27,703,13505664,250,200,120,8,0.5234,2024
KSRTC-021,KALPETTA,Wayanad,2024-10,80,66,552497,750047,135399.3383163828,362.870226687906,51,27,691,13259928,250,200,120,8,0.5198,2024
KSRTC-021,KALPETTA,Wayanad,2024-11,83,70,572490,777187,140298.98296777357,376.00127435363316,51,27,716,13739760,250,200,120,8,0.5269,2024
KSRTC-021,KALPETTA,Wayanad,2024-12,83,69,571327,775609,140013.9688763632,375.23743658865334,51,27,714,13711848,250,200,120,8,0.5265,2024
KSRTC-021,KALPETTA,Wayanad,2025-01,80,65,550732,747650,134966.79328513663,361.7110060041662,51,27,688,13217568,250,200,120,8,0.5192,2025
KSRTC-021,KALPETTA,Wayanad,2025-02,83,70,574947,780524,140901.115059429,377.6149883592697,51,27,719,13798728,250,200,120,8,0.5278,2025
KSRTC-021,KALPETTA,Wayanad,2025-03,84,71,581351,789217,142470.5305722338,381.8210219335866,51,27,727,13952424,250,200,120,8,0.53,2025
KSRTC-021,KALPETTA,Wayanad,2025-04,81,67,558520,758223,136875.38291875998,366.8260262222767,51,27,698,13404480,250,200,120,8,0.5219,2025
KSRTC-021,KALPETTA,Wayanad,2025-05,80,66,554117,752246,135796.34848670507,363.9342139443696,51,27,693,13298808,250,200,120,8,0.5204,2025
KSRTC-021,KALPETTA,Wayanad,2025-06,81,68,563172,764538,138015.43928440142,369.88137728219584,51,27,704,13516128,250,200,120,8,0.5236,2025
KSRTC-021,KALPETTA,Wayanad,2025-07,80,66,557052,756230,136515.6230854062,365.8618698688886,51,27,696,13369248,250,200,120,8,0.5214,2025
KSRTC-021,KALPETTA,Wayanad,2025-08,84,71,581787,789809,142577.3802230119,382.1073789976719,51,27,727,13962888,250,200,120,8,0.5302,2025
KSRTC-021,KALPETTA,Wayanad,2025-09,81,68,562362,763438,137816.9341992403,369.34938365396397,51,27,703,13496688,250,200,120,8,0.5233,2025
KSRTC-021,KALPETTA,Wayanad,2025-10,79,65,547326,743026,134132.0916554344,359.47400563656424,51,27,684,13135824,250,200,120,8,0.518,2025
KSRTC-021,KALPETTA,Wayanad,2025-11,83,70,574546,779978,140802.8427888739,377.3516186741821,51,27,718,13789104,250,200,120,8,0.5276,2025
KSRTC-021,KALPETTA,Wayanad,2025-12,81,67,557350,756634,136588.653351305,366.0575909814974,51,27,697,13376400,250,200,120,8,0.5215,2025
KSRTC-021,KALPETTA,Wayanad,2026-01,82,68,565671,767931,138627.86423232447,371.52267614262956,51,27,707,13576104,250,200,120,8,0.5245,2026
KSRTC-021,KALPETTA,Wayanad,2026-02,82,68,564550,766408,138353.1429971817,370.786423232447,51,27,706,13549200,250,200,120,8,0.5241,2026
KSRTC-021,KALPETTA,Wayanad,2026-03,82,69,569984,773785,139684.84254380592,374.35537801739986,51,27,713,13679616,250,200,120,8,0.526,2026
KSRTC-022,KANGANGAD,Kasaragod,2021-04,81,55,382503,650184,93739.24764122044,251.2211836784708,51,27,478,9180072,250,200,120,8,0.6681,2021
KSRTC-022,KANGANGAD,Kasaragod,2021-05,83,57,407168,667857,99783.85001838011,267.4207180492587,51,27,509,9772032,250,200,120,8,0.6519,2021
KSRTC-022,KANGANGAD,Kasaragod,2021-06,80,54,372288,618293,91235.87795613283,244.51215292243597,51,27,465,8934912,250,200,120,8,0.6576,2021
KSRTC-022,KANGANGAD,Kasaragod,2021-07,80,54,377377,613669,92483.02904055876,247.85451782869748,51,27,472,9057048,250,200,120,8,0.648,2021
KSRTC-022,KANGANGAD,Kasaragod,2021-08,81,55,385488,603954,94470.77564024017,253.18167871584367,51,27,482,9251712,250,200,120,8,0.6317,2021
KSRTC-022,KANGANGAD,Kasaragod,2021-09,83,57,404802,677792,99204.0191153045,265.8667712290161,51,27,506,9715248,250,200,120,8,0.6613,2021
KSRTC-022,KANGANGAD,Kasaragod,2021-10,83,57,404662,656303,99169.70959441246,265.7748217130254,51,27,506,9711888,250,200,120,8,0.6469,2021
KSRTC-022,KANGANGAD,Kasaragod,2021-11,81,55,387761,646163,95027.8152187232,254.67454478617822,51,27,485,9306264,250,200,120,8,0.659,2021
KSRTC-022,KANGANGAD,Kasaragod,2021-12,80,53,370741,620473,90856.7577502757,243.4961107707389,51,27,463,8897784,250,200,120,8,0.6611,2021
KSRTC-022,KANGANGAD,Kasaragod,2022-01,79,53,366635,619799,89850.50851611323,240.7993628231835,51,27,458,8799240,250,200,120,8,0.6658,2022
KSRTC-022,KANGANGAD,Kasaragod,2022-02,80,53,370442,616916,90783.48241637055,243.29973287587308,51,27,463,8890608,250,200,120,8,0.6588,2022
KSRTC-022,KANGANGAD,Kasaragod,2022-03,82,56,398268,652055,97602.74476167136,261.5753559612793,51,27,498,9558432,250,200,120,8,0.651,2022
KSRTC-022,KANGANGAD,Kasaragod,2022-04,76,65,570203,955916,139738.51243720134,374.4992133316996,51,27,713,13684872,250,200,120,8,0.5827,2022
KSRTC-022,KANGANGAD,Kasaragod,2022-05,77,66,585137,996826,143398.35804435733,384.30759955887765,51,27,731,14043288,250,200,120,8,0.5898,2022
KSRTC-022,KANGANGAD,Kasaragod,2022-06,77,66,586050,944093,143622.10513417475,384.9072417595884,51,27,733,14065200,250,200,120,8,0.5644,2022
KSRTC-022,KANGANGAD,Kasaragod,2022-07,76,65,573175,908259,140466.85455213822,376.4511701997304,51,27,717,13756200,250,200,120,8,0.5575,2022
KSRTC-022,KANGANGAD,Kasaragod,2022-08,77,66,588038,985709,144109.30033084183,386.2129248866561,51,27,735,14112912,250,200,120,8,0.5822,2022
KSRTC-022,KANGANGAD,Kasaragod,2022-09,76,65,571572,955733,140074.01053792427,375.39834824163705,51,27,715,13717728,250,200,120,8,0.5815,2022
KSRTC-022,KANGANGAD,Kasaragod,2022-10,77,66,588432,980576,144205.85712535228,386.47169709594414,51,27,736,14122368,250,200,120,8,0.5795,2022
KSRTC-022,KANGANGAD,Kasaragod,2022-11,77,66,587254,974564,143917.16701384634,385.6980075971082,51,27,734,14094096,250,200,120,8,0.5777,2022
KSRTC-022,KANGANGAD,Kasaragod,2022-12,75,64,555670,959629,136176.93910060043,364.95419678960917,51,27,695,13336080,250,200,120,8,0.597,2022
KSRTC-022,KANGANGAD,Kasaragod,2023-01,77,66,590885,1024624,144807.00894498223,388.0827839725524,51,27,739,14181240,250,200,120,8,0.598,2023
KSRTC-022,KANGANGAD,Kasaragod,2023-02,78,67,600509,1003121,147165.54343830413,394.4036564146551,51,27,751,14412216,250,200,120,8,0.5805,2023
KSRTC-022,KANGANGAD,Kasaragod,2023-03,75,63,553076,951161,135541.23269207205,363.25050361475314,51,27,691,13273824,250,200,120,8,0.5952,2023
KSRTC-022,KANGANGAD,Kasaragod,2023-04,76,63,624121,994136,152952.08920475433,409.9115990687416,51,27,780,14978904,250,200,120,8,0.5446,2023
KSRTC-022,KANGANGAD,Kasaragod,2023-05,78,66,656765,990457,160952.08920475433,431.3515990687416,51,27,821,15762360,250,200,120,8,0.5208,2023
KSRTC-022,KANGANGAD,Kasaragod,2023-06,75,61,594292,953814,145641.95564269085,390.3204411224115,51,27,743,14263008,250,200,120,8,0.5489,2023
KSRTC-022,KANGANGAD,Kasaragod,2023-07,77,64,627647,1050797,153816.19899522117,412.2274133071928,51,27,785,15063528,250,200,120,8,0.5668,2023
KSRTC-022,KANGANGAD,Kasaragod,2023-08,80,69,696887,1095337,170784.7077564024,457.7030167871585,51,27,871,16725288,250,200,120,8,0.5383,2023
KSRTC-022,KANGANGAD,Kasaragod,2023-09,79,67,678639,1083615,166312.7067761304,445.71805416002945,51,27,848,16287336,250,200,120,8,0.545,2023
KSRTC-022,KANGANGAD,Kasaragod,2023-10,77,64,636075,1034730,155881.63215292245,417.7627741698322,51,27,795,15265800,250,200,120,8,0.5536,2023
KSRTC-022,KANGANGAD,Kasaragod,2023-11,76,63,622108,1039376,152458.76730792795,408.58949638524695,51,27,778,14930592,250,200,120,8,0.566,2023
KSRTC-022,KANGANGAD,Kasaragod,2023-12,76,63,620988,1004997,152184.29114079158,407.85390025732147,51,27,776,14903712,250,200,120,8,0.5517,2023
KSRTC-022,KANGANGAD,Kasaragod,2024-01,74,60,585471,958466,143480.21075848548,384.5269648327411,51,27,732,14051304,250,200,120,8,0.5581,2024
KSRTC-022,KANGANGAD,Kasaragod,2024-02,76,63,615044,1007537,150727.6069109178,403.9499865212597,51,27,769,14761056,250,200,120,8,0.5572,2024
KSRTC-022,KANGANGAD,Kasaragod,2024-03,77,65,641961,1042620,157324.10243842666,421.6285945349835,51,27,803,15407064,250,200,120,8,0.5528,2024
KSRTC-022,KANGANGAD,Kasaragod,2024-04,74,65,510436,692946,125091.53290037987,335.24530817301803,51,27,638,12250464,250,200,120,8,0.5049,2024
KSRTC-022,KANGANGAD,Kasaragod,2024-05,76,68,523713,710971,128345.30082097783,343.9654062002206,51,27,655,12569112,250,200,120,8,0.5096,2024
KSRTC-022,KANGANGAD,Kasaragod,2024-06,76,69,528531,717511,129526.038475677,347.12978311481436,51,27,661,12684744,250,200,120,8,0.5113,2024
KSRTC-022,KANGANGAD,Kasaragod,2024-07,75,67,519920,705821,127415.75787280971,341.47423109913007,51,27,650,12478080,250,200,120,8,0.5083,2024
KSRTC-022,KANGANGAD,Kasaragod,2024-08,75,67,516431,701084,126560.71559857861,339.1827178041907,51,27,646,12394344,250,200,120,8,0.507,2024
KSRTC-022,KANGANGAD,Kasaragod,2024-09,76,69,526019,714100,128910.42764367112,345.47994608503865,51,27,658,12624456,250,200,120,8,0.5104,2024
KSRTC-022,KANGANGAD,Kasaragod,2024-10,75,67,519574,705351,127330.96434260508,341.24698443818164,51,27,650,12469776,250,200,120,8,0.5081,2024
KSRTC-022,KANGANGAD,Kasaragod,2024-11,77,70,532484,722878,130494.7923048646,349.7260433770372,51,27,666,12779616,250,200,120,8,0.5127,2024
KSRTC-022,KANGANGAD,Kasaragod,2024-12,76,69,525666,713621,128823.91863742188,345.24810194829064,51,27,657,12615984,250,200,120,8,0.5103,2024
KSRTC-022,KANGANGAD,Kasaragod,2025-01,76,69,525022,712747,128666.09484131847,344.82513417473353,51,27,656,12600528,250,200,120,8,0.5101,2025
KSRTC-022,KANGANGAD,Kasaragod,2025-02,77,70,534097,725067,130890.08699914227,350.7854331577013,51,27,668,12818328,250,200,120,8,0.5133,2025
KSRTC-022,KANGANGAD,Kasaragod,2025-03,74,65,509965,692307,124976.10586937876,334.9359637299351,51,27,637,12239160,250,200,120,8,0.5047,2025
KSRTC-022,KANGANGAD,Kasaragod,2025-04,76,69,526289,714467,128976.5960053915,345.6572772944493,51,27,658,12630936,250,200,120,8,0.5105,2025
KSRTC-022,KANGANGAD,Kasaragod,2025-05,79,73,547001,742585,134052.44455336357,359.2605514030144,51,27,684,13128024,250,200,120,8,0.5179,2025
KSRTC-022,KANGANGAD,Kasaragod,2025-06,74,66,515711,700107,126384.26663399093,338.7098345790957,51,27,645,12377064,250,200,120,8,0.5068,2025
KSRTC-022,KANGANGAD,Kasaragod,2025-07,73,65,508408,690192,124594.53498345791,333.91335375566723,51,27,636,12201792,250,200,120,8,0.5042,2025
KSRTC-022,KANGANGAD,Kasaragod,2025-08,75,67,518071,703311,126962.62712902832,340.2598407057959,51,27,648,12433704,250,200,120,8,0.5076,2025
KSRTC-022,KANGANGAD,Kasaragod,2025-09,75,68,520474,706572,127551.52554833968,341.83808846955037,51,27,651,12491376,250,200,120,8,0.5084,2025
KSRTC-022,KANGANGAD,Kasaragod,2025-10,75,68,522357,709129,128012.9886043377,343.07480945962504,51,27,653,12536568,250,200,120,8,0.5091,2025
KSRTC-022,KANGANGAD,Kasaragod,2025-11,76,68,523554,710754,128306.33500796472,343.8609778213455,51,27,654,12565296,250,200,120,8,0.5095,2025
KSRTC-022,KANGANGAD,Kasaragod,2025-12,77,70,533315,724005,130698.44381815955,350.2718294326676,51,27,667,12799560,250,200,120,8,0.513,2025
KSRTC-022,KANGANGAD,Kasaragod,2026-01,73,64,504282,684591,123583.384389168,331.20347016297023,51,27,630,12102768,250,200,120,8,0.5027,2026
KSRTC-022,KANGANGAD,Kasaragod,2026-02,77,71,534630,725791,131020.70824653842,351.13549810072294,51,27,668,12831120,250,200,120,8,0.5135,2026
KSRTC-022,KANGANGAD,Kasaragod,2026-03,75,67,517753,702879,126884.69550300209,340.05098394804565,51,27,647,12426072,250,200,120,8,0.5075,2026
KSRTC-023,KANIYAPURAM,Thiruvananthapuram,2021-04,56,54,250927,448159,61494.179634848675,164.80440142139446,51,27,314,6022248,250,200,120,8,0.6577,2021
KSRTC-023,KANIYAPURAM,Thiruvananthapuram,2021-05,57,55,259230,463957,63528.979291753465,170.2576645018993,51,27,324,6221520,250,200,120,8,0.6574,2021
KSRTC-023,KANIYAPURAM,Thiruvananthapuram,2021-06,56,54,251952,459551,61745.374341379735,165.47760323489769,51,27,315,6046848,250,200,120,8,0.6679,2021
KSRTC-023,KANIYAPURAM,Thiruvananthapuram,2021-07,57,56,265222,469003,64997.4267859331,174.19310378630072,51,27,332,6365328,250,200,120,8,0.6507,2021
KSRTC-023,KANIYAPURAM,Thiruvananthapuram,2021-08,58,58,277322,504282,67962.7496630315,182.1401690969244,51,27,347,6655728,250,200,120,8,0.6628,2021
KSRTC-023,KANIYAPURAM,Thiruvananthapuram,2021-09,54,52,236842,429037,58042.39676510232,155.5536233304742,51,27,296,5684208,250,200,120,8,0.6672,2021
KSRTC-023,KANIYAPURAM,Thiruvananthapuram,2021-10,56,54,251969,446746,61749.54049748806,165.488768533268,51,27,315,6047256,250,200,120,8,0.654,2021
KSRTC-023,KANIYAPURAM,Thiruvananthapuram,2021-11,55,53,243765,424002,59739.00257321407,160.10052689621372,51,27,305,5850360,250,200,120,8,0.6461,2021
KSRTC-023,KANIYAPURAM,Thiruvananthapuram,2021-12,57,55,260346,486746,63802.47518686436,170.9906335007965,51,27,325,6248304,250,200,120,8,0.6791,2021
KSRTC-023,KANIYAPURAM,Thiruvananthapuram,2022-01,56,55,257394,474030,63079.0344320549,169.05181227790712,51,27,322,6177456,250,200,120,8,0.6719,2022
KSRTC-023,KANIYAPURAM,Thiruvananthapuram,2022-02,53,50,226822,421828,55586.8153412572,148.9726651145693,51,27,284,5443728,250,200,120,8,0.6824,2022
KSRTC-023,KANIYAPURAM,Thiruvananthapuram,2022-03,54,51,230493,422526,56486.459992647964,151.38371278029655,51,27,288,5531832,250,200,120,8,0.6744,2022
KSRTC-023,KANIYAPURAM,Thiruvananthapuram,2022-04,57,55,385993,782989,94594.53498345791,253.51335375566723,51,27,483,9263832,250,200,120,8,0.6494,2022
KSRTC-023,KANIYAPURAM,Thiruvananthapuram,2022-05,57,56,391384,801181,95915.69660580812,257.0540669035658,51,27,489,9393216,250,200,120,8,0.6537,2022
KSRTC-023,KANIYAPURAM,Thiruvananthapuram,2022-06,56,55,381462,745795,93484.13184658744,250.53747334885435,51,27,477,9155088,250,200,120,8,0.63,2022
KSRTC-023,KANIYAPURAM,Thiruvananthapuram,2022-07,57,55,386711,801827,94770.49381203284,253.98492341624802,51,27,483,9281064,250,200,120,8,0.6616,2022
KSRTC-023,KANIYAPURAM,Thiruvananthapuram,2022-08,56,55,380593,787907,93271.16774905036,249.966729567455,51,27,476,9134232,250,200,120,8,0.6617,2022
KSRTC-023,KANIYAPURAM,Thiruvananthapuram,2022-09,56,54,374931,759047,91883.59269697341,246.24802842788876,51,27,469,8998344,250,200,120,8,0.6501,2022
KSRTC-023,KANIYAPURAM,Thiruvananthapuram,2022-10,55,53,366334,770739,89776.74304619532,240.60167136380346,51,27,458,8792016,250,200,120,8,0.6734,2022
KSRTC-023,KANIYAPURAM,Thiruvananthapuram,2022-11,56,55,382539,798144,93748.07008944983,251.24482783972556,51,27,478,9180936,250,200,120,8,0.6658,2022
KSRTC-023,KANIYAPURAM,Thiruvananthapuram,2022-12,58,58,409126,828407,100263.69317485603,268.7066977086142,51,27,511,9819024,250,200,120,8,0.6451,2022
KSRTC-023,KANIYAPURAM,Thiruvananthapuram,2023-01,55,52,359289,683719,88050.23894130622,235.97464036270068,51,27,449,8622936,250,200,120,8,0.6196,2023
KSRTC-023,KANIYAPURAM,Thiruvananthapuram,2023-02,56,55,383957,769533,94095.57652248499,252.1761450802598,51,27,480,9214968,250,200,120,8,0.6431,2023
KSRTC-023,KANIYAPURAM,Thiruvananthapuram,2023-03,57,55,386828,765211,94799.16676877833,254.06176694032595,51,27,484,9283872,250,200,120,8,0.6355,2023
KSRTC-023,KANIYAPURAM,Thiruvananthapuram,2023-04,65,43,391233,783577,95878.69133684598,256.95489278274727,51,27,489,9389592,250,200,120,8,0.6882,2023
KSRTC-023,KANIYAPURAM,Thiruvananthapuram,2023-05,65,43,392615,790937,96217.37532165177,257.8625658620267,51,27,491,9422760,250,200,120,8,0.6913,2023
KSRTC-023,KANIYAPURAM,Thiruvananthapuram,2023-06,65,43,388860,771931,95297.14495772577,255.3963484867051,51,27,486,9332640,250,200,120,8,0.6836,2023
KSRTC-023,KANIYAPURAM,Thiruvananthapuram,2023-07,67,45,419186,822399,102729.07731895601,275.3139272148021,51,27,524,10060464,250,200,120,8,0.6749,2023
KSRTC-023,KANIYAPURAM,Thiruvananthapuram,2023-08,66,43,396278,829652,97115.05942899155,260.2683592696974,51,27,495,9510672,250,200,120,8,0.7127,2023
KSRTC-023,KANIYAPURAM,Thiruvananthapuram,2023-09,66,44,403105,816974,98788.1387084916,264.7522117387575,51,27,504,9674520,250,200,120,8,0.6938,2023
KSRTC-023,KANIYAPURAM,Thiruvananthapuram,2023-10,66,43,399144,827097,97817.42433525303,262.1506972184781,51,27,499,9579456,250,200,120,8,0.7065,2023
KSRTC-023,KANIYAPURAM,Thiruvananthapuram,2023-11,67,44,411093,839303,100745.7419433893,269.9985884082833,51,27,514,9866232,250,200,120,8,0.6973,2023
KSRTC-023,KANIYAPURAM,Thiruvananthapuram,2023-12,65,43,389054,770738,95344.6881509619,255.5237642445779,51,27,486,9337296,250,200,120,8,0.6825,2023
KSRTC-023,KANIYAPURAM,Thiruvananthapuram,2024-01,65,43,390841,800250,95782.62467834825,256.69743413797335,51,27,489,9380184,250,200,120,8,0.7005,2024
KSRTC-023,KANIYAPURAM,Thiruvananthapuram,2024-02,64,42,378548,777493,92770.0036760201,248.6236098517339,51,27,473,9085152,250,200,120,8,0.7035,2024
KSRTC-023,KANIYAPURAM,Thiruvananthapuram,2024-03,65,42,384228,810431,94161.98995221175,252.3541330719275,51,27,480,9221472,250,200,120,8,0.718,2024
KSRTC-023,KANIYAPURAM,Thiruvananthapuram,2024-04,48,61,328905,446508,80604.09263570642,216.0189682636932,51,27,411,7893720,250,200,120,8,0.4405,2024
KSRTC-023,KANIYAPURAM,Thiruvananthapuram,2024-05,48,63,333294,452466,81679.69611567211,218.90158559000125,51,27,417,7999056,250,200,120,8,0.4421,2024
KSRTC-023,KANIYAPURAM,Thiruvananthapuram,2024-06,49,64,337939,458772,82818.03700526897,221.95233917412085,51,27,422,8110536,250,200,120,8,0.4437,2024
KSRTC-023,KANIYAPURAM,Thiruvananthapuram,2024-07,48,62,330837,449129,81077.56402401667,217.28787158436467,51,27,414,7940088,250,200,120,8,0.4412,2024
KSRTC-023,KANIYAPURAM,Thiruvananthapuram,2024-08,48,61,328947,446564,80614.38549197403,216.0465531184904,51,27,411,7894728,250,200,120,8,0.4405,2024
KSRTC-023,KANIYAPURAM,Thiruvananthapuram,2024-09,47,60,326545,443303,80025.73214066905,214.46896213699307,51,27,408,7837080,250,200,120,8,0.4397,2024
KSRTC-023,KANIYAPURAM,Thiruvananthapuram,2024-10,49,65,340701,462521,83494.91483886779,223.76637176816567,51,27,426,8176824,250,200,120,8,0.4447,2024
KSRTC-023,KANIYAPURAM,Thiruvananthapuram,2024-11,46,59,320757,435446,78607.27851978925,210.66750643303521,51,27,401,7698168,250,200,120,8,0.4376,2024
KSRTC-023,KANIYAPURAM,Thiruvananthapuram,2024-12,47,61,327105,444064,80162.97022423723,214.83676020095578,51,27,409,7850520,250,200,120,8,0.4399,2024
KSRTC-023,KANIYAPURAM,Thiruvananthapuram,2025-01,47,60,324835,440982,79606.66584977332,213.3458644773925,51,27,406,7796040,250,200,120,8,0.4391,2025
KSRTC-023,KANIYAPURAM,Thiruvananthapuram,2025-02,45,57,314818,427383,77151.81962994732,206.76687660825885,51,27,394,7555632,250,200,120,8,0.4355,2025
KSRTC-023,KANIYAPURAM,Thiruvananthapuram,2025-03,48,63,334935,454693,82081.85271412818,219.97936527386355,51,27,419,8038440,250,200,120,8,0.4427,2025
KSRTC-023,KANIYAPURAM,Thiruvananthapuram,2025-04,47,61,328393,445812,80478.61781644406,215.6826957480701,51,27,411,7881432,250,200,120,8,0.4403,2025
KSRTC-023,KANIYAPURAM,Thiruvananthapuram,2025-05,47,60,326385,443087,79986.52125964955,214.36387697586082,51,27,408,7833240,250,200,120,8,0.4396,2025
KSRTC-023,KANIYAPURAM,Thiruvananthapuram,2025-06,46,59,320799,435503,78617.57137605686,210.69509128783238,51,27,401,7699176,250,200,120,8,0.4376,2025
KSRTC-023,KANIYAPURAM,Thiruvananthapuram,2025-07,49,64,338451,459467,82943.5118245313,222.2886116897439,51,27,423,8122824,250,200,120,8,0.4439,2025
KSRTC-023,KANIYAPURAM,Thiruvananthapuram,2025-08,47,60,323873,439675,79370.91042764367,212.71403994608505,51,27,405,7772952,250,200,120,8,0.4387,2025
KSRTC-023,KANIYAPURAM,Thiruvananthapuram,2025-09,47,60,324779,440906,79592.94204141649,213.3090846709962,51,27,406,7794696,250,200,120,8,0.4391,2025
KSRTC-023,KANIYAPURAM,Thiruvananthapuram,2025-10,47,61,328296,445681,80454.84621982601,215.61898786913372,51,27,410,7879104,250,200,120,8,0.4403,2025
KSRTC-023,KANIYAPURAM,Thiruvananthapuram,2025-11,46,58,317933,431612,77915.20646979538,208.81275333905162,51,27,397,7630392,250,200,120,8,0.4366,2025
KSRTC-023,KANIYAPURAM,Thiruvananthapuram,2025-12,48,63,334962,454731,82088.46955030021,219.99709839480457,51,27,419,8039088,250,200,120,8,0.4427,2025
KSRTC-023,KANIYAPURAM,Thiruvananthapuram,2026-01,49,64,338500,459533,82955.52015684353,222.32079402034066,51,27,423,8124000,250,200,120,8,0.4439,2026
KSRTC-023,KANIYAPURAM,Thiruvananthapuram,2026-02,48,62,331169,449581,81158.9266021321,217.50592329371403,51,27,414,7948056,250,200,120,8,0.4413,2026
KSRTC-023,KANIYAPURAM,Thiruvananthapuram,2026-03,49,63,336084,456253,82363.43585344934,220.73400808724423,51,27,420,8066016,250,200,120,8,0.4431,2026
KSRTC-024,KANNUR,Kannur,2021-04,103,77,544281,661720,133385.85957603235,357.4741036637667,51,27,680,13062744,250,200,120,8,0.5636,2021
KSRTC-024,KANNUR,Kannur,2021-05,103,76,543279,671539,133140.30143364784,356.81600784217625,51,27,679,13038696,250,200,120,8,0.5691,2021
KSRTC-024,KANNUR,Kannur,2021-06,100,73,510578,585034,125126.33255728465,335.3385712535229,51,27,638,12253872,250,200,120,8,0.5422,2021
KSRTC-024,KANNUR,Kannur,2021-07,103,77,546551,657089,133942.16395049627,358.96499938733,51,27,683,13117224,250,200,120,8,0.56,2021
KSRTC-024,KANNUR,Kannur,2021-08,103,77,551054,621915,135045.70518318834,361.9224898909448,51,27,689,13225296,250,200,120,8,0.5402,2021
KSRTC-024,KANNUR,Kannur,2021-09,102,76,540661,635316,132498.71339296654,355.0965518931504,51,27,676,12975864,250,200,120,8,0.5522,2021
KSRTC-024,KANNUR,Kannur,2021-10,104,78,559257,665677,137055.99803945597,367.31007474574204,51,27,699,13422168,250,200,120,8,0.5577,2021
KSRTC-024,KANNUR,Kannur,2021-11,100,73,512210,586238,125526.28354368338,336.4104398970715,51,27,640,12293040,250,200,120,8,0.542,2021
KSRTC-024,KANNUR,Kannur,2021-12,105,79,571387,647665,140028.6729567455,375.2768435240779,51,27,714,13713288,250,200,120,8,0.5432,2021
KSRTC-024,KANNUR,Kannur,2022-01,103,77,551050,655424,135044.72491116286,361.9198627619165,51,27,689,13225200,250,200,120,8,0.5569,2022
KSRTC-024,KANNUR,Kannur,2022-02,103,77,545810,632270,133760.5685577748,358.47832373483647,51,27,682,13099440,250,200,120,8,0.548,2022
KSRTC-024,KANNUR,Kannur,2022-03,104,78,558719,646724,136924.15145202793,366.95672589143487,51,27,698,13409256,250,200,120,8,0.5487,2022
KSRTC-024,KANNUR,Kannur,2022-04,103,88,757454,1000272,185627.7416983213,497.48234775150115,51,27,947,18178896,250,200,120,8,0.5607,2022
KSRTC-024,KANNUR,Kannur,2022-05,100,84,706885,958387,173234.89768410736,464.26952579340775,51,27,884,16965240,250,200,120,8,0.567,2022
KSRTC-024,KANNUR,Kannur,2022-06,102,87,742530,986899,181970.34677122903,487.6805293468938,51,27,928,17820720,250,200,120,8,0.562,2022
KSRTC-024,KANNUR,Kannur,2022-07,105,90,777620,1047242,190569.78311481437,510.7270187477025,51,27,972,18662880,250,200,120,8,0.5695,2022
KSRTC-024,KANNUR,Kannur,2022-08,103,88,756801,1049207,185467.71229016053,497.0534689376302,51,27,946,18163224,250,200,120,8,0.5787,2022
KSRTC-024,KANNUR,Kannur,2022-09,105,91,793205,1066155,194389.16799411838,520.9629702242373,51,27,992,19036920,250,200,120,8,0.5701,2022
KSRTC-024,KANNUR,Kannur,2022-10,104,89,762870,988135,186955.0300208308,501.03948045582655,51,27,954,18308880,250,200,120,8,0.5542,2022
KSRTC-024,KANNUR,Kannur,2022-11,105,90,781171,1015150,191440.01960544052,513.0592525425807,51,27,977,18748104,250,200,120,8,0.5569,2022
KSRTC-024,KANNUR,Kannur,2022-12,101,84,715091,945996,175245.92574439407,469.65908099497614,51,27,894,17162184,250,200,120,8,0.5585,2022
KSRTC-024,KANNUR,Kannur,2023-01,101,85,716118,937734,175497.6105869379,470.3335963729936,51,27,895,17186832,250,200,120,8,0.5549,2023
KSRTC-024,KANNUR,Kannur,2023-02,100,83,700994,974055,171791.20205857127,460.40042151697105,51,27,876,16823856,250,200,120,8,0.5759,2023
KSRTC-024,KANNUR,Kannur,2023-03,104,90,775828,991885,190130.62124739616,509.55006494302177,51,27,970,18619872,250,200,120,8,0.5507,2023
KSRTC-024,KANNUR,Kannur,2023-04,98,84,819843,1151662,200917.28954784953,538.4583359882369,51,27,1025,19676232,250,200,120,8,0.5495,2023
KSRTC-024,KANNUR,Kannur,2023-05,94,79,757676,1037844,185682.14679573584,497.6281534125721,51,27,947,18184224,250,200,120,8,0.5365,2023
KSRTC-024,KANNUR,Kannur,2023-06,95,80,773586,1062528,189581.17877711065,508.07755912265657,51,27,967,18566064,250,200,120,8,0.5383,2023
KSRTC-024,KANNUR,Kannur,2023-07,96,82,787631,1112834,193023.15892660213,517.3020659232938,51,27,985,18903144,250,200,120,8,0.5498,2023
KSRTC-024,KANNUR,Kannur,2023-08,92,77,724544,1025404,177562.5536086264,475.8676436711188,51,27,906,17389056,250,200,120,8,0.5477,2023
KSRTC-024,KANNUR,Kannur,2023-09,97,84,813548,1158682,199374.58644773925,534.3238916799412,51,27,1017,19525152,250,200,120,8,0.5544,2023
KSRTC-024,KANNUR,Kannur,2023-10,95,80,765000,1087431,187477.02487440265,502.4384266633991,51,27,956,18360000,250,200,120,8,0.551,2023
KSRTC-024,KANNUR,Kannur,2023-11,94,80,763683,1040706,187154.27031001105,501.5734444308297,51,27,955,18328392,250,200,120,8,0.5348,2023
KSRTC-024,KANNUR,Kannur,2023-12,94,78,748759,1122896,183496.87538291878,491.77162602622235,51,27,936,17970216,250,200,120,8,0.5717,2023
KSRTC-024,KANNUR,Kannur,2024-01,94,78,748114,1097775,183338.80651880897,491.34800147040806,51,27,935,17954736,250,200,120,8,0.5628,2024
KSRTC-024,KANNUR,Kannur,2024-02,98,84,821294,1121344,201272.88322509496,539.4113270432545,51,27,1027,19711056,250,200,120,8,0.5388,2024
KSRTC-024,KANNUR,Kannur,2024-03,96,81,785276,1116140,192446.02377159664,515.755343707879,51,27,982,18846624,250,200,120,8,0.552,2024
KSRTC-024,KANNUR,Kannur,2024-04,95,87,659673,895543,161664.74696728343,433.26152187231963,51,27,825,15832152,250,200,120,8,0.5578,2024
KSRTC-024,KANNUR,Kannur,2024-05,91,81,629885,855104,154364.6611934812,413.6972919985297,51,27,787,15117240,250,200,120,8,0.5472,2024
KSRTC-024,KANNUR,Kannur,2024-06,93,83,641162,870413,157128.29310133564,421.1038255115796,51,27,802,15387888,250,200,120,8,0.5512,2024
KSRTC-024,KANNUR,Kannur,2024-07,96,89,666685,905063,163383.16382796227,437.86687905893893,51,27,833,16000440,250,200,120,8,0.5603,2024
KSRTC-024,KANNUR,Kannur,2024-08,95,87,660794,897065,161939.4682024262,433.99777478250223,51,27,826,15859056,250,200,120,8,0.5582,2024
KSRTC-024,KANNUR,Kannur,2024-09,89,78,618234,839288,151509.37385124373,406.0451219213332,51,27,773,14837616,250,200,120,8,0.5431,2024
KSRTC-024,KANNUR,Kannur,2024-10,93,84,646824,878101,158515.8681534126,424.8225266511458,51,27,809,15523776,250,200,120,8,0.5533,2024
KSRTC-024,KANNUR,Kannur,2024-11,95,86,655277,889575,160587.42801127315,430.37430707021207,51,27,819,15726648,250,200,120,8,0.5562,2024
KSRTC-024,KANNUR,Kannur,2024-12,92,82,635721,863027,155794.87807866684,417.5302732508272,51,27,795,15257304,250,200,120,8,0.5493,2024
KSRTC-024,KANNUR,Kannur,2025-01,97,89,670181,909809,164239.92157823796,440.1629898296777,51,27,838,16084344,250,200,120,8,0.5615,2025
KSRTC-024,KANNUR,Kannur,2025-02,95,87,658434,893861,161361.10770738882,432.44776865580207,51,27,823,15802416,250,200,120,8,0.5574,2025
KSRTC-024,KANNUR,Kannur,2025-03,95,87,657125,892085,161040.31368704815,431.5880406812891,51,27,821,15771000,250,200,120,8,0.5569,2025
KSRTC-024,KANNUR,Kannur,2025-04,92,82,636025,863440,155869.37875260386,417.7299350569784,51,27,795,15264600,250,200,120,8,0.5494,2025
KSRTC-024,KANNUR,Kannur,2025-05,96,88,665377,903287,163062.614875628,437.00780786668304,51,27,832,15969048,250,200,120,8,0.5598,2025
KSRTC-024,KANNUR,Kannur,2025-06,93,83,642775,872603,157523.5877956133,422.1632152922437,51,27,804,15426600,250,200,120,8,0.5518,2025
KSRTC-024,KANNUR,Kannur,2025-07,96,88,661957,898644,162224.48229383654,434.76161254748195,51,27,827,15886968,250,200,120,8,0.5586,2025
KSRTC-024,KANNUR,Kannur,2025-08,91,81,630362,855753,154481.55863252052,414.010577135155,51,27,788,15128688,250,200,120,8,0.5474,2025
KSRTC-024,KANNUR,Kannur,2025-09,95,86,655464,889829,160633.25572846466,430.4971253522853,51,27,819,15731136,250,200,120,8,0.5563,2025
KSRTC-024,KANNUR,Kannur,2025-10,93,84,645571,876400,158208.79794142875,423.9995784830291,51,27,807,15493704,250,200,120,8,0.5528,2025
KSRTC-024,KANNUR,Kannur,2025-11,93,84,646111,877133,158341.13466486952,424.35424090185035,51,27,808,15506664,250,200,120,8,0.553,2025
KSRTC-024,KANNUR,Kannur,2025-12,97,89,668250,907187,163766.69525793407,438.89474329126335,51,27,835,16038000,250,200,120,8,0.5608,2025
KSRTC-024,KANNUR,Kannur,2026-01,94,85,651490,884435,159659.35547114324,427.88707266266385,51,27,814,15635760,250,200,120,8,0.5549,2026
KSRTC-024,KANNUR,Kannur,2026-02,94,86,652909,886361,160007.1069721848,428.81904668545525,51,27,816,15669816,250,200,120,8,0.5554,2026
KSRTC-024,KANNUR,Kannur,2026-03,93,84,643695,873853,157749.05036147533,422.7674549687539,51,27,805,15448680,250,200,120,8,0.5521,2026
KSRTC-025,KARUNAGAPPALLY,Kollam,2021-04,63,55,295238,483118,72353.38806518809,193.9070800147041,51,27,369,7085712,250,200,120,8,0.6232,2021
KSRTC-025,KARUNAGAPPALLY,Kollam,2021-05,62,54,287856,476829,70544.2960421517,189.05871339296658,51,27,360,6908544,250,200,120,8,0.6296,2021
KSRTC-025,KARUNAGAPPALLY,Kollam,2021-06,66,60,330119,541766,80901.60519544173,216.81630192378387,51,27,413,7922856,250,200,120,8,0.6215,2021
KSRTC-025,KARUNAGAPPALLY,Kollam,2021-07,65,58,311061,524813,76231.09913000859,204.29934566842303,51,27,389,7465464,250,200,120,8,0.6355,2021
KSRTC-025,KARUNAGAPPALLY,Kollam,2021-08,64,57,309298,524933,75799.04423477515,203.14143854919743,51,27,387,7423152,250,200,120,8,0.6384,2021
KSRTC-025,KARUNAGAPPALLY,Kollam,2021-09,63,55,292998,499259,71804.43573091533,192.43588775885308,51,27,366,7031952,250,200,120,8,0.642,2021
KSRTC-025,KARUNAGAPPALLY,Kollam,2021-10,64,56,300563,524473,73658.37519911776,197.4044455336356,51,27,376,7213512,250,200,120,8,0.6524,2021
KSRTC-025,KARUNAGAPPALLY,Kollam,2021-11,62,53,280924,451259,68845.4846219826,184.50589878691338,51,27,351,6742176,250,200,120,8,0.6167,2021
KSRTC-025,KARUNAGAPPALLY,Kollam,2021-12,62,54,287599,480978,70481.31356451416,188.88992035289795,51,27,360,6902376,250,200,120,8,0.6339,2021
KSRTC-025,KARUNAGAPPALLY,Kollam,2022-01,66,60,328758,579692,80568.06763876976,215.92242127190298,51,27,411,7890192,250,200,120,8,0.655,2022
KSRTC-025,KARUNAGAPPALLY,Kollam,2022-02,65,58,315228,517779,77252.29751255974,207.03615733366013,51,27,394,7565472,250,200,120,8,0.623,2022
KSRTC-025,KARUNAGAPPALLY,Kollam,2022-03,64,57,305683,528717,74913.12339174122,200.76717068986648,51,27,382,7336392,250,200,120,8,0.6477,2022
KSRTC-025,KARUNAGAPPALLY,Kollam,2022-04,65,45,450207,808599,110331.33194461463,295.6879696115672,51,27,563,10804968,250,200,120,8,0.6047,2022
KSRTC-025,KARUNAGAPPALLY,Kollam,2022-05,66,45,457235,858086,112053.66989339542,300.30383531429976,51,27,572,10973640,250,200,120,8,0.6262,2022
KSRTC-025,KARUNAGAPPALLY,Kollam,2022-06,66,46,466549,861154,114336.23330474207,306.42110525670876,51,27,583,11197176,250,200,120,8,0.617,2022
KSRTC-025,KARUNAGAPPALLY,Kollam,2022-07,65,44,444989,803543,109052.56708736676,292.2608797941429,51,27,556,10679736,250,200,120,8,0.6078,2022
KSRTC-025,KARUNAGAPPALLY,Kollam,2022-08,63,43,422620,783835,103570.64085283667,277.56931748560226,51,27,528,10142880,250,200,120,8,0.6235,2022
KSRTC-025,KARUNAGAPPALLY,Kollam,2022-09,65,44,441798,804441,108270.55507903444,290.16508761181234,51,27,552,10603152,250,200,120,8,0.6122,2022
KSRTC-025,KARUNAGAPPALLY,Kollam,2022-10,64,43,429576,786581,105275.33390515868,282.13789486582533,51,27,537,10309824,250,200,120,8,0.6163,2022
KSRTC-025,KARUNAGAPPALLY,Kollam,2022-11,66,46,466214,844502,114254.13552260752,306.2010832005882,51,27,583,11189136,250,200,120,8,0.6076,2022
KSRTC-025,KARUNAGAPPALLY,Kollam,2022-12,66,46,462916,827221,113445.90123759344,304.03501531675045,51,27,579,11109984,250,200,120,8,0.6011,2022
KSRTC-025,KARUNAGAPPALLY,Kollam,2023-01,64,44,432938,751109,106099.25254258057,284.3459968141159,51,27,541,10390512,250,200,120,8,0.5896,2023
KSRTC-025,KARUNAGAPPALLY,Kollam,2023-02,67,47,473832,854349,116121.06359514766,311.20445043499575,51,27,592,11371968,250,200,120,8,0.6047,2023
KSRTC-025,KARUNAGAPPALLY,Kollam,2023-03,65,44,440349,799792,107915.45153780174,289.2134101213087,51,27,550,10568376,250,200,120,8,0.6111,2023
KSRTC-025,KARUNAGAPPALLY,Kollam,2023-04,67,45,489850,908565,120046.56292121064,321.7247886288445,51,27,612,11756400,250,200,120,8,0.616,2023
KSRTC-025,KARUNAGAPPALLY,Kollam,2023-05,66,44,469948,877256,115169.21945839972,308.65350814851126,51,27,587,11278752,250,200,120,8,0.6209,2023
KSRTC-025,KARUNAGAPPALLY,Kollam,2023-06,67,44,475467,797322,116521.7497855655,312.27828942531556,51,27,594,11411208,250,200,120,8,0.5685,2023
KSRTC-025,KARUNAGAPPALLY,Kollam,2023-07,70,48,525942,935692,128891.5574071805,345.4293738512438,51,27,657,12622608,250,200,120,8,0.5931,2023
KSRTC-025,KARUNAGAPPALLY,Kollam,2023-08,68,46,493201,854881,120867.78581056243,323.92566597230734,51,27,617,11836824,250,200,120,8,0.5825,2023
KSRTC-025,KARUNAGAPPALLY,Kollam,2023-09,66,44,465857,842093,114166.6462443328,305.9666119348119,51,27,582,11180568,250,200,120,8,0.6051,2023
KSRTC-025,KARUNAGAPPALLY,Kollam,2023-10,66,43,459240,837131,112545.03124617082,301.62068373973784,51,27,574,11021760,250,200,120,8,0.6099,2023
KSRTC-025,KARUNAGAPPALLY,Kollam,2023-11,69,47,515382,914737,126303.63925989463,338.49375321651763,51,27,644,12369168,250,200,120,8,0.5925,2023
KSRTC-025,KARUNAGAPPALLY,Kollam,2023-12,69,47,517297,901811,126772.94449209656,339.7514912388188,51,27,647,12415128,250,200,120,8,0.5838,2023
KSRTC-025,KARUNAGAPPALLY,Kollam,2024-01,69,47,509503,914025,124862.884450435,334.6325303271658,51,27,637,12228072,250,200,120,8,0.5981,2024
KSRTC-025,KARUNAGAPPALLY,Kollam,2024-02,67,45,481457,880623,117989.70714373239,316.21241514520284,51,27,602,11554968,250,200,120,8,0.6096,2024
KSRTC-025,KARUNAGAPPALLY,Kollam,2024-03,66,44,465119,849385,113985.78605563044,305.4819066290896,51,27,581,11162856,250,200,120,8,0.6103,2024
KSRTC-025,KARUNAGAPPALLY,Kollam,2024-04,67,62,460780,625535,112922.43597598335,302.6321284156354,51,27,576,11058720,250,200,120,8,0.4873,2024
KSRTC-025,KARUNAGAPPALLY,Kollam,2024-05,64,59,444526,603469,108939.10060041663,291.9567896091166,51,27,556,10668624,250,200,120,8,0.4815,2024
KSRTC-025,KARUNAGAPPALLY,Kollam,2024-06,68,65,472549,641512,115806.64134297268,310.3617987991668,51,27,591,11341176,250,200,120,8,0.4915,2024
KSRTC-025,KARUNAGAPPALLY,Kollam,2024-07,67,63,462442,627791,113329.73900257322,303.7237005268962,51,27,578,11098608,250,200,120,8,0.4879,2024
KSRTC-025,KARUNAGAPPALLY,Kollam,2024-08,66,61,454675,617246,111426.2957970837,298.6224727361843,51,27,568,10912200,250,200,120,8,0.4851,2024
KSRTC-025,KARUNAGAPPALLY,Kollam,2024-09,67,63,464013,629924,113714.74084058327,304.75550545276315,51,27,580,11136312,250,200,120,8,0.4884,2024
KSRTC-025,KARUNAGAPPALLY,Kollam,2024-10,66,61,457277,620780,112063.96274966304,300.331420169097,51,27,572,10974648,250,200,120,8,0.486,2024
KSRTC-025,KARUNAGAPPALLY,Kollam,2024-11,64,59,444997,604108,109054.52763141772,292.2661340521995,51,27,556,10679928,250,200,120,8,0.4817,2024
KSRTC-025,KARUNAGAPPALLY,Kollam,2024-12,68,64,469648,637574,115095.69905648819,308.45647347138834,51,27,587,11271552,250,200,120,8,0.4904,2024
KSRTC-025,KARUNAGAPPALLY,Kollam,2025-01,67,64,466983,633956,114442.59281950742,306.7061487562799,51,27,584,11207592,250,200,120,8,0.4895,2025
KSRTC-025,KARUNAGAPPALLY,Kollam,2025-02,68,64,469530,637414,115066.78103173632,308.37897316505337,51,27,587,11268720,250,200,120,8,0.4904,2025
KSRTC-025,KARUNAGAPPALLY,Kollam,2025-03,67,63,463999,629905,113711.30988849407,304.7463105011641,51,27,580,11135976,250,200,120,8,0.4884,2025
KSRTC-025,KARUNAGAPPALLY,Kollam,2025-04,67,63,462947,628477,113453.49834579097,304.0553755667198,51,27,579,11110728,250,200,120,8,0.488,2025
KSRTC-025,KARUNAGAPPALLY,Kollam,2025-05,64,59,446243,605800,109359.88236735694,293.0844847445166,51,27,558,10709832,250,200,120,8,0.4821,2025
KSRTC-025,KARUNAGAPPALLY,Kollam,2025-06,65,60,449753,610565,110220.07106972186,295.3897904668546,51,27,562,10794072,250,200,120,8,0.4834,2025
KSRTC-025,KARUNAGAPPALLY,Kollam,2025-07,65,60,450251,611241,110342.114936895,295.7168680308786,51,27,563,10806024,250,200,120,8,0.4835,2025
KSRTC-025,KARUNAGAPPALLY,Kollam,2025-08,67,62,460552,625225,112866.56047053057,302.482382061022,51,27,576,11053248,250,200,120,8,0.4872,2025
KSRTC-025,KARUNAGAPPALLY,Kollam,2025-09,67,64,466491,633288,114322.0193603725,306.38301188579834,51,27,583,11195784,250,200,120,8,0.4893,2025
KSRTC-025,KARUNAGAPPALLY,Kollam,2025-10,65,60,448956,609484,110024.75186864355,294.8663350079647,51,27,561,10774944,250,200,120,8,0.4831,2025
KSRTC-025,KARUNAGAPPALLY,Kollam,2025-11,70,67,481230,653296,117934.076706286,316.0633255728465,51,27,602,11549520,250,200,120,8,0.4945,2025
KSRTC-025,KARUNAGAPPALLY,Kollam,2025-12,66,61,457070,620498,112013.23367234408,300.1954662418822,51,27,571,10969680,250,200,120,8,0.486,2025
KSRTC-025,KARUNAGAPPALLY,Kollam,2026-01,66,61,457444,621006,112104.88910672712,300.44110280602865,51,27,572,10978656,250,200,120,8,0.4861,2026
KSRTC-025,KARUNAGAPPALLY,Kollam,2026-02,68,64,468900,636559,114912.3881877221,307.9652003430952,51,27,586,11253600,250,200,120,8,0.4902,2026
KSRTC-025,KARUNAGAPPALLY,Kollam,2026-03,70,67,481596,653794,118023.77159661807,316.30370787893645,51,27,602,11558304,250,200,120,8,0.4947,2026
KSRTC-026,KASARGODE,Kasaragod,2021-04,79,53,367179,593390,89983.82551157947,241.156652371033,51,27,459,8812296,250,200,120,8,0.6454,2021
KSRTC-026,KASARGODE,Kasaragod,2021-05,82,56,397460,664824,97404.72981252299,261.0446758975616,51,27,497,9539040,250,200,120,8,0.6607,2021
KSRTC-026,KASARGODE,Kasaragod,2021-06,84,59,420434,696182,103034.92219090798,276.1335914716334,51,27,526,10090416,250,200,120,8,0.6565,2021
KSRTC-026,KASARGODE,Kasaragod,2021-07,79,53,369616,599760,90581.05624310746,242.757230731528,51,27,462,8870784,250,200,120,8,0.6472,2021
KSRTC-026,KASARGODE,Kasaragod,2021-08,80,54,375124,591172,91930.89082220316,246.37478740350448,51,27,469,9002976,250,200,120,8,0.6343,2021
KSRTC-026,KASARGODE,Kasaragod,2021-09,80,54,373126,631047,91441.24494547237,245.06253645386596,51,27,466,8955024,250,200,120,8,0.6659,2021
KSRTC-026,KASARGODE,Kasaragod,2021-10,80,54,378868,621869,92848.42543805907,248.83378017399832,51,27,474,9092832,250,200,120,8,0.6522,2021
KSRTC-026,KASARGODE,Kasaragod,2021-11,79,53,368443,582203,90293.59147163338,241.98682514397748,51,27,461,8842632,250,200,120,8,0.6355,2021
KSRTC-026,KASARGODE,Kasaragod,2021-12,82,57,401306,660319,98347.2613650288,263.5706604582772,51,27,502,9631344,250,200,120,8,0.6533,2021
KSRTC-026,KASARGODE,Kasaragod,2022-01,81,55,387854,634657,95050.60654331578,254.7356255360863,51,27,485,9308496,250,200,120,8,0.6507,2022
KSRTC-026,KASARGODE,Kasaragod,2022-02,82,56,399477,656848,97899.03198137484,262.3694057100846,51,27,499,9587448,250,200,120,8,0.653,2022
KSRTC-026,KASARGODE,Kasaragod,2022-03,81,55,389246,635624,95391.74120818528,255.64986643793657,51,27,487,9341904,250,200,120,8,0.6498,2022
KSRTC-026,KASARGODE,Kasaragod,2022-04,76,65,577540,958102,141536.57639995098,379.3180247518686,51,27,722,13860960,250,200,120,8,0.5777,2022
KSRTC-026,KASARGODE,Kasaragod,2022-05,76,65,571753,975360,140118.36784707758,375.51722583016794,51,27,715,13722072,250,200,120,8,0.5907,2022
KSRTC-026,KASARGODE,Kasaragod,2022-06,77,66,590695,988140,144760.4460237716,387.9579953437079,51,27,738,14176680,250,200,120,8,0.5813,2022
KSRTC-026,KASARGODE,Kasaragod,2022-07,76,64,567186,995080,138999.14226197771,372.51770126210033,51,27,709,13612464,250,200,120,8,0.6042,2022
KSRTC-026,KASARGODE,Kasaragod,2022-08,76,65,578409,974442,141749.54049748805,379.88876853326803,51,27,723,13881816,250,200,120,8,0.5848,2022
KSRTC-026,KASARGODE,Kasaragod,2022-09,75,63,553656,920504,135683.37213576768,363.63143732385737,51,27,692,13287744,250,200,120,8,0.5795,2022
KSRTC-026,KASARGODE,Kasaragod,2022-10,78,67,600032,975960,147048.64599926482,394.09037127802975,51,27,750,14400768,250,200,120,8,0.5684,2022
KSRTC-026,KASARGODE,Kasaragod,2022-11,77,66,580897,975530,142359.26969734102,381.52284278887396,51,27,726,13941528,250,200,120,8,0.5832,2022
KSRTC-026,KASARGODE,Kasaragod,2022-12,78,67,602105,1022093,147556.67197647347,395.4518808969489,51,27,753,14450520,250,200,120,8,0.5879,2022
KSRTC-026,KASARGODE,Kasaragod,2023-01,76,65,577320,991804,141482.6614385492,379.1735326553119,51,27,722,13855680,250,200,120,8,0.5939,2023
KSRTC-026,KASARGODE,Kasaragod,2023-02,77,66,580937,960272,142369.0724175959,381.549114079157,51,27,726,13942488,250,200,120,8,0.576,2023
KSRTC-026,KASARGODE,Kasaragod,2023-03,76,65,569470,962809,139558.87758853083,374.01779193726264,51,27,712,13667280,250,200,120,8,0.5866,2023
KSRTC-026,KASARGODE,Kasaragod,2023-04,78,65,650311,1048942,159370.42029163093,427.1127263815709,51,27,813,15607464,250,200,120,8,0.5496,2023
KSRTC-026,KASARGODE,Kasaragod,2023-05,79,67,673747,1044913,165113.8340889597,442.50507535841206,51,27,842,16169928,250,200,120,8,0.5324,2023
KSRTC-026,KASARGODE,Kasaragod,2023-06,78,66,656119,1082196,160793.77527263816,430.92731773067027,51,27,820,15746856,250,200,120,8,0.5595,2023
KSRTC-026,KASARGODE,Kasaragod,2023-07,78,65,645084,1023146,158089.4498223257,423.6797255238329,51,27,806,15482016,250,200,120,8,0.5423,2023
KSRTC-026,KASARGODE,Kasaragod,2023-08,76,63,615483,979449,150835.191765715,404.2383139321162,51,27,769,14771592,250,200,120,8,0.5444,2023
KSRTC-026,KASARGODE,Kasaragod,2023-09,78,66,655228,1086521,160575.41967896093,430.3421247396153,51,27,819,15725472,250,200,120,8,0.5619,2023
KSRTC-026,KASARGODE,Kasaragod,2023-10,75,61,593730,956319,145504.22742310993,389.9513294939346,51,27,742,14249520,250,200,120,8,0.5505,2023
KSRTC-026,KASARGODE,Kasaragod,2023-11,76,63,622475,960657,152548.7072662664,408.83053547359395,51,27,778,14939400,250,200,120,8,0.531,2023
KSRTC-026,KASARGODE,Kasaragod,2023-12,75,61,599226,977394,146851.12118612917,393.5610047788262,51,27,749,14381424,250,200,120,8,0.5559,2023
KSRTC-026,KASARGODE,Kasaragod,2024-01,77,64,627488,1012430,153777.23318220806,412.1229849283176,51,27,784,15059712,250,200,120,8,0.5501,2024
KSRTC-026,KASARGODE,Kasaragod,2024-02,76,62,613361,1012855,150315.1574561941,402.84462198260024,51,27,767,14720664,250,200,120,8,0.5609,2024
KSRTC-026,KASARGODE,Kasaragod,2024-03,78,65,647748,1025350,158742.3109913001,425.4293934566843,51,27,810,15545952,250,200,120,8,0.5414,2024
KSRTC-026,KASARGODE,Kasaragod,2024-04,75,68,521014,707305,127683.86227178042,342.19275088837156,51,27,651,12504336,250,200,120,8,0.5086,2024
KSRTC-026,KASARGODE,Kasaragod,2024-05,74,66,513897,697644,125939.71327043255,337.5184315647592,51,27,642,12333528,250,200,120,8,0.5061,2024
KSRTC-026,KASARGODE,Kasaragod,2024-06,78,72,539268,732087,132157.3336600907,354.1816542090431,51,27,674,12942432,250,200,120,8,0.5151,2024
KSRTC-026,KASARGODE,Kasaragod,2024-07,75,68,520377,706441,127527.7539517216,341.77438059061393,51,27,651,12489048,250,200,120,8,0.5084,2024
KSRTC-026,KASARGODE,Kasaragod,2024-08,76,69,524959,712662,128650.65555691705,344.7837568925377,51,27,656,12599016,250,200,120,8,0.51,2024
KSRTC-026,KASARGODE,Kasaragod,2024-09,77,70,533606,724400,130769.75860801373,350.46295306947684,51,27,667,12806544,250,200,120,8,0.5131,2024
KSRTC-026,KASARGODE,Kasaragod,2024-10,75,67,517947,703142,126932.23869623822,340.1783997059184,51,27,647,12430728,250,200,120,8,0.5076,2024
KSRTC-026,KASARGODE,Kasaragod,2024-11,76,69,527002,715435,129151.32949393458,346.1255630437447,51,27,659,12648048,250,200,120,8,0.5108,2024
KSRTC-026,KASARGODE,Kasaragod,2024-12,76,69,526233,714391,128962.87219703468,345.620497488053,51,27,658,12629592,250,200,120,8,0.5105,2024
KSRTC-026,KASARGODE,Kasaragod,2025-01,75,68,521318,707719,127758.36294571744,342.39241269452276,51,27,652,12511632,250,200,120,8,0.5087,2025
KSRTC-026,KASARGODE,Kasaragod,2025-02,75,67,515925,700398,126436.71118735449,338.85038598211,51,27,645,12382200,250,200,120,8,0.5068,2025
KSRTC-026,KASARGODE,Kasaragod,2025-03,74,65,510304,692767,125059.18392353879,335.158612915084,51,27,638,12247296,250,200,120,8,0.5048,2025
KSRTC-026,KASARGODE,Kasaragod,2025-04,77,71,536001,727652,131356.6964832741,352.03594657517465,51,27,670,12864024,250,200,120,8,0.514,2025
KSRTC-026,KASARGODE,Kasaragod,2025-05,74,66,513987,697767,125961.769391006,337.5775419678961,51,27,643,12335688,250,200,120,8,0.5061,2025
KSRTC-026,KASARGODE,Kasaragod,2025-06,77,70,533578,724362,130762.89670383531,350.44456316627867,51,27,667,12805872,250,200,120,8,0.5131,2025
KSRTC-026,KASARGODE,Kasaragod,2025-07,75,68,521290,707681,127751.50104153903,342.3740227913246,51,27,652,12510960,250,200,120,8,0.5087,2025
KSRTC-026,KASARGODE,Kasaragod,2025-08,77,71,535973,727614,131349.8345790957,352.01755667197654,51,27,670,12863352,250,200,120,8,0.5139,2025
KSRTC-026,KASARGODE,Kasaragod,2025-09,74,66,512326,695511,125554.7114324225,336.48662663889235,51,27,640,12295824,250,200,120,8,0.5056,2025
KSRTC-026,KASARGODE,Kasaragod,2025-10,75,68,522128,708818,127956.86803087857,342.9244063227546,51,27,653,12531072,250,200,120,8,0.509,2025
KSRTC-026,KASARGODE,Kasaragod,2025-11,75,67,516507,701187,126579.34076706287,339.2326332557285,51,27,646,12396168,250,200,120,8,0.507,2025
KSRTC-026,KASARGODE,Kasaragod,2025-12,77,71,535295,726693,131183.67847077566,351.5722583016788,51,27,669,12847080,250,200,120,8,0.5137,2025
KSRTC-026,KASARGODE,Kasaragod,2026-01,73,65,507757,689309,124434.9957113099,333.48578850631054,51,27,635,12186168,250,200,120,8,0.5039,2026
KSRTC-026,KASARGODE,Kasaragod,2026-02,73,65,508761,690671,124681.04398970715,334.1451978924152,51,27,636,12210264,250,200,120,8,0.5043,2026
KSRTC-026,KASARGODE,Kasaragod,2026-03,76,69,528248,717126,129456.68422987379,346.9439137360618,51,27,660,12677952,250,200,120,8,0.5112,2026
KSRTC-027,KATTAKKADA,Thiruvananthapuram,2021-04,55,52,241100,432225,59085.89633623331,158.35020218110526,51,27,301,5786400,250,200,120,8,0.6612,2021
KSRTC-027,KATTAKKADA,Thiruvananthapuram,2021-05,57,56,261694,490119,64132.826859453504,171.8759759833354,51,27,327,6280656,250,200,120,8,0.6798,2021
KSRTC-027,KATTAKKADA,Thiruvananthapuram,2021-06,57,56,264256,448461,64760.691091777975,173.55865212596498,51,27,330,6342144,250,200,120,8,0.6313,2021
KSRTC-027,KATTAKKADA,Thiruvananthapuram,2021-07,56,54,249188,454093,61068.00637176817,163.66225707633868,51,27,312,5980512,250,200,120,8,0.6679,2021
KSRTC-027,KATTAKKADA,Thiruvananthapuram,2021-08,56,54,251333,463820,61593.67724543561,165.07105501776743,51,27,314,6031992,250,200,120,8,0.6739,2021
KSRTC-027,KATTAKKADA,Thiruvananthapuram,2021-09,56,55,256118,455454,62766.32765592452,168.21375811787775,51,27,320,6146832,250,200,120,8,0.6547,2021
KSRTC-027,KATTAKKADA,Thiruvananthapuram,2021-10,54,51,234968,420031,57583.13932116162,154.32281338071317,51,27,294,5639232,250,200,120,8,0.661,2021
KSRTC-027,KATTAKKADA,Thiruvananthapuram,2021-11,55,52,238889,445142,58544.05097414533,156.8980566107095,51,27,299,5733336,250,200,120,8,0.681,2021
KSRTC-027,KATTAKKADA,Thiruvananthapuram,2021-12,55,53,245222,422925,60096.06665849774,161.05745864477396,51,27,307,5885328,250,200,120,8,0.6418,2021
KSRTC-027,KATTAKKADA,Thiruvananthapuram,2022-01,57,56,262151,460947,64244.822938365396,172.1761254748193,51,27,328,6291624,250,200,120,8,0.6484,2022
KSRTC-027,KATTAKKADA,Thiruvananthapuram,2022-02,56,55,255781,455123,62683.739737777236,167.992422497243,51,27,320,6138744,250,200,120,8,0.6551,2022
KSRTC-027,KATTAKKADA,Thiruvananthapuram,2022-03,56,54,251584,428750,61655.18931503493,165.2359073642936,51,27,314,6038016,250,200,120,8,0.6352,2022
KSRTC-027,KATTAKKADA,Thiruvananthapuram,2022-04,54,52,352916,701542,86488.42053669893,231.78896703835315,51,27,441,8469984,250,200,120,8,0.6441,2022
KSRTC-027,KATTAKKADA,Thiruvananthapuram,2022-05,58,58,408056,793059,100001.47040803824,268.00394069354246,51,27,510,9793344,250,200,120,8,0.623,2022
KSRTC-027,KATTAKKADA,Thiruvananthapuram,2022-06,59,59,418308,811315,102513.9076093616,274.73727239308914,51,27,523,10039392,250,200,120,8,0.6206,2022
KSRTC-027,KATTAKKADA,Thiruvananthapuram,2022-07,56,54,376385,756127,92239.92157823796,247.20298982967773,51,27,471,9033240,250,200,120,8,0.6456,2022
KSRTC-027,KATTAKKADA,Thiruvananthapuram,2022-08,55,53,368408,725350,90285.01409141037,241.96383776497981,51,27,461,8841792,250,200,120,8,0.636,2022
KSRTC-027,KATTAKKADA,Thiruvananthapuram,2022-09,56,54,375822,758640,92101.94829065066,246.8332214189438,51,27,470,9019728,250,200,120,8,0.6483,2022
KSRTC-027,KATTAKKADA,Thiruvananthapuram,2022-10,57,56,391788,757095,96014.7040803823,257.3194069354246,51,27,490,9402912,250,200,120,8,0.6222,2022
KSRTC-027,KATTAKKADA,Thiruvananthapuram,2022-11,56,55,385514,794216,94477.14740840584,253.19875505452765,51,27,482,9252336,250,200,120,8,0.6581,2022
KSRTC-027,KATTAKKADA,Thiruvananthapuram,2022-12,57,57,399204,785250,97832.12841563535,262.1901041539027,51,27,499,9580896,250,200,120,8,0.6306,2022
KSRTC-027,KATTAKKADA,Thiruvananthapuram,2023-01,56,54,377458,757685,92502.87954907487,247.90771719152067,51,27,472,9058992,250,200,120,8,0.645,2023
KSRTC-027,KATTAKKADA,Thiruvananthapuram,2023-02,56,54,378530,764843,92765.59245190541,248.61178777110652,51,27,473,9084720,250,200,120,8,0.6484,2023
KSRTC-027,KATTAKKADA,Thiruvananthapuram,2023-03,55,52,356759,725055,87430.21688518564,234.31298125229753,51,27,446,8562216,250,200,120,8,0.6555,2023
KSRTC-027,KATTAKKADA,Thiruvananthapuram,2023-04,65,43,394152,806057,96594.04484744517,258.8720401911531,51,27,493,9459648,250,200,120,8,0.6995,2023
KSRTC-027,KATTAKKADA,Thiruvananthapuram,2023-05,65,43,390510,795404,95701.50716823919,256.48003921088105,51,27,488,9372240,250,200,120,8,0.6976,2023
KSRTC-027,KATTAKKADA,Thiruvananthapuram,2023-06,68,46,425573,882865,104294.3266756525,279.5087954907487,51,27,532,10213752,250,200,120,8,0.7053,2023
KSRTC-027,KATTAKKADA,Thiruvananthapuram,2023-07,65,42,387907,800457,95063.59514765348,254.77043499571135,51,27,485,9309768,250,200,120,8,0.7052,2023
KSRTC-027,KATTAKKADA,Thiruvananthapuram,2023-08,65,42,387240,803822,94900.13478740351,254.33236123024142,51,27,484,9293760,250,200,120,8,0.7086,2023
KSRTC-027,KATTAKKADA,Thiruvananthapuram,2023-09,67,45,414218,860861,101511.57946330107,272.05103296164685,51,27,518,9941232,250,200,120,8,0.7071,2023
KSRTC-027,KATTAKKADA,Thiruvananthapuram,2023-10,65,42,382197,771717,93664.25683127069,251.02020830780543,51,27,478,9172728,250,200,120,8,0.6936,2023
KSRTC-027,KATTAKKADA,Thiruvananthapuram,2023-11,67,45,417767,830296,102381.32581791448,274.3819531920108,51,27,522,10026408,250,200,120,8,0.682,2023
KSRTC-027,KATTAKKADA,Thiruvananthapuram,2023-12,64,41,372501,764894,91288.07744149002,244.65204754319328,51,27,466,8940024,250,200,120,8,0.704,2023
KSRTC-027,KATTAKKADA,Thiruvananthapuram,2024-01,67,44,410393,862676,100574.19433892905,269.5388408283299,51,27,513,9849432,250,200,120,8,0.7139,2024
KSRTC-027,KATTAKKADA,Thiruvananthapuram,2024-02,65,42,383930,764429,94088.95968631296,252.15841195931873,51,27,480,9214320,250,200,120,8,0.6857,2024
KSRTC-027,KATTAKKADA,Thiruvananthapuram,2024-03,64,42,377797,771144,92585.9576032349,248.13036637666954,51,27,472,9067128,250,200,120,8,0.7001,2024
KSRTC-027,KATTAKKADA,Thiruvananthapuram,2024-04,48,63,335586,455576,82241.3919862762,220.4069305232202,51,27,420,8054064,250,200,120,8,0.4429,2024
KSRTC-027,KATTAKKADA,Thiruvananthapuram,2024-05,47,61,326939,443839,80122.28893517952,214.72773434628112,51,27,409,7846536,250,200,120,8,0.4398,2024
KSRTC-027,KATTAKKADA,Thiruvananthapuram,2024-06,46,59,320861,435587,78632.7655924519,210.73581178777113,51,27,401,7700664,250,200,120,8,0.4377,2024
KSRTC-027,KATTAKKADA,Thiruvananthapuram,2024-07,48,62,332297,451112,81435.36331331945,218.24677367969613,51,27,415,7975128,250,200,120,8,0.4417,2024
KSRTC-027,KATTAKKADA,Thiruvananthapuram,2024-08,48,63,334333,453875,81934.32177429237,219.58398235510356,51,27,418,8023992,250,200,120,8,0.4424,2024
KSRTC-027,KATTAKKADA,Thiruvananthapuram,2024-09,48,63,334222,453725,81907.1192255851,219.51107952456812,51,27,418,8021328,250,200,120,8,0.4424,2024
KSRTC-027,KATTAKKADA,Thiruvananthapuram,2024-10,47,61,327846,445070,80344.56561695872,215.32343585344935,51,27,410,7868304,250,200,120,8,0.4401,2024
KSRTC-027,KATTAKKADA,Thiruvananthapuram,2024-11,48,63,334686,454355,82020.83078054161,219.81582649185154,51,27,418,8032464,250,200,120,8,0.4426,2024
KSRTC-027,KATTAKKADA,Thiruvananthapuram,2024-12,48,62,330463,448622,80985.90858963363,217.04223502021816,51,27,413,7931112,250,200,120,8,0.4411,2024
KSRTC-027,KATTAKKADA,Thiruvananthapuram,2025-01,47,59,323298,438895,79229.99632397991,212.33639014826616,51,27,404,7759152,250,200,120,8,0.4385,2025
KSRTC-027,KATTAKKADA,Thiruvananthapuram,2025-02,47,60,325984,442542,79888.24898909447,214.10050729077318,51,27,408,7823616,250,200,120,8,0.4395,2025
KSRTC-027,KATTAKKADA,Thiruvananthapuram,2025-03,47,59,323097,438623,79180.73765469919,212.20437691459384,51,27,404,7754328,250,200,120,8,0.4385,2025
KSRTC-027,KATTAKKADA,Thiruvananthapuram,2025-04,48,61,329784,447701,80819.50741330719,216.59627986766327,51,27,412,7914816,250,200,120,8,0.4408,2025
KSRTC-027,KATTAKKADA,Thiruvananthapuram,2025-05,49,64,337593,458302,82733.24347506433,221.72509251317243,51,27,422,8102232,250,200,120,8,0.4436,2025
KSRTC-027,KATTAKKADA,Thiruvananthapuram,2025-06,47,60,326558,443322,80028.91802475187,214.477500306335,51,27,408,7837392,250,200,120,8,0.4397,2025
KSRTC-027,KATTAKKADA,Thiruvananthapuram,2025-07,47,60,324883,441047,79618.42911407916,213.37739002573215,51,27,406,7797192,250,200,120,8,0.4391,2025
KSRTC-027,KATTAKKADA,Thiruvananthapuram,2025-08,47,59,322502,437815,79034.92219090798,211.8135914716334,51,27,403,7740048,250,200,120,8,0.4382,2025
KSRTC-027,KATTAKKADA,Thiruvananthapuram,2025-09,47,60,324399,440390,79499.81619899522,213.05950741330722,51,27,406,7785576,250,200,120,8,0.4389,2025
KSRTC-027,KATTAKKADA,Thiruvananthapuram,2025-10,47,61,326870,443745,80105.37924273986,214.68241637054282,51,27,409,7844880,250,200,120,8,0.4398,2025
KSRTC-027,KATTAKKADA,Thiruvananthapuram,2025-11,48,62,331723,450332,81294.69427766206,217.86978066413434,51,27,415,7961352,250,200,120,8,0.4415,2025
KSRTC-027,KATTAKKADA,Thiruvananthapuram,2025-12,49,64,338915,460097,83057.22337948781,222.59335865702735,51,27,424,8133960,250,200,120,8,0.4441,2025
KSRTC-027,KATTAKKADA,Thiruvananthapuram,2026-01,45,57,314776,427327,77141.5267736797,206.73929175346157,51,27,393,7554624,250,200,120,8,0.4355,2026
KSRTC-027,KATTAKKADA,Thiruvananthapuram,2026-02,49,65,342134,464467,83846.09729199854,224.7075407425561,51,27,428,8211216,250,200,120,8,0.4452,2026
KSRTC-027,KATTAKKADA,Thiruvananthapuram,2026-03,48,61,329487,447297,80746.72221541477,216.4012155373116,51,27,412,7907688,250,200,120,8,0.4407,2026
KSRTC-028,KATTAPPANA,Idukki,2021-04,29,21,158206,127400,38771.229016051955,103.90689376301926,51,27,198,3796944,250,200,120,8,0.3085,2021
KSRTC-028,KATTAPPANA,Idukki,2021-05,29,21,150092,121481,36782.74721235143,98.57776252910183,51,27,188,3602208,250,200,120,8,0.315,2021
KSRTC-028,KATTAPPANA,Idukki,2021-06,29,21,154671,118780,37904.91361352776,101.58516848425441,51,27,193,3712104,250,200,120,8,0.3006,2021
KSRTC-028,KATTAPPANA,Idukki,2021-07,29,21,158280,125582,38789.364048523465,103.95549565004289,51,27,198,3798720,250,200,120,8,0.3052,2021
KSRTC-028,KATTAPPANA,Idukki,2021-08,30,22,164398,128246,40288.690111505945,107.97368949883594,51,27,206,3945552,250,200,120,8,0.2978,2021
KSRTC-028,KATTAPPANA,Idukki,2021-09,29,22,159126,124200,38996.69158191398,104.51113343952949,51,27,199,3819024,250,200,120,8,0.3012,2021
KSRTC-028,KATTAPPANA,Idukki,2021-10,28,20,144046,115945,35301.06604582772,94.60685700281829,51,27,180,3457104,250,200,120,8,0.318,2021
KSRTC-028,KATTAPPANA,Idukki,2021-11,30,22,166107,131246,40707.5113343953,109.09613037617942,51,27,208,3986568,250,200,120,8,0.2996,2021
KSRTC-028,KATTAPPANA,Idukki,2021-12,29,21,157562,131726,38613.40521994854,103.4839259894621,51,27,197,3781488,250,200,120,8,0.3174,2021
KSRTC-028,KATTAPPANA,Idukki,2022-01,29,21,154234,127127,37797.818894743294,101.29815463791202,51,27,193,3701616,250,200,120,8,0.3163,2022
KSRTC-028,KATTAPPANA,Idukki,2022-02,29,21,152514,125274,37376.30192378385,100.16848915574073,51,27,191,3660336,250,200,120,8,0.3166,2022
KSRTC-028,KATTAPPANA,Idukki,2022-03,30,22,161803,132058,39652.7386349712,106.26933954172283,51,27,202,3883272,250,200,120,8,0.3093,2022
KSRTC-028,KATTAPPANA,Idukki,2022-04,31,29,231915,224915,56834.94669770862,152.31765714985912,51,27,290,5565960,250,200,120,8,0.2723,2022
KSRTC-028,KATTAPPANA,Idukki,2022-05,31,28,221594,221234,54305.599803945595,145.5390074745742,51,27,277,5318256,250,200,120,8,0.2861,2022
KSRTC-028,KATTAPPANA,Idukki,2022-06,31,28,223980,221621,54890.332067148636,147.10608993995837,51,27,280,5375520,250,200,120,8,0.2823,2022
KSRTC-028,KATTAPPANA,Idukki,2022-07,30,28,217514,207250,53305.722337948784,142.85933586570275,51,27,272,5220336,250,200,120,8,0.2761,2022
KSRTC-028,KATTAPPANA,Idukki,2022-08,31,29,231053,215269,56623.698076216155,151.7515108442593,51,27,289,5545272,250,200,120,8,0.2623,2022
KSRTC-028,KATTAPPANA,Idukki,2022-09,32,30,245903,239080,60262.95797083691,161.50472736184292,51,27,307,5901672,250,200,120,8,0.2654,2022
KSRTC-028,KATTAPPANA,Idukki,2022-10,31,29,237030,226721,58088.46955030021,155.67709839480457,51,27,296,5688720,250,200,120,8,0.2658,2022
KSRTC-028,KATTAPPANA,Idukki,2022-11,30,26,205964,191692,50475.18686435486,135.273500796471,51,27,257,4943136,250,200,120,8,0.2775,2022
KSRTC-028,KATTAPPANA,Idukki,2022-12,31,29,232135,220470,56888.86165911041,152.46214924641592,51,27,290,5571240,250,200,120,8,0.2667,2022
KSRTC-028,KATTAPPANA,Idukki,2023-01,31,28,222527,211808,54534.24825389046,146.15178532042643,51,27,278,5340648,250,200,120,8,0.2728,2023
KSRTC-028,KATTAPPANA,Idukki,2023-02,30,28,217447,210753,53289.302781521874,142.81533145447864,51,27,272,5218728,250,200,120,8,0.2806,2023
KSRTC-028,KATTAPPANA,Idukki,2023-03,30,27,212939,209279,52184.536208797945,139.8545570395785,51,27,266,5110536,250,200,120,8,0.2872,2023
KSRTC-028,KATTAPPANA,Idukki,2023-04,31,27,258185,241673,63272.88322509496,169.5713270432545,51,27,323,6196440,250,200,120,8,0.2248,2023
KSRTC-028,KATTAPPANA,Idukki,2023-05,31,27,259961,250524,63708.12400441123,170.7377723318221,51,27,325,6239064,250,200,120,8,0.2313,2023
KSRTC-028,KATTAPPANA,Idukki,2023-06,30,27,249556,228451,61158.19139811298,163.90395294694278,51,27,312,5989344,250,200,120,8,0.2242,2023
KSRTC-028,KATTAPPANA,Idukki,2023-07,31,27,259237,255104,63530.694767798064,170.26226197769884,51,27,324,6221688,250,200,120,8,0.2373,2023
KSRTC-028,KATTAPPANA,Idukki,2023-08,31,27,252775,236615,61947.0653106237,166.01813503247152,51,27,316,6066600,250,200,120,8,0.228,2023
KSRTC-028,KATTAPPANA,Idukki,2023-09,31,27,260123,244319,63747.82502144345,170.84417105746846,51,27,325,6242952,250,200,120,8,0.2245,2023
KSRTC-028,KATTAPPANA,Idukki,2023-10,31,28,261847,258883,64170.32226442838,171.97646366866806,51,27,327,6284328,250,200,120,8,0.2371,2023
KSRTC-028,KATTAPPANA,Idukki,2023-11,31,28,262255,250850,64270.310011028065,172.24443082955523,51,27,328,6294120,250,200,120,8,0.228,2023
KSRTC-028,KATTAPPANA,Idukki,2023-12,30,26,248248,241957,60837.64244577871,163.04488175468694,51,27,310,5957952,250,200,120,8,0.2413,2023
KSRTC-028,KATTAPPANA,Idukki,2024-01,31,28,261687,248835,64131.1113834089,171.87137850753584,51,27,327,6280488,250,200,120,8,0.2268,2024
KSRTC-028,KATTAPPANA,Idukki,2024-02,31,27,256710,258053,62911.40791569661,168.60257321406692,51,27,321,6161040,250,200,120,8,0.2446,2024
KSRTC-028,KATTAPPANA,Idukki,2024-03,31,27,255130,249873,62524.20046562921,167.5648572478863,51,27,319,6123120,250,200,120,8,0.2384,2024
KSRTC-028,KATTAPPANA,Idukki,2024-04,32,29,223502,303417,54773.18956010293,146.7921480210759,51,27,279,5364048,250,200,120,8,0.4031,2024
KSRTC-028,KATTAPPANA,Idukki,2024-05,31,28,217009,294602,53181.96299473104,142.5276608258792,51,27,271,5208216,250,200,120,8,0.4008,2024
KSRTC-028,KATTAPPANA,Idukki,2024-06,31,28,216946,294517,53166.52371032962,142.48628354368338,51,27,271,5206704,250,200,120,8,0.4008,2024
KSRTC-028,KATTAPPANA,Idukki,2024-07,31,28,217929,295852,53407.42556059307,143.1319005023894,51,27,272,5230296,250,200,120,8,0.4012,2024
KSRTC-028,KATTAPPANA,Idukki,2024-08,32,28,220629,299517,54069.10917779684,144.90521259649555,51,27,276,5295096,250,200,120,8,0.4021,2024
KSRTC-028,KATTAPPANA,Idukki,2024-09,31,26,211145,286642,51744.884205366994,138.67628967038357,51,27,264,5067480,250,200,120,8,0.3988,2024
KSRTC-028,KATTAPPANA,Idukki,2024-10,32,28,218677,296867,53590.73642935915,143.62317363068254,51,27,273,5248248,250,200,120,8,0.4014,2024
KSRTC-028,KATTAPPANA,Idukki,2024-11,32,28,221571,300795,54299.96323979905,145.52390148266147,51,27,277,5317704,250,200,120,8,0.4025,2024
KSRTC-028,KATTAPPANA,Idukki,2024-12,32,29,222201,301650,54454.35608381326,145.93767430461955,51,27,278,5332824,250,200,120,8,0.4027,2024
KSRTC-028,KATTAPPANA,Idukki,2025-01,32,28,219626,298154,53823.305967405955,144.24645999264797,51,27,275,5271024,250,200,120,8,0.4018,2025
KSRTC-028,KATTAPPANA,Idukki,2025-02,32,28,218885,297149,53641.710574684475,143.7597843401544,51,27,274,5253240,250,200,120,8,0.4015,2025
KSRTC-028,KATTAPPANA,Idukki,2025-03,31,27,214551,291266,52579.585835069236,140.91329003798558,51,27,268,5149224,250,200,120,8,0.4,2025
KSRTC-028,KATTAPPANA,Idukki,2025-04,32,28,219896,298521,53889.47432912634,144.42379120205857,51,27,275,5277504,250,200,120,8,0.4019,2025
KSRTC-028,KATTAPPANA,Idukki,2025-05,31,28,217445,295194,53288.81264550913,142.81401788996448,51,27,272,5218680,250,200,120,8,0.401,2025
KSRTC-028,KATTAPPANA,Idukki,2025-06,32,28,218414,296509,53526.28354368338,143.45043989707145,51,27,273,5241936,250,200,120,8,0.4013,2025
KSRTC-028,KATTAPPANA,Idukki,2025-07,32,28,218739,296951,53605.9306457542,143.66389413062126,51,27,273,5249736,250,200,120,8,0.4015,2025
KSRTC-028,KATTAPPANA,Idukki,2025-08,31,27,213644,290034,52357.30915329004,140.31758853081732,51,27,267,5127456,250,200,120,8,0.3996,2025
KSRTC-028,KATTAPPANA,Idukki,2025-09,32,28,218103,296087,53450.06739370176,143.24618061512072,51,27,273,5234472,250,200,120,8,0.4012,2025
KSRTC-028,KATTAPPANA,Idukki,2025-10,33,30,226666,307712,55548.5847322632,148.8702070824654,51,27,283,5439984,250,200,120,8,0.4043,2025
KSRTC-028,KATTAPPANA,Idukki,2025-11,31,27,212232,288117,52011.273128293105,139.3902119838255,51,27,265,5093568,250,200,120,8,0.3991,2025
KSRTC-028,KATTAPPANA,Idukki,2025-12,32,28,219632,298163,53824.77637544419,144.25040068619043,51,27,275,5271168,250,200,120,8,0.4018,2025
KSRTC-028,KATTAPPANA,Idukki,2026-01,32,29,223994,304084,54893.76301923784,147.11528489155742,51,27,280,5375856,250,200,120,8,0.4033,2026
KSRTC-028,KATTAPPANA,Idukki,2026-02,32,28,220712,299630,54089.449822325696,144.95972552383287,51,27,276,5297088,250,200,120,8,0.4022,2026
KSRTC-028,KATTAPPANA,Idukki,2026-03,31,27,213194,289424,52247.02855042274,140.02203651513295,51,27,267,5116656,250,200,120,8,0.3995,2026
KSRTC-029,KAYAMKULAM,Alappuzha,2021-04,45,38,244803,351873,59993.383163827966,160.78226687905897,51,27,306,5875272,250,200,120,8,0.5099,2021
KSRTC-029,KAYAMKULAM,Alappuzha,2021-05,45,38,248129,377690,60808.47935302047,162.96672466609488,51,27,310,5955096,250,200,120,8,0.5322,2021
KSRTC-029,KAYAMKULAM,Alappuzha,2021-06,44,36,229848,314897,56328.39112853817,150.96008822448232,51,27,287,5516352,250,200,120,8,0.496,2021
KSRTC-029,KAYAMKULAM,Alappuzha,2021-07,44,37,236319,359836,57914.22619776989,155.2101262100233,51,27,295,5671656,250,200,120,8,0.5358,2021
KSRTC-029,KAYAMKULAM,Alappuzha,2021-08,44,37,234480,351662,57463.5461340522,154.0023036392599,51,27,293,5627520,250,200,120,8,0.53,2021
KSRTC-029,KAYAMKULAM,Alappuzha,2021-09,45,38,243948,367534,59783.8500183801,160.2207180492587,51,27,305,5854752,250,200,120,8,0.5291,2021
KSRTC-029,KAYAMKULAM,Alappuzha,2021-10,45,38,247371,354508,60622.717804190666,162.468883715231,51,27,309,5936904,250,200,120,8,0.5081,2021
KSRTC-029,KAYAMKULAM,Alappuzha,2021-11,44,37,236502,357579,57959.07364293592,155.33031736306825,51,27,296,5676048,250,200,120,8,0.5328,2021
KSRTC-029,KAYAMKULAM,Alappuzha,2021-12,44,37,236364,336746,57925.254258056615,155.23968141159173,51,27,295,5672736,250,200,120,8,0.5089,2021
KSRTC-029,KAYAMKULAM,Alappuzha,2022-01,44,37,231991,341658,56853.57186619287,152.36757260139692,51,27,290,5567784,250,200,120,8,0.5234,2022
KSRTC-029,KAYAMKULAM,Alappuzha,2022-02,44,36,230615,324834,56516.35828942532,151.46384021565987,51,27,288,5534760,250,200,120,8,0.5063,2022
KSRTC-029,KAYAMKULAM,Alappuzha,2022-03,43,35,220185,307321,53960.298982967775,144.61360127435367,51,27,275,5284440,250,200,120,8,0.5062,2022
KSRTC-029,KAYAMKULAM,Alappuzha,2022-04,47,42,332824,529569,81564.51415267737,218.59289792917534,51,27,416,7987776,250,200,120,8,0.4939,2022
KSRTC-029,KAYAMKULAM,Alappuzha,2022-05,48,44,351109,547572,86045.58264918515,230.6021614998162,51,27,439,8426616,250,200,120,8,0.4805,2022
KSRTC-029,KAYAMKULAM,Alappuzha,2022-06,47,42,332168,537035,81403.74954049749,218.16204876853328,51,27,415,7972032,250,200,120,8,0.5011,2022
KSRTC-029,KAYAMKULAM,Alappuzha,2022-07,47,43,344457,545314,84415.39027080016,226.23324592574446,51,27,431,8266968,250,200,120,8,0.4887,2022
KSRTC-029,KAYAMKULAM,Alappuzha,2022-08,48,44,354127,531136,86785.19789241515,232.5843303516726,51,27,443,8499048,250,200,120,8,0.4635,2022
KSRTC-029,KAYAMKULAM,Alappuzha,2022-09,46,41,323945,522011,79388.55532410245,212.76132826859458,51,27,405,7774680,250,200,120,8,0.502,2022
KSRTC-029,KAYAMKULAM,Alappuzha,2022-10,48,45,361122,567947,88499.44859698566,237.1785222399216,51,27,451,8666928,250,200,120,8,0.4818,2022
KSRTC-029,KAYAMKULAM,Alappuzha,2022-11,47,43,347598,548261,85185.14887881388,228.2961989952212,51,27,435,8342352,250,200,120,8,0.4863,2022
KSRTC-029,KAYAMKULAM,Alappuzha,2022-12,46,42,326891,515434,80110.52567087367,214.69620879794144,51,27,409,7845384,250,200,120,8,0.4916,2022
KSRTC-029,KAYAMKULAM,Alappuzha,2023-01,47,42,337339,527105,82670.9962014459,221.55826981987502,51,27,422,8096136,250,200,120,8,0.4849,2023
KSRTC-029,KAYAMKULAM,Alappuzha,2023-02,47,43,344179,553490,84347.2613650288,226.05066045827718,51,27,430,8260296,250,200,120,8,0.4956,2023
KSRTC-029,KAYAMKULAM,Alappuzha,2023-03,47,43,339480,552988,83195.68680308785,222.96444063227545,51,27,424,8147520,250,200,120,8,0.5025,2023
KSRTC-029,KAYAMKULAM,Alappuzha,2023-04,48,42,382762,572303,93802.72025487073,251.39129028305356,51,27,478,9186288,250,200,120,8,0.4463,2023
KSRTC-029,KAYAMKULAM,Alappuzha,2023-05,51,46,428123,602751,104919.25009190051,281.1835902462934,51,27,535,10274952,250,200,120,8,0.4125,2023
KSRTC-029,KAYAMKULAM,Alappuzha,2023-06,47,41,363913,546456,89183.43340276927,239.01160151942165,51,27,455,8733912,250,200,120,8,0.4529,2023
KSRTC-029,KAYAMKULAM,Alappuzha,2023-07,48,42,379181,552526,92925.13172405343,249.0393530204632,51,27,474,9100344,250,200,120,8,0.4367,2023
KSRTC-029,KAYAMKULAM,Alappuzha,2023-08,48,42,380789,539380,93319.20107829923,250.09545888984195,51,27,476,9138936,250,200,120,8,0.4252,2023
KSRTC-029,KAYAMKULAM,Alappuzha,2023-09,50,45,415770,610347,101891.92500919006,273.0703590246294,51,27,520,9978480,250,200,120,8,0.4314,2023
KSRTC-029,KAYAMKULAM,Alappuzha,2023-10,47,40,359967,529409,88216.39504962627,236.41993873299842,51,27,450,8639208,250,200,120,8,0.4456,2023
KSRTC-029,KAYAMKULAM,Alappuzha,2023-11,49,43,391249,560499,95882.61242494793,256.96540129886046,51,27,489,9389976,250,200,120,8,0.4271,2023
KSRTC-029,KAYAMKULAM,Alappuzha,2023-12,49,42,386220,564695,94650.1654209043,253.66244332802353,51,27,483,9269280,250,200,120,8,0.4364,2023
KSRTC-029,KAYAMKULAM,Alappuzha,2024-01,48,41,373453,549496,91521.38218355594,245.27730425192993,51,27,467,8962872,250,200,120,8,0.4421,2024
KSRTC-029,KAYAMKULAM,Alappuzha,2024-02,50,44,407142,619263,99777.47825021444,267.4036417105747,51,27,509,9771408,250,200,120,8,0.4477,2024
KSRTC-029,KAYAMKULAM,Alappuzha,2024-03,49,43,398098,606338,97561.08320058817,261.4637029775763,51,27,498,9554352,250,200,120,8,0.4503,2024
KSRTC-029,KAYAMKULAM,Alappuzha,2024-04,48,45,330864,449167,81084.1808601887,217.30560470530574,51,27,414,7940736,250,200,120,8,0.4412,2024
KSRTC-029,KAYAMKULAM,Alappuzha,2024-05,47,44,324509,440540,79526.77367969613,213.13175346158565,51,27,406,7788216,250,200,120,8,0.439,2024
KSRTC-029,KAYAMKULAM,Alappuzha,2024-06,47,44,327320,444355,80215.65984560717,214.97796838622722,51,27,409,7855680,250,200,120,8,0.44,2024
KSRTC-029,KAYAMKULAM,Alappuzha,2024-07,47,44,325306,441621,79722.09288077442,213.65520892047545,51,27,407,7807344,250,200,120,8,0.4392,2024
KSRTC-029,KAYAMKULAM,Alappuzha,2024-08,48,45,332339,451169,81445.65616958706,218.27435853449333,51,27,415,7976136,250,200,120,8,0.4417,2024
KSRTC-029,KAYAMKULAM,Alappuzha,2024-09,48,46,333093,452193,81630.43744639138,218.76957235632892,51,27,416,7994232,250,200,120,8,0.442,2024
KSRTC-029,KAYAMKULAM,Alappuzha,2024-10,47,44,326254,442908,79954.41735081485,214.2778385001838,51,27,408,7830096,250,200,120,8,0.4396,2024
KSRTC-029,KAYAMKULAM,Alappuzha,2024-11,48,45,329376,447147,80719.51966670752,216.32831270677616,51,27,412,7905024,250,200,120,8,0.4407,2024
KSRTC-029,KAYAMKULAM,Alappuzha,2024-12,50,48,343636,466506,84214.18943756893,225.69402769268476,51,27,430,8247264,250,200,120,8,0.4457,2024
KSRTC-029,KAYAMKULAM,Alappuzha,2025-01,48,45,329881,447833,80843.27900992526,216.6599877465997,51,27,412,7917144,250,200,120,8,0.4409,2025
KSRTC-029,KAYAMKULAM,Alappuzha,2025-02,48,45,331944,450633,81348.85430707021,218.0149295429482,51,27,415,7966656,250,200,120,8,0.4416,2025
KSRTC-029,KAYAMKULAM,Alappuzha,2025-03,48,45,332533,451432,81493.19936282319,218.40177429236616,51,27,416,7980792,250,200,120,8,0.4418,2025
KSRTC-029,KAYAMKULAM,Alappuzha,2025-04,47,44,325264,441564,79711.80002450681,213.62762406567828,51,27,407,7806336,250,200,120,8,0.4392,2025
KSRTC-029,KAYAMKULAM,Alappuzha,2025-05,47,44,326572,443340,80032.34897684108,214.4866952579341,51,27,408,7837728,250,200,120,8,0.4397,2025
KSRTC-029,KAYAMKULAM,Alappuzha,2025-06,48,46,333806,453161,81805.17093493445,219.23785810562433,51,27,417,8011344,250,200,120,8,0.4423,2025
KSRTC-029,KAYAMKULAM,Alappuzha,2025-07,48,45,331017,449374,81121.67626516358,217.4060923906384,51,27,414,7944408,250,200,120,8,0.4413,2025
KSRTC-029,KAYAMKULAM,Alappuzha,2025-08,49,46,336029,456178,82349.95711309889,220.69788506310502,51,27,420,8064696,250,200,120,8,0.443,2025
KSRTC-029,KAYAMKULAM,Alappuzha,2025-09,49,46,336167,456366,82383.7764979782,220.7885210145816,51,27,420,8068008,250,200,120,8,0.4431,2025
KSRTC-029,KAYAMKULAM,Alappuzha,2025-10,48,46,333689,453001,81776.49797818896,219.16101458154643,51,27,417,8008536,250,200,120,8,0.4422,2025
KSRTC-029,KAYAMKULAM,Alappuzha,2025-11,47,44,325257,441555,79710.0845484622,213.6230265898787,51,27,407,7806168,250,200,120,8,0.4392,2025
KSRTC-029,KAYAMKULAM,Alappuzha,2025-12,48,45,332235,451028,81420.1690969244,218.2060531797574,51,27,415,7973640,250,200,120,8,0.4417,2025
KSRTC-029,KAYAMKULAM,Alappuzha,2026-01,47,44,326164,442786,79932.3612302414,214.21872809704695,51,27,408,7827936,250,200,120,8,0.4395,2026
KSRTC-029,KAYAMKULAM,Alappuzha,2026-02,47,43,323118,438651,79185.88408283298,212.21816934199242,51,27,404,7754832,250,200,120,8,0.4385,2026
KSRTC-029,KAYAMKULAM,Alappuzha,2026-03,49,47,337745,458508,82770.49381203284,221.82492341624803,51,27,422,8105880,250,200,120,8,0.4437,2026
KSRTC-030,KILIMANOOR,Thiruvananthapuram,2021-04,55,53,242706,444321,59479.475554466364,159.40499448596987,51,27,303,5824944,250,200,120,8,0.6713,2021
KSRTC-030,KILIMANOOR,Thiruvananthapuram,2021-05,56,54,251023,450169,61517.70616346037,164.86745251807378,51,27,314,6024552,250,200,120,8,0.6597,2021
KSRTC-030,KILIMANOOR,Thiruvananthapuram,2021-06,54,52,238292,442654,58397.745374341386,156.50595760323492,51,27,298,5719008,250,200,120,8,0.6795,2021
KSRTC-030,KILIMANOOR,Thiruvananthapuram,2021-07,57,56,262145,479381,64243.35253032717,172.17218478127683,51,27,328,6291480,250,200,120,8,0.6676,2021
KSRTC-030,KILIMANOOR,Thiruvananthapuram,2021-08,54,51,235406,433203,57690.47910795246,154.61048400931261,51,27,294,5649744,250,200,120,8,0.6753,2021
KSRTC-030,KILIMANOOR,Thiruvananthapuram,2021-09,56,54,254112,445938,62274.72123514276,166.8962529101826,51,27,318,6098688,250,200,120,8,0.6486,2021
KSRTC-030,KILIMANOOR,Thiruvananthapuram,2021-10,58,58,275313,496491,67470.40803823061,180.82069354245806,51,27,344,6607512,250,200,120,8,0.6589,2021
KSRTC-030,KILIMANOOR,Thiruvananthapuram,2021-11,55,53,245584,441683,60184.781276804315,161.29521382183557,51,27,307,5894016,250,200,120,8,0.662,2021
KSRTC-030,KILIMANOOR,Thiruvananthapuram,2021-12,56,55,255727,468891,62670.50606543316,167.9569562553609,51,27,320,6137448,250,200,120,8,0.6699,2021
KSRTC-030,KILIMANOOR,Thiruvananthapuram,2022-01,55,52,239330,420858,58652.12596495528,157.18769758608016,51,27,299,5743920,250,200,120,8,0.6522,2022
KSRTC-030,KILIMANOOR,Thiruvananthapuram,2022-02,56,54,249709,463428,61195.68680308786,164.00444063227548,51,27,312,5993016,250,200,120,8,0.677,2022
KSRTC-030,KILIMANOOR,Thiruvananthapuram,2022-03,57,56,262938,452604,64437.69145937998,172.69301311113836,51,27,329,6310512,250,200,120,8,0.6381,2022
KSRTC-030,KILIMANOOR,Thiruvananthapuram,2022-04,58,58,408115,796509,100015.92942041418,268.04269084671,51,27,510,9794760,250,200,120,8,0.6252,2022
KSRTC-030,KILIMANOOR,Thiruvananthapuram,2022-05,56,55,383994,785012,94104.64403872075,252.20044602377163,51,27,480,9215856,250,200,120,8,0.6541,2022
KSRTC-030,KILIMANOOR,Thiruvananthapuram,2022-06,56,54,378409,779180,92735.93922313442,248.53231711800026,51,27,473,9081816,250,200,120,8,0.659,2022
KSRTC-030,KILIMANOOR,Thiruvananthapuram,2022-07,56,55,380266,764977,93191.0305109668,249.75196176939102,51,27,475,9126384,250,200,120,8,0.6457,2022
KSRTC-030,KILIMANOOR,Thiruvananthapuram,2022-08,55,53,361220,746877,88523.46526161011,237.2428869011151,51,27,452,8669280,250,200,120,8,0.6644,2022
KSRTC-030,KILIMANOOR,Thiruvananthapuram,2022-09,55,53,361277,734594,88537.4341379733,237.28032348976842,51,27,452,8670648,250,200,120,8,0.6549,2022
KSRTC-030,KILIMANOOR,Thiruvananthapuram,2022-10,55,53,365699,749621,89621.12486214926,240.18461463056002,51,27,457,8776776,250,200,120,8,0.6587,2022
KSRTC-030,KILIMANOOR,Thiruvananthapuram,2022-11,56,55,381320,766511,93449.33218968264,250.44421026834948,51,27,477,9151680,250,200,120,8,0.6451,2022
KSRTC-030,KILIMANOOR,Thiruvananthapuram,2022-12,57,56,395434,769557,96908.22203161378,259.71403504472494,51,27,494,9490416,250,200,120,8,0.6254,2022
KSRTC-030,KILIMANOOR,Thiruvananthapuram,2023-01,58,58,414507,849268,101582.4041171425,272.2408430339419,51,27,518,9948168,250,200,120,8,0.651,2023
KSRTC-030,KILIMANOOR,Thiruvananthapuram,2023-02,57,56,394451,798473,96667.32018135033,259.0684180860189,51,27,493,9466824,250,200,120,8,0.647,2023
KSRTC-030,KILIMANOOR,Thiruvananthapuram,2023-03,55,53,364456,734529,89316.50533022915,239.36823428501413,51,27,456,8746944,250,200,120,8,0.6495,2023
KSRTC-030,KILIMANOOR,Thiruvananthapuram,2023-04,63,40,359093,735938,88002.20561205735,235.84591104031372,51,27,449,8618232,250,200,120,8,0.7045,2023
KSRTC-030,KILIMANOOR,Thiruvananthapuram,2023-05,65,43,392421,828873,96169.83212841564,257.73515010415394,51,27,491,9418104,250,200,120,8,0.7181,2023
KSRTC-030,KILIMANOOR,Thiruvananthapuram,2023-06,67,45,413771,857733,101402.03406445289,271.7574512927338,51,27,517,9930504,250,200,120,8,0.7057,2023
KSRTC-030,KILIMANOOR,Thiruvananthapuram,2023-07,66,44,405142,815708,99287.3422374709,266.09007719642204,51,27,506,9723408,250,200,120,8,0.69,2023
KSRTC-030,KILIMANOOR,Thiruvananthapuram,2023-08,63,40,359725,746184,88157.08859208431,236.26099742678596,51,27,450,8633400,250,200,120,8,0.7112,2023
KSRTC-030,KILIMANOOR,Thiruvananthapuram,2023-09,66,44,405033,845323,99260.62982477638,266.0184879304007,51,27,506,9720792,250,200,120,8,0.7101,2023
KSRTC-030,KILIMANOOR,Thiruvananthapuram,2023-10,66,44,400640,814217,98184.0460727852,263.1332434750643,51,27,501,9615360,250,200,120,8,0.6955,2023
KSRTC-030,KILIMANOOR,Thiruvananthapuram,2023-11,67,44,411443,854703,100831.51574561941,270.22846219826005,51,27,514,9874632,250,200,120,8,0.707,2023
KSRTC-030,KILIMANOOR,Thiruvananthapuram,2023-12,65,43,388512,790360,95211.8612915084,255.1677882612425,51,27,486,9324288,250,200,120,8,0.6971,2023
KSRTC-030,KILIMANOOR,Thiruvananthapuram,2024-01,68,45,424318,828049,103986.76632765593,278.68453375811794,51,27,530,10183632,250,200,120,8,0.6717,2024
KSRTC-030,KILIMANOOR,Thiruvananthapuram,2024-02,66,43,397008,814678,97293.95907364294,260.7478103173631,51,27,496,9528192,250,200,120,8,0.7012,2024
KSRTC-030,KILIMANOOR,Thiruvananthapuram,2024-03,65,42,387081,791456,94861.1689743904,254.2279328513663,51,27,484,9289944,250,200,120,8,0.7001,2024
KSRTC-030,KILIMANOOR,Thiruvananthapuram,2024-04,47,61,328566,446047,80521.01458154638,215.7963190785443,51,27,411,7885584,250,200,120,8,0.4404,2024
KSRTC-030,KILIMANOOR,Thiruvananthapuram,2024-05,47,60,323423,439064,79260.62982477638,212.41848793040072,51,27,404,7762152,250,200,120,8,0.4386,2024
KSRTC-030,KILIMANOOR,Thiruvananthapuram,2024-06,47,61,326891,443773,80110.52567087367,214.69620879794144,51,27,409,7845384,250,200,120,8,0.4398,2024
KSRTC-030,KILIMANOOR,Thiruvananthapuram,2024-07,47,61,327479,444572,80254.62565862027,215.08239676510232,51,27,409,7859496,250,200,120,8,0.44,2024
KSRTC-030,KILIMANOOR,Thiruvananthapuram,2024-08,48,61,329224,446940,80682.269329739,216.22848180370056,51,27,412,7901376,250,200,120,8,0.4406,2024
KSRTC-030,KILIMANOOR,Thiruvananthapuram,2024-09,49,64,337233,457813,82645.01899277049,221.48865090062492,51,27,422,8093592,250,200,120,8,0.4435,2024
KSRTC-030,KILIMANOOR,Thiruvananthapuram,2024-10,48,62,333010,452080,81610.09680186253,218.71505942899157,51,27,416,7992240,250,200,120,8,0.442,2024
KSRTC-030,KILIMANOOR,Thiruvananthapuram,2024-11,47,61,327168,444149,80178.40950863865,214.8781374831516,51,27,409,7852032,250,200,120,8,0.4399,2024
KSRTC-030,KILIMANOOR,Thiruvananthapuram,2024-12,48,63,333758,453095,81793.4076706286,219.20633255728464,51,27,417,8010192,250,200,120,8,0.4422,2024
KSRTC-030,KILIMANOOR,Thiruvananthapuram,2025-01,48,63,333363,452560,81696.60580811175,218.94690356573952,51,27,417,8000712,250,200,120,8,0.4421,2025
KSRTC-030,KILIMANOOR,Thiruvananthapuram,2025-02,46,59,321830,436903,78870.23649062615,211.3722337948781,51,27,402,7723920,250,200,120,8,0.438,2025
KSRTC-030,KILIMANOOR,Thiruvananthapuram,2025-03,47,61,327673,444835,80302.16885185639,215.20981252297514,51,27,410,7864152,250,200,120,8,0.4401,2025
KSRTC-030,KILIMANOOR,Thiruvananthapuram,2025-04,49,64,338251,459195,82894.49822325696,222.15725523832864,51,27,423,8118024,250,200,120,8,0.4438,2025
KSRTC-030,KILIMANOOR,Thiruvananthapuram,2025-05,46,57,316230,429300,77497.85565494424,207.6942531552506,51,27,395,7589520,250,200,120,8,0.436,2025
KSRTC-030,KILIMANOOR,Thiruvananthapuram,2025-06,46,59,321768,436818,78855.0422742311,211.33151329493938,51,27,402,7722432,250,200,120,8,0.438,2025
KSRTC-030,KILIMANOOR,Thiruvananthapuram,2025-07,49,64,336555,456892,82478.86288445044,221.04335253032718,51,27,421,8077320,250,200,120,8,0.4432,2025
KSRTC-030,KILIMANOOR,Thiruvananthapuram,2025-08,48,62,331480,450003,81235.14275211371,217.71018257566473,51,27,414,7955520,250,200,120,8,0.4414,2025
KSRTC-030,KILIMANOOR,Thiruvananthapuram,2025-09,47,60,325755,442232,79832.12841563534,213.9501041539027,51,27,407,7818120,250,200,120,8,0.4394,2025
KSRTC-030,KILIMANOOR,Thiruvananthapuram,2025-10,49,64,336845,457287,82549.93260629826,221.23381938487935,51,27,421,8084280,250,200,120,8,0.4433,2025
KSRTC-030,KILIMANOOR,Thiruvananthapuram,2025-11,47,61,327438,444515,80244.57787035903,215.05546869256221,51,27,409,7858512,250,200,120,8,0.44,2025
KSRTC-030,KILIMANOOR,Thiruvananthapuram,2025-12,47,61,327292,444318,80208.79794142875,214.95957848302908,51,27,409,7855008,250,200,120,8,0.4399,2025
KSRTC-030,KILIMANOOR,Thiruvananthapuram,2026-01,48,63,335620,455623,82249.72429849283,220.4292611199608,51,27,420,8054880,250,200,120,8,0.4429,2026
KSRTC-030,KILIMANOOR,Thiruvananthapuram,2026-02,47,61,328808,446376,80580.32103908835,215.95526038475677,51,27,411,7891392,250,200,120,8,0.4405,2026
KSRTC-030,KILIMANOOR,Thiruvananthapuram,2026-03,47,60,323575,439271,79297.88016174489,212.51831883347631,51,27,404,7765800,250,200,120,8,0.4386,2026
KSRTC-031,KODUNGALOOR,Thrissur,2021-04,38,27,221255,222040,54222.52174978557,145.31635828942535,51,27,277,5310120,250,200,120,8,0.3603,2021
KSRTC-031,KODUNGALOOR,Thrissur,2021-05,38,28,229968,234106,56357.799289302784,151.03890209533145,51,27,287,5519232,250,200,120,8,0.3608,2021
KSRTC-031,KODUNGALOOR,Thrissur,2021-06,37,26,208914,220422,51198.13748315158,137.21100845484625,51,27,261,5013936,250,200,120,8,0.3796,2021
KSRTC-031,KODUNGALOOR,Thrissur,2021-07,38,28,224259,231618,54958.70604092636,147.28933218968263,51,27,280,5382216,250,200,120,8,0.3671,2021
KSRTC-031,KODUNGALOOR,Thrissur,2021-08,37,27,218447,226246,53534.37078789364,143.47211371155495,51,27,273,5242728,250,200,120,8,0.3702,2021
KSRTC-031,KODUNGALOOR,Thrissur,2021-09,37,26,207743,217116,50911.16284769023,136.44191643180983,51,27,260,4985832,250,200,120,8,0.3774,2021
KSRTC-031,KODUNGALOOR,Thrissur,2021-10,38,28,225096,231212,55163.82796225953,147.83905893885554,51,27,281,5402304,250,200,120,8,0.3652,2021
KSRTC-031,KODUNGALOOR,Thrissur,2021-11,36,25,199053,196273,48781.52187231957,130.73447861781648,51,27,249,4777272,250,200,120,8,0.3653,2021
KSRTC-031,KODUNGALOOR,Thrissur,2021-12,36,26,203875,214952,49963.23979904424,133.9014826614386,51,27,255,4893000,250,200,120,8,0.3817,2021
KSRTC-031,KODUNGALOOR,Thrissur,2022-01,38,28,227836,248704,55835.31429971817,149.6386423232447,51,27,285,5468064,250,200,120,8,0.3818,2022
KSRTC-031,KODUNGALOOR,Thrissur,2022-02,36,25,199317,209069,48846.21982600172,130.9078691336846,51,27,249,4783608,250,200,120,8,0.3824,2022
KSRTC-031,KODUNGALOOR,Thrissur,2022-03,37,27,214277,222536,52512.43720132337,140.73333169954665,51,27,268,5142648,250,200,120,8,0.3727,2022
KSRTC-031,KODUNGALOOR,Thrissur,2022-04,36,34,277880,319033,68099.49761058694,182.506653596373,51,27,347,6669120,250,200,120,8,0.3238,2022
KSRTC-031,KODUNGALOOR,Thrissur,2022-05,36,33,269366,300515,66012.9886043377,176.91480945962505,51,27,337,6464784,250,200,120,8,0.3188,2022
KSRTC-031,KODUNGALOOR,Thrissur,2022-06,36,33,273484,301144,67022.17865457665,179.61943879426545,51,27,342,6563616,250,200,120,8,0.3129,2022
KSRTC-031,KODUNGALOOR,Thrissur,2022-07,36,33,268696,299378,65848.79304006862,176.4747653473839,51,27,336,6448704,250,200,120,8,0.3187,2022
KSRTC-031,KODUNGALOOR,Thrissur,2022-08,35,32,260959,289223,63952.70187477025,171.39324102438428,51,27,326,6263016,250,200,120,8,0.3208,2022
KSRTC-031,KODUNGALOOR,Thrissur,2022-09,36,34,284643,314969,69756.8925376792,186.94847200098027,51,27,356,6831432,250,200,120,8,0.3095,2022
KSRTC-031,KODUNGALOOR,Thrissur,2022-10,36,34,281569,321804,69003.5534860924,184.92952334272763,51,27,352,6757656,250,200,120,8,0.3207,2022
KSRTC-031,KODUNGALOOR,Thrissur,2022-11,36,33,271281,300780,66482.29383653964,178.17254748192624,51,27,339,6510744,250,200,120,8,0.316,2022
KSRTC-031,KODUNGALOOR,Thrissur,2022-12,36,34,277747,308937,68066.9035657395,182.41930155618186,51,27,347,6665928,250,200,120,8,0.314,2022
KSRTC-031,KODUNGALOOR,Thrissur,2023-01,36,34,284776,323541,69789.48658252666,187.03582404117145,51,27,356,6834624,250,200,120,8,0.3175,2023
KSRTC-031,KODUNGALOOR,Thrissur,2023-02,36,34,280449,311046,68729.07731895601,184.19392721480213,51,27,351,6730776,250,200,120,8,0.312,2023
KSRTC-031,KODUNGALOOR,Thrissur,2023-03,36,33,275274,312659,67460.8503859821,180.79507903443206,51,27,344,6606576,250,200,120,8,0.3216,2023
KSRTC-031,KODUNGALOOR,Thrissur,2023-04,36,26,264874,316014,64912.14311971572,173.96454356083817,51,27,331,6356976,250,200,120,8,0.3525,2023
KSRTC-031,KODUNGALOOR,Thrissur,2023-05,35,25,243309,279811,59627.25156230854,159.80103418698693,51,27,304,5839416,250,200,120,8,0.3514,2023
KSRTC-031,KODUNGALOOR,Thrissur,2023-06,37,27,282748,332626,69292.4886656047,185.70386962382062,51,27,353,6785952,250,200,120,8,0.34,2023
KSRTC-031,KODUNGALOOR,Thrissur,2023-07,37,27,280293,309782,68690.84670996202,184.09146918269823,51,27,350,6727032,250,200,120,8,0.3215,2023
KSRTC-031,KODUNGALOOR,Thrissur,2023-08,38,29,298320,336676,73108.68766082589,195.9312829310134,51,27,373,7159680,250,200,120,8,0.3206,2023
KSRTC-031,KODUNGALOOR,Thrissur,2023-09,37,27,282212,324362,69161.13221418943,185.3518343340277,51,27,353,6773088,250,200,120,8,0.3328,2023
KSRTC-031,KODUNGALOOR,Thrissur,2023-10,38,28,290917,335594,71294.44920965568,191.06912388187723,51,27,364,6982008,250,200,120,8,0.3304,2023
KSRTC-031,KODUNGALOOR,Thrissur,2023-11,38,28,288657,339506,70740.59551525548,189.5847959808847,51,27,361,6927768,250,200,120,8,0.3375,2023
KSRTC-031,KODUNGALOOR,Thrissur,2023-12,38,28,289595,344428,70970.46930523221,190.20085773802234,51,27,362,6950280,250,200,120,8,0.3407,2023
KSRTC-031,KODUNGALOOR,Thrissur,2024-01,37,27,284169,335629,69640.730302659,186.63715721112612,51,27,355,6820056,250,200,120,8,0.3407,2024
KSRTC-031,KODUNGALOOR,Thrissur,2024-02,39,29,303435,351995,74362.21051341748,199.29072417595887,51,27,379,7282440,250,200,120,8,0.3273,2024
KSRTC-031,KODUNGALOOR,Thrissur,2024-03,37,27,279227,312095,68429.60421516972,183.39133929665485,51,27,349,6701448,250,200,120,8,0.3254,2024
KSRTC-031,KODUNGALOOR,Thrissur,2024-04,36,30,247281,335698,60600.6616836172,162.40977331209413,51,27,309,5934744,250,200,120,8,0.4116,2024
KSRTC-031,KODUNGALOOR,Thrissur,2024-05,36,30,248451,337286,60887.39125107218,163.17820855287346,51,27,311,5962824,250,200,120,8,0.412,2024
KSRTC-031,KODUNGALOOR,Thrissur,2024-06,36,30,247967,336629,60768.77833598824,162.8603259404485,51,27,310,5951208,250,200,120,8,0.4118,2024
KSRTC-031,KODUNGALOOR,Thrissur,2024-07,35,29,242110,328678,59333.41502266879,159.01355226075236,51,27,303,5810640,250,200,120,8,0.4097,2024
KSRTC-031,KODUNGALOOR,Thrissur,2024-08,36,31,248908,337907,60999.38732998407,163.47835804435732,51,27,311,5973792,250,200,120,8,0.4122,2024
KSRTC-031,KODUNGALOOR,Thrissur,2024-09,36,31,251608,341572,61661.07094718785,165.25167013846342,51,27,315,6038592,250,200,120,8,0.4131,2024
KSRTC-031,KODUNGALOOR,Thrissur,2024-10,35,30,244886,332447,60013.72380835682,160.8367798063963,51,27,306,5877264,250,200,120,8,0.4107,2024
KSRTC-031,KODUNGALOOR,Thrissur,2024-11,36,31,250528,340106,61396.39750030634,164.542345300821,51,27,313,6012672,250,200,120,8,0.4127,2024
KSRTC-031,KODUNGALOOR,Thrissur,2024-12,35,30,244028,331281,59803.455458889846,160.2732606298248,51,27,305,5856672,250,200,120,8,0.4104,2024
KSRTC-031,KODUNGALOOR,Thrissur,2025-01,35,30,244879,332437,60012.008332312216,160.83218233059677,51,27,306,5877096,250,200,120,8,0.4107,2025
KSRTC-031,KODUNGALOOR,Thrissur,2025-02,37,32,253422,344034,62105.624310746236,166.4430731527999,51,27,317,6082128,250,200,120,8,0.4138,2025
KSRTC-031,KODUNGALOOR,Thrissur,2025-03,36,30,248403,337221,60875.62798676633,163.1466830045338,51,27,311,5961672,250,200,120,8,0.412,2025
KSRTC-031,KODUNGALOOR,Thrissur,2025-04,36,31,250701,340341,61438.79426540865,164.6559686312952,51,27,313,6016824,250,200,120,8,0.4128,2025
KSRTC-031,KODUNGALOOR,Thrissur,2025-05,38,33,260303,353375,63791.93726259037,170.9623918637422,51,27,325,6247272,250,200,120,8,0.4162,2025
KSRTC-031,KODUNGALOOR,Thrissur,2025-06,35,29,241529,327889,59191.0305109668,158.631961769391,51,27,302,5796696,250,200,120,8,0.4095,2025
KSRTC-031,KODUNGALOOR,Thrissur,2025-07,36,30,246894,335172,60505.82036515133,162.15559857860558,51,27,309,5925456,250,200,120,8,0.4114,2025
KSRTC-031,KODUNGALOOR,Thrissur,2025-08,37,32,253650,344344,62161.499816199,166.59281950741334,51,27,317,6087600,250,200,120,8,0.4138,2025
KSRTC-031,KODUNGALOOR,Thrissur,2025-09,35,29,241764,328208,59248.62149246416,158.78630559980394,51,27,302,5802336,250,200,120,8,0.4096,2025
KSRTC-031,KODUNGALOOR,Thrissur,2025-10,36,30,248299,337080,60850.140914103664,163.07837764979783,51,27,310,5959176,250,200,120,8,0.4119,2025
KSRTC-031,KODUNGALOOR,Thrissur,2025-11,35,30,244325,331685,59876.24065678226,160.4683249601765,51,27,305,5863800,250,200,120,8,0.4105,2025
KSRTC-031,KODUNGALOOR,Thrissur,2025-12,36,31,250209,339674,61318.22080627374,164.33283176081363,51,27,313,6005016,250,200,120,8,0.4126,2025
KSRTC-031,KODUNGALOOR,Thrissur,2026-01,35,30,243785,330952,59743.903933341506,160.11366254135524,51,27,305,5850840,250,200,120,8,0.4103,2026
KSRTC-031,KODUNGALOOR,Thrissur,2026-02,36,30,247129,335491,60563.411346648696,162.30994240901853,51,27,309,5931096,250,200,120,8,0.4115,2026
KSRTC-031,KODUNGALOOR,Thrissur,2026-03,35,30,243875,331075,59765.96005391496,160.17277294449212,51,27,305,5853000,250,200,120,8,0.4104,2026
KSRTC-032,KOLLAM,Kollam,2021-04,87,77,413945,672186,101444.67589756158,271.871731405465,51,27,517,9934680,250,200,120,8,0.6567,2021
KSRTC-032,KOLLAM,Kollam,2021-05,86,76,404811,640502,99206.22472736184,265.87268226932974,51,27,506,9715464,250,200,120,8,0.6451,2021
KSRTC-032,KOLLAM,Kollam,2021-06,82,69,360687,594356,88392.84401421394,236.89282195809338,51,27,451,8656488,250,200,120,8,0.6632,2021
KSRTC-032,KOLLAM,Kollam,2021-07,84,73,385302,645582,94425.19299105502,253.05951721602747,51,27,482,9247248,250,200,120,8,0.6705,2021
KSRTC-032,KOLLAM,Kollam,2021-08,89,80,439689,738827,107753.70665359638,288.7799338316383,51,27,550,10552536,250,200,120,8,0.6729,2021
KSRTC-032,KOLLAM,Kollam,2021-09,87,77,415125,697642,101733.85614508027,272.64673446881517,51,27,519,9963000,250,200,120,8,0.6722,2021
KSRTC-032,KOLLAM,Kollam,2021-10,88,78,424655,685796,104069.35424580322,278.90586937875264,51,27,531,10191720,250,200,120,8,0.6545,2021
KSRTC-032,KOLLAM,Kollam,2021-11,86,75,403643,681618,98919.98529591963,265.10556059306464,51,27,505,9687432,250,200,120,8,0.6742,2021
KSRTC-032,KOLLAM,Kollam,2021-12,90,81,446052,775434,109313.07437813994,292.95903933341503,51,27,558,10705248,250,200,120,8,0.6891,2021
KSRTC-032,KOLLAM,Kollam,2022-01,88,78,422939,711379,103648.81754686926,277.77883102560963,51,27,529,10150536,250,200,120,8,0.6728,2022
KSRTC-032,KOLLAM,Kollam,2022-02,87,77,417550,704114,102328.1460605318,274.2394314422252,51,27,522,10021200,250,200,120,8,0.6739,2022
KSRTC-032,KOLLAM,Kollam,2022-03,84,73,386789,637121,94789.60911652984,254.0361524323,51,27,484,9282936,250,200,120,8,0.6627,2022
KSRTC-032,KOLLAM,Kollam,2022-04,89,62,625517,1073997,153294.2041416493,410.8284670996201,51,27,782,15012408,250,200,120,8,0.6394,2022
KSRTC-032,KOLLAM,Kollam,2022-05,86,58,574029,1061301,140676.14262957973,377.01206224727366,51,27,718,13776696,250,200,120,8,0.6744,2022
KSRTC-032,KOLLAM,Kollam,2022-06,85,57,566157,1041903,138746.96728342117,371.8418723195688,51,27,708,13587768,250,200,120,8,0.672,2022
KSRTC-032,KOLLAM,Kollam,2022-07,87,60,595477,1126301,145932.3612302414,391.09872809704694,51,27,744,14291448,250,200,120,8,0.6864,2022
KSRTC-032,KOLLAM,Kollam,2022-08,89,62,620638,1142787,152098.51733856145,407.6240264673447,51,27,776,14895312,250,200,120,8,0.6733,2022
KSRTC-032,KOLLAM,Kollam,2022-09,87,60,597964,1129630,146541.84536208797,392.7321455703958,51,27,748,14351136,250,200,120,8,0.6858,2022
KSRTC-032,KOLLAM,Kollam,2022-10,87,60,598146,1035310,146586.44773924764,392.8516799411837,51,27,748,14355504,250,200,120,8,0.6425,2022
KSRTC-032,KOLLAM,Kollam,2022-11,92,65,661665,1228994,162152.92243597598,434.56983212841567,51,27,827,15879960,250,200,120,8,0.6795,2022
KSRTC-032,KOLLAM,Kollam,2022-12,88,60,605870,1100688,148479.3530204632,397.92466609484137,51,27,757,14540880,250,200,120,8,0.6662,2022
KSRTC-032,KOLLAM,Kollam,2023-01,88,60,604503,1136264,148144.345055753,397.02684474941805,51,27,756,14508072,250,200,120,8,0.6834,2023
KSRTC-032,KOLLAM,Kollam,2023-02,90,62,631234,1162419,154695.2579340767,414.5832912633256,51,27,789,15149616,250,200,120,8,0.6737,2023
KSRTC-032,KOLLAM,Kollam,2023-03,87,60,594250,1082398,145631.66278642323,390.2928562676143,51,27,743,14262000,250,200,120,8,0.6672,2023
KSRTC-032,KOLLAM,Kollam,2023-04,92,62,667905,1225849,163682.1467957358,438.668153412572,51,27,835,16029720,250,200,120,8,0.6718,2023
KSRTC-032,KOLLAM,Kollam,2023-05,91,61,656308,1240216,160840.09312584242,431.05144957725776,51,27,820,15751392,250,200,120,8,0.6862,2023
KSRTC-032,KOLLAM,Kollam,2023-06,92,62,669989,1172034,164192.86852101458,440.0368876363191,51,27,838,16079736,250,200,120,8,0.6483,2023
KSRTC-032,KOLLAM,Kollam,2023-07,92,62,675955,1212809,165654.94424702856,443.95525058203657,51,27,845,16222920,250,200,120,8,0.6608,2023
KSRTC-032,KOLLAM,Kollam,2023-08,91,61,661387,1187073,162084.79353020465,434.3872466609485,51,27,827,15873288,250,200,120,8,0.6604,2023
KSRTC-032,KOLLAM,Kollam,2023-09,89,59,631367,1113708,154727.85197892415,414.6706433035168,51,27,789,15152808,250,200,120,8,0.651,2023
KSRTC-032,KOLLAM,Kollam,2023-10,90,60,650519,1138269,159421.39443695627,427.24933709104283,51,27,813,15612456,250,200,120,8,0.6477,2023
KSRTC-032,KOLLAM,Kollam,2023-11,92,63,681714,1160325,167066.29089572356,447.7376596005392,51,27,852,16361136,250,200,120,8,0.6359,2023
KSRTC-032,KOLLAM,Kollam,2023-12,89,59,633002,1071068,155128.538169342,415.7444822938366,51,27,791,15192048,250,200,120,8,0.6314,2023
KSRTC-032,KOLLAM,Kollam,2024-01,91,61,656878,1163346,160979.78188947434,431.42581546379125,51,27,821,15765072,250,200,120,8,0.6537,2024
KSRTC-032,KOLLAM,Kollam,2024-02,92,63,680309,1203530,166721.97034677124,446.8148805293469,51,27,850,16327416,250,200,120,8,0.6541,2024
KSRTC-032,KOLLAM,Kollam,2024-03,91,61,656823,1179712,160966.30314912388,431.38969243965204,51,27,821,15763752,250,200,120,8,0.6606,2024
KSRTC-032,KOLLAM,Kollam,2024-04,89,83,619044,840387,151707.87893640486,406.57711554956506,51,27,774,14857056,250,200,120,8,0.5434,2024
KSRTC-032,KOLLAM,Kollam,2024-05,92,87,637430,865348,156213.6993015562,418.6527141281706,51,27,797,15298320,250,200,120,8,0.5499,2024
KSRTC-032,KOLLAM,Kollam,2024-06,87,80,603468,819242,147890.6996691582,396.34707511334403,51,27,754,14483232,250,200,120,8,0.5379,2024
KSRTC-032,KOLLAM,Kollam,2024-07,91,85,628327,852990,153982.84523955398,412.67402524200463,51,27,785,15079848,250,200,120,8,0.5467,2024
KSRTC-032,KOLLAM,Kollam,2024-08,89,82,613091,832305,150248.9890944737,402.66729077318956,51,27,766,14714184,250,200,120,8,0.5413,2024
KSRTC-032,KOLLAM,Kollam,2024-09,88,81,607816,825144,148956.25536086265,399.2027643671119,51,27,760,14587584,250,200,120,8,0.5394,2024
KSRTC-032,KOLLAM,Kollam,2024-10,91,86,632709,858939,155056.7332434751,415.55204509251325,51,27,791,15185016,250,200,120,8,0.5482,2024
KSRTC-032,KOLLAM,Kollam,2024-11,89,82,614531,834260,150601.88702364906,403.6130572233795,51,27,768,14748744,250,200,120,8,0.5418,2024
KSRTC-032,KOLLAM,Kollam,2024-12,91,85,627531,851909,153787.77110648205,412.1512265653719,51,27,784,15060744,250,200,120,8,0.5464,2024
KSRTC-032,KOLLAM,Kollam,2025-01,92,88,639016,867500,156602.37715966182,419.6943707878937,51,27,799,15336384,250,200,120,8,0.5505,2025
KSRTC-032,KOLLAM,Kollam,2025-02,89,82,612959,832127,150216.64011763266,402.5805955152556,51,27,766,14711016,250,200,120,8,0.5412,2025
KSRTC-032,KOLLAM,Kollam,2025-03,91,86,631512,857313,154763.38683984807,414.76587673079285,51,27,789,15156288,250,200,120,8,0.5478,2025
KSRTC-032,KOLLAM,Kollam,2025-04,92,88,639251,867820,156659.9681411592,419.84871461830664,51,27,799,15342024,250,200,120,8,0.5506,2025
KSRTC-032,KOLLAM,Kollam,2025-05,91,86,629919,855151,154372.99350569784,413.7196225952702,51,27,787,15118056,250,200,120,8,0.5473,2025
KSRTC-032,KOLLAM,Kollam,2025-06,86,79,597889,811668,146523.4652616101,392.6828869011151,51,27,747,14349336,250,200,120,8,0.5359,2025
KSRTC-032,KOLLAM,Kollam,2025-07,93,89,643834,874041,157783.114814361,422.8587477024875,51,27,805,15452016,250,200,120,8,0.5522,2025
KSRTC-032,KOLLAM,Kollam,2025-08,87,80,605109,821470,148292.85626761426,397.42485479720625,51,27,756,14522616,250,200,120,8,0.5385,2025
KSRTC-032,KOLLAM,Kollam,2025-09,89,82,614974,834862,150710.45215047177,403.90401176326435,51,27,769,14759376,250,200,120,8,0.542,2025
KSRTC-032,KOLLAM,Kollam,2025-10,88,81,607532,824759,148886.65604705305,399.01623820610223,51,27,759,14580768,250,200,120,8,0.5393,2025
KSRTC-032,KOLLAM,Kollam,2025-11,91,86,629276,854277,154215.4147776008,413.2973116039701,51,27,787,15102624,250,200,120,8,0.547,2025
KSRTC-032,KOLLAM,Kollam,2025-12,89,82,613811,833283,150425.4380590614,403.1401739982846,51,27,767,14731464,250,200,120,8,0.5415,2025
KSRTC-032,KOLLAM,Kollam,2026-01,93,89,644332,874718,157905.15868153414,423.18582526651153,51,27,805,15463968,250,200,120,8,0.5524,2026
KSRTC-032,KOLLAM,Kollam,2026-02,88,82,611526,830181,149865.4576645019,401.63942654086514,51,27,764,14676624,250,200,120,8,0.5407,2026
KSRTC-032,KOLLAM,Kollam,2026-03,91,86,629961,855208,154383.28636196547,413.74720745006744,51,27,787,15119064,250,200,120,8,0.5473,2026
KSRTC-033,KONNI,Pathanamthitta,2021-04,30,24,131412,170083,32204.8768533268,86.30906996691583,51,27,164,3153888,250,200,120,8,0.4887,2021
KSRTC-033,KONNI,Pathanamthitta,2021-05,30,24,133656,165901,32754.80945962505,87.78288935179513,51,27,167,3207744,250,200,120,8,0.4728,2021
KSRTC-033,KONNI,Pathanamthitta,2021-06,30,23,126205,156575,30928.807744149002,82.88920475431934,51,27,158,3028920,250,200,120,8,0.4772,2021
KSRTC-033,KONNI,Pathanamthitta,2021-07,29,23,123136,166161,30176.694032594045,80.87354000735205,51,27,154,2955264,250,200,120,8,0.509,2021
KSRTC-033,KONNI,Pathanamthitta,2021-08,30,23,125709,162474,30807.254012988607,82.56344075480948,51,27,157,3017016,250,200,120,8,0.4917,2021
KSRTC-033,KONNI,Pathanamthitta,2021-09,31,25,135862,174910,33295.42948168117,89.23175101090553,51,27,170,3260688,250,200,120,8,0.4842,2021
KSRTC-033,KONNI,Pathanamthitta,2021-10,29,23,123065,154985,30159.29420414165,80.82690846709963,51,27,154,2953560,250,200,120,8,0.4844,2021
KSRTC-033,KONNI,Pathanamthitta,2021-11,30,24,130234,167479,31916.186741820857,85.53538046807991,51,27,163,3125616,250,200,120,8,0.4871,2021
KSRTC-033,KONNI,Pathanamthitta,2021-12,31,25,139851,177922,34273.00575909815,91.85165543438305,51,27,175,3356424,250,200,120,8,0.4778,2021
KSRTC-033,KONNI,Pathanamthitta,2022-01,30,23,126446,163531,30987.8691336846,83.04748927827474,51,27,158,3034704,250,200,120,8,0.4915,2022
KSRTC-033,KONNI,Pathanamthitta,2022-02,30,24,130976,162052,32098.02720254871,86.02271290283055,51,27,164,3143424,250,200,120,8,0.4733,2022
KSRTC-033,KONNI,Pathanamthitta,2022-03,30,24,131147,168024,32139.933831638282,86.1350226687906,51,27,164,3147528,250,200,120,8,0.4853,2022
KSRTC-033,KONNI,Pathanamthitta,2022-04,29,25,231143,317594,56645.75419678961,151.81062124739617,51,27,289,5547432,250,200,120,8,0.3581,2022
KSRTC-033,KONNI,Pathanamthitta,2022-05,29,26,235017,317662,57595.14765347384,154.3549957113099,51,27,294,5640408,250,200,120,8,0.3495,2022
KSRTC-033,KONNI,Pathanamthitta,2022-06,30,26,240566,334412,58955.03002083078,157.9994804558265,51,27,301,5773584,250,200,120,8,0.3566,2022
KSRTC-033,KONNI,Pathanamthitta,2022-07,30,26,242240,343802,59365.273863497125,159.0989339541723,51,27,303,5813760,250,200,120,8,0.3636,2022
KSRTC-033,KONNI,Pathanamthitta,2022-08,28,24,213090,294172,52221.54147776008,139.95373116039704,51,27,266,5114160,250,200,120,8,0.372,2022
KSRTC-033,KONNI,Pathanamthitta,2022-09,29,25,222390,309861,54500.67393701753,146.06180615120698,51,27,278,5337360,250,200,120,8,0.3691,2022
KSRTC-033,KONNI,Pathanamthitta,2022-10,29,25,222675,297521,54570.51831883348,146.24898909447373,51,27,278,5344200,250,200,120,8,0.3532,2022
KSRTC-033,KONNI,Pathanamthitta,2022-11,30,26,243403,345840,59650.28795490749,159.86277171915208,51,27,304,5841672,250,200,120,8,0.3634,2022
KSRTC-033,KONNI,Pathanamthitta,2022-12,29,26,234088,337971,57367.47947555447,153.744844994486,51,27,293,5618112,250,200,120,8,0.3753,2022
KSRTC-033,KONNI,Pathanamthitta,2023-01,30,26,240521,327174,58944.001960544054,157.96992525425807,51,27,301,5772504,250,200,120,8,0.3485,2023
KSRTC-033,KONNI,Pathanamthitta,2023-02,29,25,224285,301103,54965.07780909203,147.30640852836666,51,27,280,5382840,250,200,120,8,0.3539,2023
KSRTC-033,KONNI,Pathanamthitta,2023-03,29,25,229025,315361,56126.70015929421,150.4195564269085,51,27,286,5496600,250,200,120,8,0.3602,2023
KSRTC-033,KONNI,Pathanamthitta,2023-04,30,26,257744,327705,63164.80823428502,169.28168606788387,51,27,322,6185856,250,200,120,8,0.2964,2023
KSRTC-033,KONNI,Pathanamthitta,2023-05,29,25,251824,336161,61714.00563656415,165.39353510599193,51,27,315,6043776,250,200,120,8,0.3175,2023
KSRTC-033,KONNI,Pathanamthitta,2023-06,30,26,264595,340597,64843.769145938,173.78130131111385,51,27,331,6350280,250,200,120,8,0.2964,2023
KSRTC-033,KONNI,Pathanamthitta,2023-07,29,26,255939,332630,62722.46048278397,168.09619409386107,51,27,320,6142536,250,200,120,8,0.3052,2023
KSRTC-033,KONNI,Pathanamthitta,2023-08,30,27,275508,358515,67518.1962994731,180.94876608258792,51,27,344,6612192,250,200,120,8,0.2938,2023
KSRTC-033,KONNI,Pathanamthitta,2023-09,30,26,258151,335019,63264.55091287833,169.54899644651394,51,27,323,6195624,250,200,120,8,0.3033,2023
KSRTC-033,KONNI,Pathanamthitta,2023-10,29,25,252505,321459,61880.896948903326,165.84080382306095,51,27,316,6060120,250,200,120,8,0.3002,2023
KSRTC-033,KONNI,Pathanamthitta,2023-11,29,25,243816,320088,59751.50104153903,160.13402279132458,51,27,305,5851584,250,200,120,8,0.3168,2023
KSRTC-033,KONNI,Pathanamthitta,2023-12,29,26,256229,340250,62793.53020463179,168.28666094841319,51,27,320,6149496,250,200,120,8,0.3128,2023
KSRTC-033,KONNI,Pathanamthitta,2024-01,31,28,284852,383021,69808.1117510109,187.08573949270922,51,27,356,6836448,250,200,120,8,0.3004,2024
KSRTC-033,KONNI,Pathanamthitta,2024-02,30,26,263850,351278,64661.19348119103,173.29199852959198,51,27,330,6332400,250,200,120,8,0.309,2024
KSRTC-033,KONNI,Pathanamthitta,2024-03,30,27,272711,352202,66832.74108565127,179.11174610954544,51,27,341,6545064,250,200,120,8,0.2927,2024
KSRTC-033,KONNI,Pathanamthitta,2024-04,29,27,199841,271295,48974.63546134053,131.25202303639261,51,27,250,4796184,250,200,120,8,0.3948,2024
KSRTC-033,KONNI,Pathanamthitta,2024-05,28,26,194504,264050,47666.707511334396,127.74677613037619,51,27,243,4668096,250,200,120,8,0.3929,2024
KSRTC-033,KONNI,Pathanamthitta,2024-06,29,27,202423,274801,49607.40105379243,132.94783482416372,51,27,253,4858152,250,200,120,8,0.3957,2024
KSRTC-033,KONNI,Pathanamthitta,2024-07,28,25,192828,261775,47255.97353265531,126.64600906751625,51,27,241,4627872,250,200,120,8,0.3923,2024
KSRTC-033,KONNI,Pathanamthitta,2024-08,29,26,197882,268636,48494.547236858234,129.96538659478009,51,27,247,4749168,250,200,120,8,0.3941,2024
KSRTC-033,KONNI,Pathanamthitta,2024-09,30,28,204853,278099,50202.916309275824,134.5438157088592,51,27,256,4916472,250,200,120,8,0.3965,2024
KSRTC-033,KONNI,Pathanamthitta,2024-10,28,26,196656,266972,48194.09386104644,129.16017154760448,51,27,246,4719744,250,200,120,8,0.3936,2024
KSRTC-033,KONNI,Pathanamthitta,2024-11,29,27,200125,271681,49044.23477515011,131.4385491974023,51,27,250,4803000,250,200,120,8,0.3949,2024
KSRTC-033,KONNI,Pathanamthitta,2024-12,28,25,192717,261625,47228.770983948045,126.57310623698076,51,27,241,4625208,250,200,120,8,0.3922,2024
KSRTC-033,KONNI,Pathanamthitta,2025-01,28,26,196435,266672,48139.933831638285,129.0150226687906,51,27,246,4714440,250,200,120,8,0.3935,2025
KSRTC-033,KONNI,Pathanamthitta,2025-02,29,27,199259,270506,48832.005881632154,130.86977576277417,51,27,249,4782216,250,200,120,8,0.3945,2025
KSRTC-033,KONNI,Pathanamthitta,2025-03,29,27,200194,271775,49061.14446758976,131.48386717314054,51,27,250,4804656,250,200,120,8,0.3949,2025
KSRTC-033,KONNI,Pathanamthitta,2025-04,28,26,193936,263279,47527.508883715236,127.37372380835684,51,27,242,4654464,250,200,120,8,0.3927,2025
KSRTC-033,KONNI,Pathanamthitta,2025-05,28,26,196836,267217,48238.20610219336,129.27839235387822,51,27,246,4724064,250,200,120,8,0.3937,2025
KSRTC-033,KONNI,Pathanamthitta,2025-06,29,26,197404,267987,48377.40472981252,129.65144467589758,51,27,247,4737696,250,200,120,8,0.3939,2025
KSRTC-033,KONNI,Pathanamthitta,2025-07,29,26,198152,269002,48560.71559857861,130.14271780419068,51,27,248,4755648,250,200,120,8,0.3942,2025
KSRTC-033,KONNI,Pathanamthitta,2025-08,29,28,202921,275477,49729.44492096557,133.27491238818774,51,27,254,4870104,250,200,120,8,0.3958,2025
KSRTC-033,KONNI,Pathanamthitta,2025-09,28,26,196428,266662,48138.21835559368,129.01042519299108,51,27,246,4714272,250,200,120,8,0.3935,2025
KSRTC-033,KONNI,Pathanamthitta,2025-10,29,26,198096,268927,48546.991790221786,130.1059379977944,51,27,248,4754304,250,200,120,8,0.3941,2025
KSRTC-033,KONNI,Pathanamthitta,2025-11,28,26,196234,266399,48090.675162357555,128.88300943511825,51,27,245,4709616,250,200,120,8,0.3935,2025
KSRTC-033,KONNI,Pathanamthitta,2025-12,28,26,197079,267546,48297.7576277417,129.43799044234777,51,27,246,4729896,250,200,120,8,0.3938,2025
KSRTC-033,KONNI,Pathanamthitta,2026-01,29,28,203621,276426,49900.992525425805,133.7346599681412,51,27,255,4886904,250,200,120,8,0.3961,2026
KSRTC-033,KONNI,Pathanamthitta,2026-02,29,27,202651,275111,49663.27655924519,133.09758117877712,51,27,253,4863624,250,200,120,8,0.3957,2026
KSRTC-033,KONNI,Pathanamthitta,2026-03,28,26,194358,263852,47630.92758240412,127.65088592084304,51,27,243,4664592,250,200,120,8,0.3928,2026
KSRTC-034,KOOTHATTUKULAM,Ernakulam,2021-04,51,40,275060,373096,67408.40583261856,180.65452763141775,51,27,344,6601440,250,200,120,8,0.5033,2021
KSRTC-034,KOOTHATTUKULAM,Ernakulam,2021-05,50,39,261748,333383,64146.06053179758,171.91144222521754,51,27,327,6281952,250,200,120,8,0.4835,2021
KSRTC-034,KOOTHATTUKULAM,Ernakulam,2021-06,51,40,275244,367636,67453.49834579095,180.77537556671976,51,27,344,6605856,250,200,120,8,0.4976,2021
KSRTC-034,KOOTHATTUKULAM,Ernakulam,2021-07,50,39,262778,337013,64398.4805783605,172.58792795000616,51,27,328,6306672,250,200,120,8,0.4856,2021
KSRTC-034,KOOTHATTUKULAM,Ernakulam,2021-08,49,37,244041,334352,59806.641342972674,160.28179879916678,51,27,305,5856984,250,200,120,8,0.5141,2021
KSRTC-034,KOOTHATTUKULAM,Ernakulam,2021-09,51,40,274284,359564,67218.23305967406,180.1448645999265,51,27,343,6582816,250,200,120,8,0.491,2021
KSRTC-034,KOOTHATTUKULAM,Ernakulam,2021-10,50,39,261121,348778,63992.40289180248,171.49963975003064,51,27,326,6266904,250,200,120,8,0.5006,2021
KSRTC-034,KOOTHATTUKULAM,Ernakulam,2021-11,48,36,241092,323673,59083.93579218233,158.34494792304866,51,27,301,5786208,250,200,120,8,0.5074,2021
KSRTC-034,KOOTHATTUKULAM,Ernakulam,2021-12,50,39,263544,355012,64586.20267124127,173.09102315892662,51,27,329,6325056,250,200,120,8,0.5032,2021
KSRTC-034,KOOTHATTUKULAM,Ernakulam,2022-01,51,40,271047,357808,66424.94792304865,178.01886043377039,51,27,339,6505128,250,200,120,8,0.4942,2022
KSRTC-034,KOOTHATTUKULAM,Ernakulam,2022-02,50,38,257178,331750,63026.0997426786,168.90994731037867,51,27,321,6172272,250,200,120,8,0.489,2022
KSRTC-034,KOOTHATTUKULAM,Ernakulam,2022-03,51,39,268218,348691,65731.65053302291,176.1608234285014,51,27,335,6437232,250,200,120,8,0.4893,2022
KSRTC-034,KOOTHATTUKULAM,Ernakulam,2022-04,50,47,351262,582526,86083.07805416004,230.7026491851489,51,27,439,8430288,250,200,120,8,0.5256,2022
KSRTC-034,KOOTHATTUKULAM,Ernakulam,2022-05,50,47,352214,542031,86316.38279622595,231.32790589388557,51,27,440,8453136,250,200,120,8,0.4927,2022
KSRTC-034,KOOTHATTUKULAM,Ernakulam,2022-06,50,46,348559,553055,85420.65923293715,228.92736674427158,51,27,436,8365416,250,200,120,8,0.5066,2022
KSRTC-034,KOOTHATTUKULAM,Ernakulam,2022-07,51,48,364111,595159,89231.95686803089,239.1416444063228,51,27,455,8738664,250,200,120,8,0.5163,2022
KSRTC-034,KOOTHATTUKULAM,Ernakulam,2022-08,52,50,386849,621407,94804.31319691215,254.07555936772457,51,27,484,9284376,250,200,120,8,0.504,2022
KSRTC-034,KOOTHATTUKULAM,Ernakulam,2022-09,51,49,370004,572293,90676.14262957971,243.01206224727366,51,27,463,8880096,250,200,120,8,0.491,2022
KSRTC-034,KOOTHATTUKULAM,Ernakulam,2022-10,49,46,339888,523209,83295.67454968754,223.23240779316262,51,27,425,8157312,250,200,120,8,0.4958,2022
KSRTC-034,KOOTHATTUKULAM,Ernakulam,2022-11,52,50,383184,589241,93906.13895355962,251.66845239553982,51,27,479,9196416,250,200,120,8,0.4859,2022
KSRTC-034,KOOTHATTUKULAM,Ernakulam,2022-12,51,49,372919,584669,91390.51586815342,244.92658252665117,51,27,466,8950056,250,200,120,8,0.4962,2022
KSRTC-034,KOOTHATTUKULAM,Ernakulam,2023-01,51,48,364501,573930,89327.53339051588,239.39778948658255,51,27,456,8748024,250,200,120,8,0.4997,2023
KSRTC-034,KOOTHATTUKULAM,Ernakulam,2023-02,50,46,348592,539705,85428.74647714742,228.94904055875512,51,27,436,8366208,250,200,120,8,0.4961,2023
KSRTC-034,KOOTHATTUKULAM,Ernakulam,2023-03,51,48,360163,564951,88264.42837887515,236.5486680553854,51,27,450,8643912,250,200,120,8,0.499,2023
KSRTC-034,KOOTHATTUKULAM,Ernakulam,2023-04,52,36,353498,535727,86631.0501164073,232.1712143119716,51,27,442,8483952,250,200,120,8,0.4963,2023
KSRTC-034,KOOTHATTUKULAM,Ernakulam,2023-05,55,40,404697,649487,99178.28697463547,265.79780909202304,51,27,506,9712728,250,200,120,8,0.5109,2023
KSRTC-034,KOOTHATTUKULAM,Ernakulam,2023-06,56,42,421354,661802,103260.38475677001,276.7378311481437,51,27,527,10112496,250,200,120,8,0.499,2023
KSRTC-034,KOOTHATTUKULAM,Ernakulam,2023-07,54,39,384440,620110,94213.94436956255,252.49337091042764,51,27,481,9226560,250,200,120,8,0.5167,2023
KSRTC-034,KOOTHATTUKULAM,Ernakulam,2023-08,54,39,389607,610008,95480.21075848548,255.88696483274109,51,27,487,9350568,250,200,120,8,0.5027,2023
KSRTC-034,KOOTHATTUKULAM,Ernakulam,2023-09,54,39,390340,604215,95659.84560715599,256.36838622717806,51,27,488,9368160,250,200,120,8,0.4977,2023
KSRTC-034,KOOTHATTUKULAM,Ernakulam,2023-10,53,39,381021,591543,93376.05685577748,250.24783237348365,51,27,476,9144504,250,200,120,8,0.5007,2023
KSRTC-034,KOOTHATTUKULAM,Ernakulam,2023-11,53,38,370570,561650,90814.85112118613,243.38380100477886,51,27,463,8893680,250,200,120,8,0.4927,2023
KSRTC-034,KOOTHATTUKULAM,Ernakulam,2023-12,53,38,380634,602319,93281.21553731161,249.99365763999512,51,27,476,9135216,250,200,120,8,0.509,2023
KSRTC-034,KOOTHATTUKULAM,Ernakulam,2024-01,53,39,383480,600955,93978.67908344566,251.8628599436344,51,27,479,9203520,250,200,120,8,0.5043,2024
KSRTC-034,KOOTHATTUKULAM,Ernakulam,2024-02,54,40,394712,633369,96731.28293101337,259.23983825511584,51,27,493,9473088,250,200,120,8,0.5125,2024
KSRTC-034,KOOTHATTUKULAM,Ernakulam,2024-03,52,37,365967,576402,89686.80308785688,240.36063227545645,51,27,457,8783208,250,200,120,8,0.5099,2024
KSRTC-034,KOOTHATTUKULAM,Ernakulam,2024-04,49,45,337808,458593,82785.93309643427,221.86630069844384,51,27,422,8107392,250,200,120,8,0.4437,2024
KSRTC-034,KOOTHATTUKULAM,Ernakulam,2024-05,49,45,337655,458386,82748.43769145939,221.76581301311117,51,27,422,8103720,250,200,120,8,0.4436,2024
KSRTC-034,KOOTHATTUKULAM,Ernakulam,2024-06,51,48,352158,478075,86302.65898786914,231.29112608748935,51,27,440,8451792,250,200,120,8,0.4488,2024
KSRTC-034,KOOTHATTUKULAM,Ernakulam,2024-07,49,45,337642,458368,82745.25180737655,221.75727484376918,51,27,422,8103408,250,200,120,8,0.4436,2024
KSRTC-034,KOOTHATTUKULAM,Ernakulam,2024-08,48,43,330234,448312,80929.7880161745,216.8918318833477,51,27,413,7925616,250,200,120,8,0.441,2024
KSRTC-034,KOOTHATTUKULAM,Ernakulam,2024-09,50,47,349223,474090,85583.384389168,229.36347016297026,51,27,437,8381352,250,200,120,8,0.4477,2024
KSRTC-034,KOOTHATTUKULAM,Ernakulam,2024-10,49,45,337773,458546,82777.35571621126,221.84331331944617,51,27,422,8106552,250,200,120,8,0.4437,2024
KSRTC-034,KOOTHATTUKULAM,Ernakulam,2024-11,49,45,338715,459824,83008.20977821345,222.46200220561204,51,27,423,8129160,250,200,120,8,0.444,2024
KSRTC-034,KOOTHATTUKULAM,Ernakulam,2024-12,49,46,342107,464429,83839.4804558265,224.68980762161505,51,27,428,8210568,250,200,120,8,0.4452,2024
KSRTC-034,KOOTHATTUKULAM,Ernakulam,2025-01,49,45,339282,460595,83147.16333782625,222.83439774537436,51,27,424,8142768,250,200,120,8,0.4442,2025
KSRTC-034,KOOTHATTUKULAM,Ernakulam,2025-02,50,46,344170,467230,84345.05575297146,226.04474941796352,51,27,430,8260080,250,200,120,8,0.4459,2025
KSRTC-034,KOOTHATTUKULAM,Ernakulam,2025-03,49,45,340134,461751,83355.961279255,223.39397622840343,51,27,425,8163216,250,200,120,8,0.4445,2025
KSRTC-034,KOOTHATTUKULAM,Ernakulam,2025-04,48,44,335246,455116,82158.0688641098,220.18362455581425,51,27,419,8045904,250,200,120,8,0.4428,2025
KSRTC-034,KOOTHATTUKULAM,Ernakulam,2025-05,49,45,338161,459072,82872.4421026835,222.09814483519182,51,27,423,8115864,250,200,120,8,0.4438,2025
KSRTC-034,KOOTHATTUKULAM,Ernakulam,2025-06,49,45,339421,460783,83181.22779071193,222.925690479108,51,27,424,8146104,250,200,120,8,0.4442,2025
KSRTC-034,KOOTHATTUKULAM,Ernakulam,2025-07,49,45,338015,458875,82836.66217375323,222.00225462565865,51,27,423,8112360,250,200,120,8,0.4437,2025
KSRTC-034,KOOTHATTUKULAM,Ernakulam,2025-08,50,46,344869,468179,84516.35828942532,226.50384021565986,51,27,431,8276856,250,200,120,8,0.4462,2025
KSRTC-034,KOOTHATTUKULAM,Ernakulam,2025-09,48,43,330317,448425,80950.12866070335,216.946344810685,51,27,413,7927608,250,200,120,8,0.441,2025
KSRTC-034,KOOTHATTUKULAM,Ernakulam,2025-10,50,47,349244,474118,85588.5308173018,229.37726259036884,51,27,437,8381856,250,200,120,8,0.4477,2025
KSRTC-034,KOOTHATTUKULAM,Ernakulam,2025-11,50,46,344799,468085,84499.2035289793,226.45786545766452,51,27,431,8275176,250,200,120,8,0.4462,2025
KSRTC-034,KOOTHATTUKULAM,Ernakulam,2025-12,48,44,335302,455191,82171.79267246662,220.22040436221053,51,27,419,8047248,250,200,120,8,0.4428,2025
KSRTC-034,KOOTHATTUKULAM,Ernakulam,2026-01,50,46,343408,466196,84158.31393211617,225.54428133807136,51,27,429,8241792,250,200,120,8,0.4457,2026
KSRTC-034,KOOTHATTUKULAM,Ernakulam,2026-02,50,46,345132,468536,84580.8111751011,226.67657394927096,51,27,431,8283168,250,200,120,8,0.4463,2026
KSRTC-034,KOOTHATTUKULAM,Ernakulam,2026-03,50,46,342993,465632,84056.61070947188,225.27171670138463,51,27,429,8231832,250,200,120,8,0.4455,2026
KSRTC-035,KOTHAMANGALAM,Ernakulam,2021-04,51,39,266619,377251,65339.78679083446,175.11062859943638,51,27,333,6398856,250,200,120,8,0.5211,2021
KSRTC-035,KOTHAMANGALAM,Ernakulam,2021-05,50,38,255733,352279,62671.97647347139,167.96089694890333,51,27,320,6137592,250,200,120,8,0.5133,2021
KSRTC-035,KOTHAMANGALAM,Ernakulam,2021-06,50,39,262885,347463,64424.70285504228,172.65820365151333,51,27,329,6309240,250,200,120,8,0.4964,2021
KSRTC-035,KOTHAMANGALAM,Ernakulam,2021-07,52,41,280833,374558,68823.18343340277,184.44613160151943,51,27,351,6739992,250,200,120,8,0.496,2021
KSRTC-035,KOTHAMANGALAM,Ernakulam,2021-08,49,37,250325,328335,61346.64869501287,164.4090185026345,51,27,313,6007800,250,200,120,8,0.4965,2021
KSRTC-035,KOTHAMANGALAM,Ernakulam,2021-09,50,39,261238,350807,64021.075848547975,171.5764832741086,51,27,327,6269712,250,200,120,8,0.5025,2021
KSRTC-035,KOTHAMANGALAM,Ernakulam,2021-10,48,36,236270,308380,57902.21786545767,155.17794387942658,51,27,295,5670480,250,200,120,8,0.4985,2021
KSRTC-035,KOTHAMANGALAM,Ernakulam,2021-11,50,38,254752,334381,62431.56475922069,167.31659355471146,51,27,318,6114048,250,200,120,8,0.4957,2021
KSRTC-035,KOTHAMANGALAM,Ernakulam,2021-12,53,42,290884,385108,71286.36196544541,191.04745006739373,51,27,364,6981216,250,200,120,8,0.4915,2021
KSRTC-035,KOTHAMANGALAM,Ernakulam,2022-01,50,38,256377,334319,62829.80026957481,168.3838647224605,51,27,320,6153048,250,200,120,8,0.493,2022
KSRTC-035,KOTHAMANGALAM,Ernakulam,2022-02,52,41,282203,371356,69158.9266021321,185.34592329371404,51,27,353,6772872,250,200,120,8,0.4909,2022
KSRTC-035,KOTHAMANGALAM,Ernakulam,2022-03,50,38,257237,335955,63040.55875505453,168.94869746354615,51,27,322,6173688,250,200,120,8,0.4933,2022
KSRTC-035,KOTHAMANGALAM,Ernakulam,2022-04,50,47,350894,524272,85992.89302781523,230.4609533145448,51,27,439,8421456,250,200,120,8,0.4807,2022
KSRTC-035,KOTHAMANGALAM,Ernakulam,2022-05,53,51,391796,615752,96016.66462443328,257.32466119348123,51,27,490,9403104,250,200,120,8,0.4936,2022
KSRTC-035,KOTHAMANGALAM,Ernakulam,2022-06,52,50,389190,622673,95378.01739982846,255.61308663154028,51,27,487,9340560,250,200,120,8,0.5019,2022
KSRTC-035,KOTHAMANGALAM,Ernakulam,2022-07,50,46,349331,553981,85609.85173385615,229.4344026467345,51,27,437,8383944,250,200,120,8,0.5062,2022
KSRTC-035,KOTHAMANGALAM,Ernakulam,2022-08,50,46,348038,537900,85292.97880161746,228.5851831883348,51,27,435,8352912,250,200,120,8,0.4955,2022
KSRTC-035,KOTHAMANGALAM,Ernakulam,2022-09,53,52,404214,586485,99059.9191275579,265.4805832618552,51,27,505,9701136,250,200,120,8,0.4585,2022
KSRTC-035,KOTHAMANGALAM,Ernakulam,2022-10,50,47,356915,547660,87468.44749417964,234.41543928440146,51,27,446,8565960,250,200,120,8,0.4904,2022
KSRTC-035,KOTHAMANGALAM,Ernakulam,2022-11,48,43,319317,489837,78254.3805906139,209.72173998284526,51,27,399,7663608,250,200,120,8,0.4998,2022
KSRTC-035,KOTHAMANGALAM,Ernakulam,2022-12,51,48,365691,579198,89619.16431809828,240.1793603725034,51,27,457,8776584,250,200,120,8,0.502,2022
KSRTC-035,KOTHAMANGALAM,Ernakulam,2023-01,49,45,338175,528119,82875.8730547727,222.10733978679087,51,27,423,8116200,250,200,120,8,0.5023,2023
KSRTC-035,KOTHAMANGALAM,Ernakulam,2023-02,52,49,378750,588900,92819.50741330719,248.7562798676633,51,27,473,9090000,250,200,120,8,0.4914,2023
KSRTC-035,KOTHAMANGALAM,Ernakulam,2023-03,50,47,349935,510287,85757.8728097047,229.8310991300086,51,27,437,8398440,250,200,120,8,0.4711,2023
KSRTC-035,KOTHAMANGALAM,Ernakulam,2023-04,54,40,397332,588575,97373.36110770739,260.9606077686558,51,27,497,9535968,250,200,120,8,0.4783,2023
KSRTC-035,KOTHAMANGALAM,Ernakulam,2023-05,54,39,386288,603712,94666.83004533759,253.70710452150476,51,27,483,9270912,250,200,120,8,0.5026,2023
KSRTC-035,KOTHAMANGALAM,Ernakulam,2023-06,54,39,390030,606796,95583.87452518074,256.1647837274844,51,27,488,9360720,250,200,120,8,0.4999,2023
KSRTC-035,KOTHAMANGALAM,Ernakulam,2023-07,53,39,381838,603246,93576.27741698321,250.78442347751502,51,27,477,9164112,250,200,120,8,0.5081,2023
KSRTC-035,KOTHAMANGALAM,Ernakulam,2023-08,53,38,374787,569819,91848.30290405588,246.15345178286975,51,27,469,8994888,250,200,120,8,0.4931,2023
KSRTC-035,KOTHAMANGALAM,Ernakulam,2023-09,55,41,411510,630464,100847.93530204632,270.2724666094842,51,27,514,9876240,250,200,120,8,0.4899,2023
KSRTC-035,KOTHAMANGALAM,Ernakulam,2023-10,52,37,354618,554341,86905.52628354369,232.9068104398971,51,27,443,8510832,250,200,120,8,0.5092,2023
KSRTC-035,KOTHAMANGALAM,Ernakulam,2023-11,55,40,402014,622718,98520.76951354001,264.0356622962872,51,27,503,9648336,250,200,120,8,0.496,2023
KSRTC-035,KOTHAMANGALAM,Ernakulam,2023-12,52,37,365017,571797,89453.98848180371,239.73668913123396,51,27,456,8760408,250,200,120,8,0.5078,2023
KSRTC-035,KOTHAMANGALAM,Ernakulam,2024-01,52,37,367201,589030,89989.21700771965,241.17110158068868,51,27,459,8812824,250,200,120,8,0.5176,2024
KSRTC-035,KOTHAMANGALAM,Ernakulam,2024-02,55,41,408026,635428,99994.11836784708,267.9842372258302,51,27,510,9792624,250,200,120,8,0.4973,2024
KSRTC-035,KOTHAMANGALAM,Ernakulam,2024-03,53,39,381661,589119,93532.90037985542,250.66817301801254,51,27,477,9159864,250,200,120,8,0.4982,2024
KSRTC-035,KOTHAMANGALAM,Ernakulam,2024-04,48,43,331730,450342,81296.40975370666,217.87437813993387,51,27,415,7961520,250,200,120,8,0.4415,2024
KSRTC-035,KOTHAMANGALAM,Ernakulam,2024-05,48,44,334499,454101,81975.00306335009,219.69300820977827,51,27,418,8027976,250,200,120,8,0.4425,2024
KSRTC-035,KOTHAMANGALAM,Ernakulam,2024-06,50,46,343588,466440,84202.42617326308,225.66250214434507,51,27,430,8246112,250,200,120,8,0.4457,2024
KSRTC-035,KOTHAMANGALAM,Ernakulam,2024-07,49,46,341054,463001,83581.42384511702,223.99821590491365,51,27,426,8185296,250,200,120,8,0.4448,2024
KSRTC-035,KOTHAMANGALAM,Ernakulam,2024-08,49,45,339684,461140,83245.6806763877,223.09842421271904,51,27,425,8152416,250,200,120,8,0.4443,2024
KSRTC-035,KOTHAMANGALAM,Ernakulam,2024-09,48,44,335710,455746,82271.7804190663,220.4883715230977,51,27,420,8057040,250,200,120,8,0.4429,2024
KSRTC-035,KOTHAMANGALAM,Ernakulam,2024-10,49,45,339774,461262,83267.73679696117,223.15753461585592,51,27,425,8154576,250,200,120,8,0.4444,2024
KSRTC-035,KOTHAMANGALAM,Ernakulam,2024-11,49,45,339926,461469,83304.98713392967,223.25736551893152,51,27,425,8158224,250,200,120,8,0.4444,2024
KSRTC-035,KOTHAMANGALAM,Ernakulam,2024-12,49,46,342536,465012,83944.61463055998,224.97156720990077,51,27,428,8220864,250,200,120,8,0.4454,2024
KSRTC-035,KOTHAMANGALAM,Ernakulam,2025-01,50,46,343692,466581,84227.91324592575,225.73080749908104,51,27,430,8248608,250,200,120,8,0.4458,2025
KSRTC-035,KOTHAMANGALAM,Ernakulam,2025-02,50,46,343934,466910,84287.21970346772,225.88974880529352,51,27,430,8254416,250,200,120,8,0.4458,2025
KSRTC-035,KOTHAMANGALAM,Ernakulam,2025-03,51,48,350781,476205,85965.20034309522,230.38673691949518,51,27,439,8418744,250,200,120,8,0.4483,2025
KSRTC-035,KOTHAMANGALAM,Ernakulam,2025-04,48,44,334035,453471,81861.29150839358,219.3882612424948,51,27,418,8016840,250,200,120,8,0.4423,2025
KSRTC-035,KOTHAMANGALAM,Ernakulam,2025-05,50,47,347368,471571,85128.78323734837,228.14513907609364,51,27,434,8336832,250,200,120,8,0.4471,2025
KSRTC-035,KOTHAMANGALAM,Ernakulam,2025-06,49,45,339026,460247,83084.42592819508,222.66626148756282,51,27,424,8136624,250,200,120,8,0.4441,2025
KSRTC-035,KOTHAMANGALAM,Ernakulam,2025-07,49,45,338133,459035,82865.5801985051,222.07975493199368,51,27,423,8115192,250,200,120,8,0.4438,2025
KSRTC-035,KOTHAMANGALAM,Ernakulam,2025-08,47,42,326794,443641,80086.75407425562,214.63250091900508,51,27,409,7843056,250,200,120,8,0.4398,2025
KSRTC-035,KOTHAMANGALAM,Ernakulam,2025-09,50,46,343706,466600,84231.34419801495,225.74000245068007,51,27,430,8248944,250,200,120,8,0.4458,2025
KSRTC-035,KOTHAMANGALAM,Ernakulam,2025-10,49,45,338881,460050,83048.89106727118,222.57102806028678,51,27,424,8133144,250,200,120,8,0.4441,2025
KSRTC-035,KOTHAMANGALAM,Ernakulam,2025-11,48,44,333246,452400,81667.93285136626,218.87006004166162,51,27,417,7997904,250,200,120,8,0.4421,2025
KSRTC-035,KOTHAMANGALAM,Ernakulam,2025-12,51,48,351362,476994,86107.58485479721,230.76832741085656,51,27,439,8432688,250,200,120,8,0.4485,2025
KSRTC-035,KOTHAMANGALAM,Ernakulam,2026-01,50,47,347202,471346,85088.10194829066,228.036113221419,51,27,434,8332848,250,200,120,8,0.447,2026
KSRTC-035,KOTHAMANGALAM,Ernakulam,2026-02,49,46,341844,464072,83775.02757015072,224.51707388800395,51,27,427,8204256,250,200,120,8,0.4451,2026
KSRTC-035,KOTHAMANGALAM,Ernakulam,2026-03,50,47,345305,468771,84623.20794020341,226.79019727974517,51,27,432,8287320,250,200,120,8,0.4463,2026
KSRTC-036,KOTTARAKKARA,Kollam,2021-04,65,58,311198,506827,76264.67344688151,204.38932483764245,51,27,389,7468752,250,200,120,8,0.6195,2021
KSRTC-036,KOTTARAKKARA,Kollam,2021-05,66,59,323262,544927,79221.17387575052,212.3127459870114,51,27,404,7758288,250,200,120,8,0.6342,2021
KSRTC-036,KOTTARAKKARA,Kollam,2021-06,64,57,305342,516944,74829.55520156844,200.54320794020342,51,27,382,7328208,250,200,120,8,0.6377,2021
KSRTC-036,KOTTARAKKARA,Kollam,2021-07,63,56,298910,512546,73253.27778458523,196.3187844626884,51,27,374,7173840,250,200,120,8,0.6443,2021
KSRTC-036,KOTTARAKKARA,Kollam,2021-08,63,55,294505,500076,72173.7532165176,193.42565862026717,51,27,368,7068120,250,200,120,8,0.6402,2021
KSRTC-036,KOTTARAKKARA,Kollam,2021-09,64,57,308261,491696,75544.90871216763,202.46035534860926,51,27,385,7398264,250,200,120,8,0.6106,2021
KSRTC-036,KOTTARAKKARA,Kollam,2021-10,64,57,305215,518911,74798.43156475923,200.45979659355476,51,27,382,7325160,250,200,120,8,0.6396,2021
KSRTC-036,KOTTARAKKARA,Kollam,2021-11,62,53,280305,480796,68693.78752603848,184.09935056978313,51,27,350,6727320,250,200,120,8,0.6466,2021
KSRTC-036,KOTTARAKKARA,Kollam,2021-12,64,56,299740,491577,73456.68422987379,196.86391373606176,51,27,375,7193760,250,200,120,8,0.6237,2021
KSRTC-036,KOTTARAKKARA,Kollam,2022-01,64,57,308955,496081,75714.98590858963,202.9161622350202,51,27,386,7414920,250,200,120,8,0.6134,2022
KSRTC-036,KOTTARAKKARA,Kollam,2022-02,65,59,319592,534478,78321.77429236614,209.90235510354128,51,27,400,7670208,250,200,120,8,0.6308,2022
KSRTC-036,KOTTARAKKARA,Kollam,2022-03,63,55,290038,471935,71079.0344320549,190.49181227790714,51,27,363,6960912,250,200,120,8,0.6213,2022
KSRTC-036,KOTTARAKKARA,Kollam,2022-04,66,46,461572,806815,113116.52983702978,303.15229996323984,51,27,577,11077728,250,200,120,8,0.5906,2022
KSRTC-036,KOTTARAKKARA,Kollam,2022-05,65,45,449803,839877,110232.32447004045,295.42262957970837,51,27,562,10795272,250,200,120,8,0.6242,2022
KSRTC-036,KOTTARAKKARA,Kollam,2022-06,66,46,458654,814753,112401.42139443695,301.23580933709104,51,27,573,11007696,250,200,120,8,0.5986,2022
KSRTC-036,KOTTARAKKARA,Kollam,2022-07,64,44,437898,801645,107314.78985418454,287.6036368092146,51,27,547,10509552,250,200,120,8,0.6153,2022
KSRTC-036,KOTTARAKKARA,Kollam,2022-08,65,45,451275,803713,110593.06457541969,296.3894130621248,51,27,564,10830600,250,200,120,8,0.6005,2022
KSRTC-036,KOTTARAKKARA,Kollam,2022-09,65,44,443777,801075,108755.54466364416,291.4648596985664,51,27,555,10650648,250,200,120,8,0.6078,2022
KSRTC-036,KOTTARAKKARA,Kollam,2022-10,63,42,414801,767536,101654.45411101582,272.4339370175224,51,27,519,9955224,250,200,120,8,0.6233,2022
KSRTC-036,KOTTARAKKARA,Kollam,2022-11,64,43,429598,799391,105280.72540129887,282.152344075481,51,27,537,10310352,250,200,120,8,0.6244,2022
KSRTC-036,KOTTARAKKARA,Kollam,2022-12,64,44,436945,813640,107081.24004411224,286.9777233182208,51,27,546,10486680,250,200,120,8,0.624,2022
KSRTC-036,KOTTARAKKARA,Kollam,2023-01,65,45,449305,839325,110110.28060286731,295.0955520156844,51,27,562,10783320,250,200,120,8,0.6245,2023
KSRTC-036,KOTTARAKKARA,Kollam,2023-02,66,45,456586,822450,111894.62075726014,299.8775836294572,51,27,571,10958064,250,200,120,8,0.6056,2023
KSRTC-036,KOTTARAKKARA,Kollam,2023-03,68,49,499007,848183,122290.65065555692,327.7389437568926,51,27,624,11976168,250,200,120,8,0.575,2023
KSRTC-036,KOTTARAKKARA,Kollam,2023-04,67,45,481184,854964,117922.8035779929,316.033113589021,51,27,602,11548416,250,200,120,8,0.5953,2023
KSRTC-036,KOTTARAKKARA,Kollam,2023-05,68,46,504874,922291,123728.46464894009,331.59228525915944,51,27,631,12116976,250,200,120,8,0.6073,2023
KSRTC-036,KOTTARAKKARA,Kollam,2023-06,68,46,505595,945875,123905.15868153413,332.06582526651147,51,27,632,12134280,250,200,120,8,0.6194,2023
KSRTC-036,KOTTARAKKARA,Kollam,2023-07,68,46,499948,870791,122521.25964955275,328.3569758608014,51,27,625,11998752,250,200,120,8,0.5844,2023
KSRTC-036,KOTTARAKKARA,Kollam,2023-08,66,44,469401,846216,115035.16725891436,308.2942482538905,51,27,587,11265624,250,200,120,8,0.6035,2023
KSRTC-036,KOTTARAKKARA,Kollam,2023-09,68,46,495194,921814,121356.20634726137,325.23463301066045,51,27,619,11884656,250,200,120,8,0.6175,2023
KSRTC-036,KOTTARAKKARA,Kollam,2023-10,68,46,500304,865309,122608.50385982111,328.59079034432057,51,27,625,12007296,250,200,120,8,0.581,2023
KSRTC-036,KOTTARAKKARA,Kollam,2023-11,69,47,511826,874436,125432.17742923662,336.1582355103542,51,27,640,12283824,250,200,120,8,0.5745,2023
KSRTC-036,KOTTARAKKARA,Kollam,2023-12,66,43,462045,827582,113232.44700404363,303.46295797083695,51,27,578,11089080,250,200,120,8,0.601,2023
KSRTC-036,KOTTARAKKARA,Kollam,2024-01,66,44,470133,861822,115214.55703957849,308.77501286607037,51,27,588,11283192,250,200,120,8,0.6117,2024
KSRTC-036,KOTTARAKKARA,Kollam,2024-02,66,44,463823,806808,113668.17791937263,304.63071682391865,51,27,580,11131752,250,200,120,8,0.5867,2024
KSRTC-036,KOTTARAKKARA,Kollam,2024-03,68,46,503936,947485,123498.59085896336,330.9762235020218,51,27,630,12094464,250,200,120,8,0.622,2024
KSRTC-036,KOTTARAKKARA,Kollam,2024-04,64,59,445239,604437,109113.83408895969,292.425075358412,51,27,557,10685736,250,200,120,8,0.4818,2024
KSRTC-036,KOTTARAKKARA,Kollam,2024-05,66,62,458925,623017,112467.83482416371,301.41379732875873,51,27,574,11014200,250,200,120,8,0.4866,2024
KSRTC-036,KOTTARAKKARA,Kollam,2024-06,67,63,462102,627330,113246.41588040681,303.50039455949025,51,27,578,11090448,250,200,120,8,0.4877,2024
KSRTC-036,KOTTARAKKARA,Kollam,2024-07,68,64,469787,637762,115129.76350937385,308.54776620512195,51,27,587,11274888,250,200,120,8,0.4905,2024
KSRTC-036,KOTTARAKKARA,Kollam,2024-08,67,63,465799,632349,114152.43229996324,305.9285185639015,51,27,582,11179176,250,200,120,8,0.4891,2024
KSRTC-036,KOTTARAKKARA,Kollam,2024-09,67,63,463854,629708,113675.77502757015,304.651077073888,51,27,580,11132496,250,200,120,8,0.4884,2024
KSRTC-036,KOTTARAKKARA,Kollam,2024-10,68,64,467724,634961,114624.1882122289,307.19282440877345,51,27,585,11225376,250,200,120,8,0.4897,2024
KSRTC-036,KOTTARAKKARA,Kollam,2024-11,68,65,471863,640581,115638.52469060165,309.91124617081243,51,27,590,11324712,250,200,120,8,0.4912,2024
KSRTC-036,KOTTARAKKARA,Kollam,2024-12,66,62,460074,624577,112749.41796348487,302.16844014213945,51,27,575,11041776,250,200,120,8,0.487,2024
KSRTC-036,KOTTARAKKARA,Kollam,2025-01,65,60,453048,615038,111027.57015071683,297.55388800392114,51,27,566,10873152,250,200,120,8,0.4845,2025
KSRTC-036,KOTTARAKKARA,Kollam,2025-02,66,61,457153,620611,112033.57431687294,300.2499791692195,51,27,571,10971672,250,200,120,8,0.486,2025
KSRTC-036,KOTTARAKKARA,Kollam,2025-03,66,61,455858,618853,111716.2112486215,299.39944614630565,51,27,570,10940592,250,200,120,8,0.4855,2025
KSRTC-036,KOTTARAKKARA,Kollam,2025-04,69,65,475255,645186,116469.79536821469,312.1390515868154,51,27,594,11406120,250,200,120,8,0.4924,2025
KSRTC-036,KOTTARAKKARA,Kollam,2025-05,66,62,459603,623938,112633.99093248376,301.8590956990565,51,27,575,11030472,250,200,120,8,0.4869,2025
KSRTC-036,KOTTARAKKARA,Kollam,2025-06,68,64,470292,638448,115253.5228525916,308.8794412449455,51,27,588,11287008,250,200,120,8,0.4907,2025
KSRTC-036,KOTTARAKKARA,Kollam,2025-07,66,61,454481,616983,111378.75260384758,298.4950569783115,51,27,568,10907544,250,200,120,8,0.485,2025
KSRTC-036,KOTTARAKKARA,Kollam,2025-08,66,61,454771,617378,111449.82232569538,298.6855238328636,51,27,568,10914504,250,200,120,8,0.4852,2025
KSRTC-036,KOTTARAKKARA,Kollam,2025-09,68,64,468312,635760,114768.2881999755,307.5790123759344,51,27,585,11239488,250,200,120,8,0.49,2025
KSRTC-036,KOTTARAKKARA,Kollam,2025-10,65,60,451940,613534,110756.0347996569,296.82617326308053,51,27,565,10846560,250,200,120,8,0.4841,2025
KSRTC-036,KOTTARAKKARA,Kollam,2025-11,66,62,459299,623524,112559.49025854675,301.6594338929053,51,27,574,11023176,250,200,120,8,0.4868,2025
KSRTC-036,KOTTARAKKARA,Kollam,2025-12,69,66,475733,645835,116586.9378752604,312.45299350569786,51,27,595,11417592,250,200,120,8,0.4926,2025
KSRTC-036,KOTTARAKKARA,Kollam,2026-01,66,61,457416,620968,112098.0272025487,300.42271290283054,51,27,572,10977984,250,200,120,8,0.4861,2026
KSRTC-036,KOTTARAKKARA,Kollam,2026-02,67,62,460517,625178,112857.98309030756,302.4593946820243,51,27,576,11052408,250,200,120,8,0.4872,2026
KSRTC-036,KOTTARAKKARA,Kollam,2026-03,64,58,443799,602483,108760.93615978435,291.4793089082221,51,27,555,10651176,250,200,120,8,0.4813,2026
KSRTC-037,KOTTAYAM,Kottayam,2021-04,77,62,496495,513247,121675.03982355104,326.0891067271168,51,27,621,11915880,250,200,120,8,0.4358,2021
KSRTC-037,KOTTAYAM,Kottayam,2021-05,76,61,487934,470855,119577.01262100233,320.46639382428623,51,27,610,11710416,250,200,120,8,0.4172,2021
KSRTC-037,KOTTAYAM,Kottayam,2021-06,77,62,491372,498798,120419.55642690847,322.7244112241147,51,27,614,11792928,250,200,120,8,0.4308,2021
KSRTC-037,KOTTAYAM,Kottayam,2021-07,75,60,469107,475116,114963.11726504106,308.1011542703101,51,27,586,11258568,250,200,120,8,0.4308,2021
KSRTC-037,KOTTAYAM,Kottayam,2021-08,74,58,453369,495535,111106.23698076217,297.76471510844266,51,27,567,10880856,250,200,120,8,0.4534,2021
KSRTC-037,KOTTAYAM,Kottayam,2021-09,77,63,504021,503950,123519.42163950497,331.03204999387333,51,27,630,12096504,250,200,120,8,0.4264,2021
KSRTC-037,KOTTAYAM,Kottayam,2021-10,73,57,444549,443534,108944.73716456316,291.9718956010293,51,27,556,10669176,250,200,120,8,0.4278,2021
KSRTC-037,KOTTAYAM,Kottayam,2021-11,74,59,460268,452798,112796.961156721,302.2958559000123,51,27,575,11046432,250,200,120,8,0.4232,2021
KSRTC-037,KOTTAYAM,Kottayam,2021-12,76,61,488586,509160,119736.79696115672,320.89461585590004,51,27,611,11726064,250,200,120,8,0.4383,2021
KSRTC-037,KOTTAYAM,Kottayam,2022-01,78,63,509223,541613,124794.26540865091,334.4486312951845,51,27,637,12221352,250,200,120,8,0.4438,2022
KSRTC-037,KOTTAYAM,Kottayam,2022-02,76,61,484727,483768,118791.07952456808,318.36009312584247,51,27,606,11633448,250,200,120,8,0.4263,2022
KSRTC-037,KOTTAYAM,Kottayam,2022-03,77,62,497313,489972,121875.50545276314,326.6263546134052,51,27,622,11935512,250,200,120,8,0.4225,2022
KSRTC-037,KOTTAYAM,Kottayam,2022-04,77,68,645870,715961,158282.0732753339,424.1959563778949,51,27,807,15500880,250,200,120,8,0.4075,2022
KSRTC-037,KOTTAYAM,Kottayam,2022-05,75,65,607167,650920,148797.20622472736,398.7765126822693,51,27,759,14572008,250,200,120,8,0.399,2022
KSRTC-037,KOTTAYAM,Kottayam,2022-06,82,75,736967,791181,180607.0334517829,484.02684965077816,51,27,921,17687208,250,200,120,8,0.3974,2022
KSRTC-037,KOTTAYAM,Kottayam,2022-07,77,68,655631,655239,160674.18208552874,430.60680798921703,51,27,820,15735144,250,200,120,8,0.3774,2022
KSRTC-037,KOTTAYAM,Kottayam,2022-08,78,70,673323,696335,165009.92525425807,442.22659968141164,51,27,842,16159752,250,200,120,8,0.3866,2022
KSRTC-037,KOTTAYAM,Kottayam,2022-09,78,70,669963,698004,164186.49675284894,440.0198112976352,51,27,838,16079112,250,200,120,8,0.3887,2022
KSRTC-037,KOTTAYAM,Kottayam,2022-10,77,67,637868,670869,156321.03908834702,418.94038475677,51,27,797,15308832,250,200,120,8,0.3922,2022
KSRTC-037,KOTTAYAM,Kottayam,2022-11,80,72,704154,724812,172565.61695870606,462.47585344933225,51,27,880,16899696,250,200,120,8,0.385,2022
KSRTC-037,KOTTAYAM,Kottayam,2022-12,79,71,691154,747905,169379.73287587307,453.93768410733986,51,27,864,16587696,250,200,120,8,0.3995,2022
KSRTC-037,KOTTAYAM,Kottayam,2023-01,79,71,686429,733390,168221.78654576646,450.83438794265413,51,27,858,16474296,250,200,120,8,0.3958,2023
KSRTC-037,KOTTAYAM,Kottayam,2023-02,78,69,658412,686185,161355.71621124863,432.43331944614636,51,27,823,15801888,250,200,120,8,0.389,2023
KSRTC-037,KOTTAYAM,Kottayam,2023-03,78,69,669281,721777,164019.36037250338,439.57188579830904,51,27,837,16062744,250,200,120,8,0.3987,2023
KSRTC-037,KOTTAYAM,Kottayam,2023-04,81,67,696244,732465,170627.12902830535,457.28070579585835,51,27,870,16709856,250,200,120,8,0.4002,2023
KSRTC-037,KOTTAYAM,Kottayam,2023-05,83,70,737708,774769,180788.62884450436,484.5135253032717,51,27,922,17704992,250,200,120,8,0.3996,2023
KSRTC-037,KOTTAYAM,Kottayam,2023-06,84,72,753246,765147,184596.4955275089,494.71860801372384,51,27,942,18077904,250,200,120,8,0.3904,2023
KSRTC-037,KOTTAYAM,Kottayam,2023-07,85,73,768140,796664,188246.53841441,504.5007229506188,51,27,960,18435360,250,200,120,8,0.3964,2023
KSRTC-037,KOTTAYAM,Kottayam,2023-08,84,71,748669,817914,183474.81926234532,491.7125156230855,51,27,936,17968056,250,200,120,8,0.4113,2023
KSRTC-037,KOTTAYAM,Kottayam,2023-09,84,72,760076,815053,186270.31001102808,499.20443082955524,51,27,950,18241824,250,200,120,8,0.4059,2023
KSRTC-037,KOTTAYAM,Kottayam,2023-10,82,68,707975,738302,173502.02181105257,464.9854184536209,51,27,885,16991400,250,200,120,8,0.3976,2023
KSRTC-037,KOTTAYAM,Kottayam,2023-11,86,74,790130,866133,193635.58387452518,518.9433647837275,51,27,988,18963120,250,200,120,8,0.4131,2023
KSRTC-037,KOTTAYAM,Kottayam,2023-12,84,71,747943,810914,183296.8998897194,491.235691704448,51,27,935,17950632,250,200,120,8,0.409,2023
KSRTC-037,KOTTAYAM,Kottayam,2024-01,86,74,786043,825908,192633.99093248378,516.2590956990566,51,27,983,18865032,250,200,120,8,0.4006,2024
KSRTC-037,KOTTAYAM,Kottayam,2024-02,80,66,669915,695630,164174.73348854308,439.98828574929547,51,27,837,16077960,250,200,120,8,0.397,2024
KSRTC-037,KOTTAYAM,Kottayam,2024-03,84,71,741784,800033,181787.52603847568,487.1905697831149,51,27,927,17802816,250,200,120,8,0.4074,2024
KSRTC-037,KOTTAYAM,Kottayam,2024-04,81,72,563906,765534,138195.3192010783,370.36345545888986,51,27,705,13533744,250,200,120,8,0.5238,2024
KSRTC-037,KOTTAYAM,Kottayam,2024-05,79,69,549673,746212,134707.26626638894,361.01547359392237,51,27,687,13192152,250,200,120,8,0.5188,2024
KSRTC-037,KOTTAYAM,Kottayam,2024-06,83,75,576311,782375,141235.3878201201,378.51083935792184,51,27,720,13831464,250,200,120,8,0.5282,2024
KSRTC-037,KOTTAYAM,Kottayam,2024-07,80,70,552795,750451,135472.3685822816,363.0659478005147,51,27,691,13267080,250,200,120,8,0.5199,2024
KSRTC-037,KOTTAYAM,Kottayam,2024-08,82,73,568862,772263,139409.8762406568,373.61846832496025,51,27,711,13652688,250,200,120,8,0.5256,2024
KSRTC-037,KOTTAYAM,Kottayam,2024-09,83,74,571784,776229,140125.9649552751,375.5375860801373,51,27,715,13722816,250,200,120,8,0.5266,2024
KSRTC-037,KOTTAYAM,Kottayam,2024-10,80,70,553044,750789,135533.39051586817,363.2294865825267,51,27,691,13273056,250,200,120,8,0.52,2024
KSRTC-037,KOTTAYAM,Kottayam,2024-11,79,69,547970,743900,134289.91545153782,359.8969734101214,51,27,685,13151280,250,200,120,8,0.5182,2024
KSRTC-037,KOTTAYAM,Kottayam,2024-12,81,71,559150,759078,137029.77576277417,367.2397990442348,51,27,699,13419600,250,200,120,8,0.5222,2024
KSRTC-037,KOTTAYAM,Kottayam,2025-01,80,71,557136,756343,136536.20879794145,365.91703957848307,51,27,696,13371264,250,200,120,8,0.5214,2025
KSRTC-037,KOTTAYAM,Kottayam,2025-02,81,71,559385,759397,137087.36674427154,367.39414287464774,51,27,699,13425240,250,200,120,8,0.5222,2025
KSRTC-037,KOTTAYAM,Kottayam,2025-03,82,73,568724,772075,139376.05685577748,373.5278323734837,51,27,711,13649376,250,200,120,8,0.5256,2025
KSRTC-037,KOTTAYAM,Kottayam,2025-04,83,74,571500,775843,140056.36564146553,375.35105991912764,51,27,714,13716000,250,200,120,8,0.5265,2025
KSRTC-037,KOTTAYAM,Kottayam,2025-05,82,73,568689,772028,139367.4794755545,373.504844994486,51,27,711,13648536,250,200,120,8,0.5255,2025
KSRTC-037,KOTTAYAM,Kottayam,2025-06,78,67,540667,733986,132500.18380100478,355.10049258669284,51,27,676,12976008,250,200,120,8,0.5156,2025
KSRTC-037,KOTTAYAM,Kottayam,2025-07,83,74,571348,775637,140019.115304497,375.25122901605204,51,27,714,13712352,250,200,120,8,0.5265,2025
KSRTC-037,KOTTAYAM,Kottayam,2025-08,79,68,546800,742312,134003.18588408284,359.12853816934205,51,27,684,13123200,250,200,120,8,0.5178,2025
KSRTC-037,KOTTAYAM,Kottayam,2025-09,81,71,557378,756672,136595.5152554834,366.07598088469547,51,27,697,13377072,250,200,120,8,0.5215,2025
KSRTC-037,KOTTAYAM,Kottayam,2025-10,79,68,545658,740762,133723.31822080628,358.37849283176087,51,27,682,13095792,250,200,120,8,0.5174,2025
KSRTC-037,KOTTAYAM,Kottayam,2025-11,82,72,564453,766277,138329.37140056366,370.72271535351064,51,27,706,13546872,250,200,120,8,0.524,2025
KSRTC-037,KOTTAYAM,Kottayam,2025-12,83,74,573784,778945,140616.10096801864,376.85115059429,51,27,717,13770816,250,200,120,8,0.5274,2025
KSRTC-037,KOTTAYAM,Kottayam,2026-01,83,74,571507,775853,140058.08111751013,375.35565739492716,51,27,714,13716168,250,200,120,8,0.5265,2026
KSRTC-037,KOTTAYAM,Kottayam,2026-02,81,72,563234,764623,138030.63350079648,369.9220977821346,51,27,704,13517616,250,200,120,8,0.5236,2026
KSRTC-037,KOTTAYAM,Kottayam,2026-03,80,70,553716,751701,135698.07621615,363.670844259282,51,27,692,13289184,250,200,120,8,0.5202,2026
KSRTC-038,KOZHIKKODE,Kozhikode,2021-04,62,51,320226,333317,78477.14740840584,210.31875505452766,51,27,400,7685424,250,200,120,8,0.4433,2021
KSRTC-038,KOZHIKKODE,Kozhikode,2021-05,61,51,314226,326081,77006.73937017523,206.37806151206962,51,27,393,7541424,250,200,120,8,0.4431,2021
KSRTC-038,KOZHIKKODE,Kozhikode,2021-06,60,48,292187,297573,71605.68557774783,191.9032373483642,51,27,365,7012488,250,200,120,8,0.4406,2021
KSRTC-038,KOZHIKKODE,Kozhikode,2021-07,63,52,326317,320677,79969.85663521627,214.31921578237962,51,27,408,7831608,250,200,120,8,0.4268,2021
KSRTC-038,KOZHIKKODE,Kozhikode,2021-08,58,46,278674,293541,68294.08160764612,183.0281387084916,51,27,348,6688176,250,200,120,8,0.4522,2021
KSRTC-038,KOZHIKKODE,Kozhikode,2021-09,62,51,316779,322950,77632.39799044235,208.0548266143855,51,27,396,7602696,250,200,120,8,0.4378,2021
KSRTC-038,KOZHIKKODE,Kozhikode,2021-10,60,48,292952,313564,71793.16260262224,192.4056757750276,51,27,366,7030848,250,200,120,8,0.4547,2021
KSRTC-038,KOZHIKKODE,Kozhikode,2021-11,62,51,318132,327254,77963.97500306336,208.94345300820981,51,27,398,7635168,250,200,120,8,0.4402,2021
KSRTC-038,KOZHIKKODE,Kozhikode,2021-12,60,49,297839,302516,72990.80994976107,195.61537066535965,51,27,372,7148136,250,200,120,8,0.4391,2021
KSRTC-038,KOZHIKKODE,Kozhikode,2022-01,61,51,313946,322679,76938.12032839113,206.19416248008824,51,27,392,7534704,250,200,120,8,0.4404,2022
KSRTC-038,KOZHIKKODE,Kozhikode,2022-02,61,49,303679,324525,74422.00710697219,199.4509790466855,51,27,380,7288296,250,200,120,8,0.4528,2022
KSRTC-038,KOZHIKKODE,Kozhikode,2022-03,61,49,304788,319425,74693.78752603848,200.17935056978314,51,27,381,7314912,250,200,120,8,0.447,2022
KSRTC-038,KOZHIKKODE,Kozhikode,2022-04,60,48,438877,482353,107554.7114324225,288.2466266388923,51,27,549,10533048,250,200,120,8,0.3867,2022
KSRTC-038,KOZHIKKODE,Kozhikode,2022-05,59,46,419158,471290,102722.2154147776,275.295537311604,51,27,524,10059792,250,200,120,8,0.3963,2022
KSRTC-038,KOZHIKKODE,Kozhikode,2022-06,57,45,401332,465822,98353.63313319447,263.58773679696117,51,27,502,9631968,250,200,120,8,0.409,2022
KSRTC-038,KOZHIKKODE,Kozhikode,2022-07,60,47,437310,485153,107170.68986643794,287.2174488420537,51,27,547,10495440,250,200,120,8,0.3897,2022
KSRTC-038,KOZHIKKODE,Kozhikode,2022-08,59,46,422145,473090,103454.23354981007,277.25734591349106,51,27,528,10131480,250,200,120,8,0.3948,2022
KSRTC-038,KOZHIKKODE,Kozhikode,2022-09,59,46,424981,481722,104149.2464158804,279.1199803945595,51,27,531,10199544,250,200,120,8,0.398,2022
KSRTC-038,KOZHIKKODE,Kozhikode,2022-10,61,49,457419,517818,112098.76240656782,300.4246832496018,51,27,572,10978056,250,200,120,8,0.3935,2022
KSRTC-038,KOZHIKKODE,Kozhikode,2022-11,60,48,441430,504259,108180.37005268963,289.9233917412082,51,27,552,10594320,250,200,120,8,0.3982,2022
KSRTC-038,KOZHIKKODE,Kozhikode,2022-12,60,48,446944,500597,109531.67503982356,293.54488910672717,51,27,559,10726656,250,200,120,8,0.3914,2022
KSRTC-038,KOZHIKKODE,Kozhikode,2023-01,58,46,417626,467553,102346.77122901606,274.2893468937631,51,27,522,10023024,250,200,120,8,0.3952,2023
KSRTC-038,KOZHIKKODE,Kozhikode,2023-02,60,48,441888,495680,108292.6111996079,290.22419801494914,51,27,552,10605312,250,200,120,8,0.3925,2023
KSRTC-038,KOZHIKKODE,Kozhikode,2023-03,59,46,423787,482299,103856.63521627252,278.3357823796104,51,27,530,10170888,250,200,120,8,0.3994,2023
KSRTC-038,KOZHIKKODE,Kozhikode,2023-04,71,42,476853,562416,116861.41404239678,313.1885896336234,51,27,596,11444472,250,200,120,8,0.455,2023
KSRTC-038,KOZHIKKODE,Kozhikode,2023-05,70,41,459000,533952,112486.2149246416,301.46305599803947,51,27,574,11016000,250,200,120,8,0.4517,2023
KSRTC-038,KOZHIKKODE,Kozhikode,2023-06,73,44,502253,544305,123086.14140423968,329.87085896336237,51,27,628,12054072,250,200,120,8,0.4276,2023
KSRTC-038,KOZHIKKODE,Kozhikode,2023-07,70,41,462965,549927,113457.90956990565,304.0671976473472,51,27,579,11111160,250,200,120,8,0.4581,2023
KSRTC-038,KOZHIKKODE,Kozhikode,2023-08,71,42,471439,551881,115534.61585590002,309.632770493812,51,27,589,11314536,250,200,120,8,0.4529,2023
KSRTC-038,KOZHIKKODE,Kozhikode,2023-09,69,40,445728,520609,109233.67234407549,292.7462418821223,51,27,557,10697472,250,200,120,8,0.4539,2023
KSRTC-038,KOZHIKKODE,Kozhikode,2023-10,72,43,496223,548629,121608.38132581791,325.910461953192,51,27,620,11909352,250,200,120,8,0.4339,2023
KSRTC-038,KOZHIKKODE,Kozhikode,2023-11,70,41,464611,540474,113861.29150839358,305.1482612424948,51,27,581,11150664,250,200,120,8,0.4513,2023
KSRTC-038,KOZHIKKODE,Kozhikode,2023-12,72,43,485562,574586,118995.7113098885,318.9085063105012,51,27,607,11653488,250,200,120,8,0.4556,2023
KSRTC-038,KOZHIKKODE,Kozhikode,2024-01,73,44,504148,616603,123550.54527631418,331.115461340522,51,27,630,12099552,250,200,120,8,0.4657,2024
KSRTC-038,KOZHIKKODE,Kozhikode,2024-02,70,41,464267,531678,113776.9881142017,304.9223281460606,51,27,580,11142408,250,200,120,8,0.4464,2024
KSRTC-038,KOZHIKKODE,Kozhikode,2024-03,74,45,520221,593694,127489.52334272761,341.67192255851006,51,27,650,12485304,250,200,120,8,0.4429,2024
KSRTC-038,KOZHIKKODE,Kozhikode,2024-04,58,54,400588,543822,98171.30253645388,263.09909079769636,51,27,501,9614112,250,200,120,8,0.4659,2024
KSRTC-038,KOZHIKKODE,Kozhikode,2024-05,59,55,408162,554103,100027.44761671365,268.07355961279256,51,27,510,9795888,250,200,120,8,0.4686,2024
KSRTC-038,KOZHIKKODE,Kozhikode,2024-06,57,53,397432,539536,97397.86790834457,261.0262859943635,51,27,497,9538368,250,200,120,8,0.4648,2024
KSRTC-038,KOZHIKKODE,Kozhikode,2024-07,60,56,412592,560117,101113.09888494057,270.98310501164076,51,27,516,9902208,250,200,120,8,0.4702,2024
KSRTC-038,KOZHIKKODE,Kozhikode,2024-08,59,55,408231,554197,100044.35730915329,268.11887758853084,51,27,510,9797544,250,200,120,8,0.4686,2024
KSRTC-038,KOZHIKKODE,Kozhikode,2024-09,58,53,398982,541641,97777.72331822081,262.0442984928318,51,27,499,9575568,250,200,120,8,0.4654,2024
KSRTC-038,KOZHIKKODE,Kozhikode,2024-10,59,55,408003,553887,99988.48180370053,267.96913123391744,51,27,510,9792072,250,200,120,8,0.4686,2024
KSRTC-038,KOZHIKKODE,Kozhikode,2024-11,56,52,390696,530392,95747.08981742433,256.6022007106972,51,27,488,9376704,250,200,120,8,0.4624,2024
KSRTC-038,KOZHIKKODE,Kozhikode,2024-12,57,53,396705,538549,97219.7034677123,260.548805293469,51,27,496,9520920,250,200,120,8,0.4646,2024
KSRTC-038,KOZHIKKODE,Kozhikode,2025-01,58,54,401468,545015,98386.96238206103,263.6770591839236,51,27,502,9635232,250,200,120,8,0.4662,2025
KSRTC-038,KOZHIKKODE,Kozhikode,2025-02,58,54,399903,542891,98003.43095208921,262.6491949515991,51,27,500,9597672,250,200,120,8,0.4657,2025
KSRTC-038,KOZHIKKODE,Kozhikode,2025-03,58,53,398442,540908,97645.38659478005,261.68963607401054,51,27,498,9562608,250,200,120,8,0.4652,2025
KSRTC-038,KOZHIKKODE,Kozhikode,2025-04,58,55,404936,549723,99236.85822815832,265.95478005146435,51,27,506,9718464,250,200,120,8,0.4675,2025
KSRTC-038,KOZHIKKODE,Kozhikode,2025-05,59,56,409235,555559,100290.40558755054,268.7782869746355,51,27,512,9821640,250,200,120,8,0.469,2025
KSRTC-038,KOZHIKKODE,Kozhikode,2025-06,57,53,397314,539376,97368.94988359271,260.94878568802847,51,27,497,9535536,250,200,120,8,0.4648,2025
KSRTC-038,KOZHIKKODE,Kozhikode,2025-07,58,54,403794,548173,98956.99056488177,265.2047347138831,51,27,505,9691056,250,200,120,8,0.4671,2025
KSRTC-038,KOZHIKKODE,Kozhikode,2025-08,58,54,401302,544790,98346.28109300332,263.5680333292489,51,27,502,9631248,250,200,120,8,0.4662,2025
KSRTC-038,KOZHIKKODE,Kozhikode,2025-09,58,54,400893,544235,98246.04827839725,263.2994093861047,51,27,501,9621432,250,200,120,8,0.466,2025
KSRTC-038,KOZHIKKODE,Kozhikode,2025-10,59,56,410280,556978,100546.50165420905,269.4646244332803,51,27,513,9846720,250,200,120,8,0.4694,2025
KSRTC-038,KOZHIKKODE,Kozhikode,2025-11,58,54,403648,547975,98921.21063595149,265.10884450435,51,27,505,9687552,250,200,120,8,0.467,2025
KSRTC-038,KOZHIKKODE,Kozhikode,2025-12,59,55,407996,553877,99986.76632765593,267.9645337581179,51,27,510,9791904,250,200,120,8,0.4686,2025
KSRTC-038,KOZHIKKODE,Kozhikode,2026-01,57,52,392572,532939,96206.83739737778,257.8343242249725,51,27,491,9421728,250,200,120,8,0.4631,2026
KSRTC-038,KOZHIKKODE,Kozhikode,2026-02,56,51,386480,524669,94713.88310256097,253.83320671486342,51,27,483,9275520,250,200,120,8,0.4609,2026
KSRTC-038,KOZHIKKODE,Kozhikode,2026-03,58,54,402755,546763,98702.36490626149,264.5223379487808,51,27,503,9666120,250,200,120,8,0.4667,2026
KSRTC-039,KULATHUPUZHA,Kollam,2021-04,64,57,305195,486433,74793.5302046318,200.4466609484132,51,27,382,7324680,250,200,120,8,0.6105,2021
KSRTC-039,KULATHUPUZHA,Kollam,2021-05,63,56,296545,486970,72673.691949516,194.7654944247029,51,27,371,7117080,250,200,120,8,0.6246,2021
KSRTC-039,KULATHUPUZHA,Kollam,2021-06,65,58,311225,501573,76271.29028305355,204.40705795858352,51,27,389,7469400,250,200,120,8,0.6148,2021
KSRTC-039,KULATHUPUZHA,Kollam,2021-07,63,55,290649,483622,71228.77098394805,190.8931062369808,51,27,363,6975576,250,200,120,8,0.6313,2021
KSRTC-039,KULATHUPUZHA,Kollam,2021-08,64,56,303167,507043,74296.53228770984,199.11470653106238,51,27,379,7276008,250,200,120,8,0.6323,2021
KSRTC-039,KULATHUPUZHA,Kollam,2021-09,65,59,319089,525807,78198.50508516113,209.57199362823184,51,27,399,7658136,250,200,120,8,0.6241,2021
KSRTC-039,KULATHUPUZHA,Kollam,2021-10,65,58,314103,533987,76976.5960053915,206.29727729444926,51,27,393,7538472,250,200,120,8,0.6388,2021
KSRTC-039,KULATHUPUZHA,Kollam,2021-11,67,61,333049,599067,81619.65445411102,218.74067393701753,51,27,416,7993176,250,200,120,8,0.6645,2021
KSRTC-039,KULATHUPUZHA,Kollam,2021-12,64,57,304687,524140,74669.03565739492,200.1130155618184,51,27,381,7312488,250,200,120,8,0.6452,2021
KSRTC-039,KULATHUPUZHA,Kollam,2022-01,62,54,285048,485808,69856.14508025978,187.2144688150962,51,27,356,6841152,250,200,120,8,0.643,2022
KSRTC-039,KULATHUPUZHA,Kollam,2022-02,62,53,279972,444863,68612.17987991669,183.88064207817672,51,27,350,6719328,250,200,120,8,0.6121,2022
KSRTC-039,KULATHUPUZHA,Kollam,2022-03,64,56,302593,494966,74155.86325205246,198.7377135155006,51,27,378,7262232,250,200,120,8,0.6223,2022
KSRTC-039,KULATHUPUZHA,Kollam,2022-04,65,45,449998,814983,110280.11273128293,295.55070211983826,51,27,563,10799952,250,200,120,8,0.6088,2022
KSRTC-039,KULATHUPUZHA,Kollam,2022-05,67,47,473821,900598,116118.36784707756,311.1972258301679,51,27,592,11371704,250,200,120,8,0.6315,2022
KSRTC-039,KULATHUPUZHA,Kollam,2022-06,64,44,438431,793004,107445.4111015807,287.95370175223627,51,27,548,10522344,250,200,120,8,0.6093,2022
KSRTC-039,KULATHUPUZHA,Kollam,2022-07,63,43,421207,766317,103224.35975983336,276.6412841563534,51,27,527,10108968,250,200,120,8,0.614,2022
KSRTC-039,KULATHUPUZHA,Kollam,2022-08,66,46,469540,861958,115069.23171180004,308.3855409876241,51,27,587,11268960,250,200,120,8,0.614,2022
KSRTC-039,KULATHUPUZHA,Kollam,2022-09,66,45,457949,798544,112228.64844994487,300.77277784585226,51,27,572,10990776,250,200,120,8,0.5897,2022
KSRTC-039,KULATHUPUZHA,Kollam,2022-10,63,43,423478,797474,103780.90920230365,278.1328366621738,51,27,529,10163472,250,200,120,8,0.6312,2022
KSRTC-039,KULATHUPUZHA,Kollam,2022-11,66,46,459029,821827,112493.32189682637,301.4821026834947,51,27,574,11016696,250,200,120,8,0.6024,2022
KSRTC-039,KULATHUPUZHA,Kollam,2022-12,65,44,440289,794056,107900.74745741943,289.1740031858841,51,27,550,10566936,250,200,120,8,0.6076,2022
KSRTC-039,KULATHUPUZHA,Kollam,2023-01,64,44,432114,786696,105897.31650533024,283.804808234285,51,27,540,10370736,250,200,120,8,0.6131,2023
KSRTC-039,KULATHUPUZHA,Kollam,2023-02,66,45,456778,869513,111941.67381448353,300.00368582281584,51,27,571,10962672,250,200,120,8,0.6336,2023
KSRTC-039,KULATHUPUZHA,Kollam,2023-03,66,46,466588,824109,114345.79095699058,306.4467197647347,51,27,583,11198112,250,200,120,8,0.5952,2023
KSRTC-039,KULATHUPUZHA,Kollam,2023-04,67,45,487424,868320,119452.02793775273,320.13143487317734,51,27,609,11698176,250,200,120,8,0.5961,2023
KSRTC-039,KULATHUPUZHA,Kollam,2023-05,64,42,437322,779406,107173.6306825144,287.2253302291386,51,27,547,10495728,250,200,120,8,0.6012,2023
KSRTC-039,KULATHUPUZHA,Kollam,2023-06,65,43,454290,782271,111331.94461463057,298.3696115672099,51,27,568,10902960,250,200,120,8,0.5828,2023
KSRTC-039,KULATHUPUZHA,Kollam,2023-07,71,49,541074,981732,132599.9264795981,355.36780296532294,51,27,676,12985776,250,200,120,8,0.6022,2023
KSRTC-039,KULATHUPUZHA,Kollam,2023-08,68,45,490539,847231,120215.41477760079,322.1773116039701,51,27,613,11772936,250,200,120,8,0.581,2023
KSRTC-039,KULATHUPUZHA,Kollam,2023-09,68,45,490957,914167,120317.85320426419,322.45184658742807,51,27,614,11782968,250,200,120,8,0.6179,2023
KSRTC-039,KULATHUPUZHA,Kollam,2023-10,71,50,550501,1003802,134910.18257566474,361.5592893027815,51,27,688,13212024,250,200,120,8,0.6043,2023
KSRTC-039,KULATHUPUZHA,Kollam,2023-11,65,42,446182,826054,109344.93321896828,293.044421026835,51,27,558,10708368,250,200,120,8,0.6191,2023
KSRTC-039,KULATHUPUZHA,Kollam,2023-12,68,46,502915,935068,123248.37642445779,330.3056488175469,51,27,629,12069960,250,200,120,8,0.6164,2023
KSRTC-039,KULATHUPUZHA,Kollam,2024-01,68,45,490810,867708,120281.82820732753,322.3552995956378,51,27,614,11779440,250,200,120,8,0.5922,2024
KSRTC-039,KULATHUPUZHA,Kollam,2024-02,67,45,478460,848458,117255.2383286362,314.24403872074504,51,27,598,11483040,250,200,120,8,0.5946,2024
KSRTC-039,KULATHUPUZHA,Kollam,2024-03,68,46,497791,868963,121992.64795980885,326.94029653228773,51,27,622,11946984,250,200,120,8,0.5856,2024
KSRTC-039,KULATHUPUZHA,Kollam,2024-04,67,63,462933,628458,113450.06739370176,304.04618061512076,51,27,579,11110392,250,200,120,8,0.488,2024
KSRTC-039,KULATHUPUZHA,Kollam,2024-05,64,59,445398,604653,109152.7999019728,292.52950373728714,51,27,557,10689552,250,200,120,8,0.4818,2024
KSRTC-039,KULATHUPUZHA,Kollam,2024-06,68,65,471026,639444,115433.40276926848,309.36151942163957,51,27,589,11304624,250,200,120,8,0.4909,2024
KSRTC-039,KULATHUPUZHA,Kollam,2024-07,66,61,454550,617077,111395.66229628722,298.54037495404975,51,27,568,10909200,250,200,120,8,0.4851,2024
KSRTC-039,KULATHUPUZHA,Kollam,2024-08,68,65,472895,641981,115891.4348731773,310.5890454601152,51,27,591,11349480,250,200,120,8,0.4916,2024
KSRTC-039,KULATHUPUZHA,Kollam,2024-09,63,57,438642,595481,107497.12045092514,288.0922828084794,51,27,548,10527408,250,200,120,8,0.4794,2024
KSRTC-039,KULATHUPUZHA,Kollam,2024-10,65,60,449815,610649,110235.2652861169,295.43051096679335,51,27,562,10795560,250,200,120,8,0.4834,2024
KSRTC-039,KULATHUPUZHA,Kollam,2024-11,67,62,461687,626766,113144.71265776253,303.2278299228036,51,27,577,11080488,250,200,120,8,0.4876,2024
KSRTC-039,KULATHUPUZHA,Kollam,2024-12,67,63,465626,632114,114110.03553486093,305.8148952334273,51,27,582,11175024,250,200,120,8,0.489,2024
KSRTC-039,KULATHUPUZHA,Kollam,2025-01,69,65,475221,645139,116461.46305599804,312.1167209900748,51,27,594,11405304,250,200,120,8,0.4924,2025
KSRTC-039,KULATHUPUZHA,Kollam,2025-02,66,61,456924,620301,111977.4537434138,300.09957603234903,51,27,571,10966176,250,200,120,8,0.4859,2025
KSRTC-039,KULATHUPUZHA,Kollam,2025-03,69,66,476709,647160,116826.12424947924,313.0940129886044,51,27,596,11441016,250,200,120,8,0.4929,2025
KSRTC-039,KULATHUPUZHA,Kollam,2025-04,67,63,463667,629454,113629.94731037863,304.5282587918147,51,27,580,11128008,250,200,120,8,0.4883,2025
KSRTC-039,KULATHUPUZHA,Kollam,2025-05,66,61,455713,618656,111680.67638769759,299.3042127190296,51,27,570,10937112,250,200,120,8,0.4855,2025
KSRTC-039,KULATHUPUZHA,Kollam,2025-06,67,63,462802,628279,113417.96348486705,303.96014213944375,51,27,579,11107248,250,200,120,8,0.488,2025
KSRTC-039,KULATHUPUZHA,Kollam,2025-07,66,62,459230,623430,112542.5805661071,301.61411591716706,51,27,574,11021520,250,200,120,8,0.4867,2025
KSRTC-039,KULATHUPUZHA,Kollam,2025-08,65,59,448603,609005,109938.24286239433,294.6344908712168,51,27,561,10766472,250,200,120,8,0.483,2025
KSRTC-039,KULATHUPUZHA,Kollam,2025-09,67,62,461528,626550,113105.74684474942,303.1234015439285,51,27,577,11076672,250,200,120,8,0.4875,2025
KSRTC-039,KULATHUPUZHA,Kollam,2025-10,66,62,460303,624887,112805.538536944,302.31884327900997,51,27,575,11047272,250,200,120,8,0.4871,2025
KSRTC-039,KULATHUPUZHA,Kollam,2025-11,68,64,468409,635892,114792.05979659356,307.64272025487077,51,27,586,11241816,250,200,120,8,0.49,2025
KSRTC-039,KULATHUPUZHA,Kollam,2025-12,68,65,473137,642310,115950.74133071928,310.7479867663277,51,27,591,11355288,250,200,120,8,0.4917,2025
KSRTC-039,KULATHUPUZHA,Kollam,2026-01,67,62,461466,626466,113090.55262835437,303.08268104398974,51,27,577,11075184,250,200,120,8,0.4875,2026
KSRTC-039,KULATHUPUZHA,Kollam,2026-02,66,61,454065,616419,111276.80431319692,298.2218355593678,51,27,568,10897560,250,200,120,8,0.4849,2026
KSRTC-039,KULATHUPUZHA,Kollam,2026-03,67,63,462504,627875,113344.93321896828,303.764421026835,51,27,578,11100096,250,200,120,8,0.4879,2026
KSRTC-040,KUMILY,Idukki,2021-04,29,21,157846,127209,38683.00453375812,103.67045215047176,51,27,197,3788304,250,200,120,8,0.3089,2021
KSRTC-040,KUMILY,Idukki,2021-05,29,21,158191,128111,38767.55299595638,103.8970420291631,51,27,198,3796584,250,200,120,8,0.3098,2021
KSRTC-040,KUMILY,Idukki,2021-06,29,21,153149,132354,37531.92010782992,100.5855458889842,51,27,191,3675576,250,200,120,8,0.3279,2021
KSRTC-040,KUMILY,Idukki,2021-07,30,22,164318,127180,40269.084670996206,107.92114691826984,51,27,205,3943632,250,200,120,8,0.2962,2021
KSRTC-040,KUMILY,Idukki,2021-08,30,22,164074,136561,40209.288077441495,107.76089204754321,51,27,205,3937776,250,200,120,8,0.3123,2021
KSRTC-040,KUMILY,Idukki,2021-09,29,21,155282,124049,38054.650165420906,101.98646244332804,51,27,194,3726768,250,200,120,8,0.3087,2021
KSRTC-040,KUMILY,Idukki,2021-10,29,21,155223,128061,38040.19115304497,101.94771229016054,51,27,194,3725352,250,200,120,8,0.3159,2021
KSRTC-040,KUMILY,Idukki,2021-11,29,21,149536,121916,36646.48940080873,98.2125915941674,51,27,187,3588864,250,200,120,8,0.317,2021
KSRTC-040,KUMILY,Idukki,2021-12,28,20,148404,122065,36369.07241759588,97.46911407915697,51,27,186,3561696,250,200,120,8,0.3197,2021
KSRTC-040,KUMILY,Idukki,2022-01,30,22,165370,131597,40526.89621369931,108.61208185271416,51,27,207,3968880,250,200,120,8,0.3016,2022
KSRTC-040,KUMILY,Idukki,2022-02,29,21,155681,126706,38152.43229996324,102.2485185639015,51,27,195,3736344,250,200,120,8,0.3125,2022
KSRTC-040,KUMILY,Idukki,2022-03,29,21,153966,126935,37732.14066903566,101.12213699301557,51,27,192,3695184,250,200,120,8,0.3165,2022
KSRTC-040,KUMILY,Idukki,2022-04,31,28,226234,224012,55442.715353510604,148.58647714740843,51,27,283,5429616,250,200,120,8,0.2811,2022
KSRTC-040,KUMILY,Idukki,2022-05,31,29,230608,225108,56514.64281338071,151.45924273986031,51,27,288,5534592,250,200,120,8,0.2748,2022
KSRTC-040,KUMILY,Idukki,2022-06,30,27,214021,206488,52449.6997916922,140.56519544173509,51,27,268,5136504,250,200,120,8,0.2816,2022
KSRTC-040,KUMILY,Idukki,2022-07,30,27,211448,208078,51819.13981129764,138.8752946942777,51,27,264,5074752,250,200,120,8,0.2885,2022
KSRTC-040,KUMILY,Idukki,2022-08,31,28,223011,225552,54652.86116897439,146.4696679328514,51,27,279,5352264,250,200,120,8,0.2888,2022
KSRTC-040,KUMILY,Idukki,2022-09,30,28,219152,214910,53707.14373238574,143.9351452027938,51,27,274,5259648,250,200,120,8,0.2827,2022
KSRTC-040,KUMILY,Idukki,2022-10,33,31,256170,253797,62779.071192255855,168.2479107952457,51,27,320,6148080,250,200,120,8,0.2654,2022
KSRTC-040,KUMILY,Idukki,2022-11,31,29,228106,226992,55901.48266143855,149.81597353265533,51,27,285,5474544,250,200,120,8,0.2814,2022
KSRTC-040,KUMILY,Idukki,2022-12,31,28,225661,221942,55302.29138585958,148.21014091410368,51,27,282,5415864,250,200,120,8,0.2796,2022
KSRTC-040,KUMILY,Idukki,2023-01,30,27,211199,207636,51758.11787771107,138.7117559122657,51,27,264,5068776,250,200,120,8,0.2884,2023
KSRTC-040,KUMILY,Idukki,2023-02,30,28,218835,208698,53629.45717436589,143.7269452273006,51,27,274,5252040,250,200,120,8,0.2755,2023
KSRTC-040,KUMILY,Idukki,2023-03,31,29,235556,230489,57727.239308908225,154.70900134787405,51,27,294,5653344,250,200,120,8,0.2726,2023
KSRTC-040,KUMILY,Idukki,2023-04,31,27,255327,234987,62572.478862884454,167.69424335253035,51,27,319,6127848,250,200,120,8,0.2221,2023
KSRTC-040,KUMILY,Idukki,2023-05,31,27,258971,248902,63465.50667810318,170.08755789731651,51,27,324,6215304,250,200,120,8,0.2312,2023
KSRTC-040,KUMILY,Idukki,2023-06,29,25,226425,222890,55489.52334272761,148.71192255851,51,27,283,5434200,250,200,120,8,0.2582,2023
KSRTC-040,KUMILY,Idukki,2023-07,31,28,262650,241987,64367.11187354491,172.50385982110038,51,27,328,6303600,250,200,120,8,0.2182,2023
KSRTC-040,KUMILY,Idukki,2023-08,31,27,252332,225759,61838.50018380101,165.7271804925867,51,27,315,6055968,250,200,120,8,0.2169,2023
KSRTC-040,KUMILY,Idukki,2023-09,32,29,280043,267854,68629.57970836907,183.92727361842913,51,27,350,6721032,250,200,120,8,0.2184,2023
KSRTC-040,KUMILY,Idukki,2023-10,30,26,243806,237253,59749.05036147531,160.12745496875385,51,27,305,5851344,250,200,120,8,0.2436,2023
KSRTC-040,KUMILY,Idukki,2023-11,31,28,262235,257274,64265.40865090063,172.2312951844137,51,27,328,6293640,250,200,120,8,0.2348,2023
KSRTC-040,KUMILY,Idukki,2023-12,31,27,255373,242560,62583.75199117755,167.72445533635585,51,27,319,6128952,250,200,120,8,0.2302,2023
KSRTC-040,KUMILY,Idukki,2024-01,31,28,263304,250509,64527.38634971205,172.93339541722827,51,27,329,6319296,250,200,120,8,0.2261,2024
KSRTC-040,KUMILY,Idukki,2024-02,32,28,272759,257737,66844.50434995712,179.1432716578851,51,27,341,6546216,250,200,120,8,0.2191,2024
KSRTC-040,KUMILY,Idukki,2024-03,31,27,252490,235995,61877.22092880775,165.83095208920477,51,27,316,6059760,250,200,120,8,0.2278,2024
KSRTC-040,KUMILY,Idukki,2024-04,32,29,221952,301312,54393.33415022669,145.77413552260754,51,27,277,5326848,250,200,120,8,0.4026,2024
KSRTC-040,KUMILY,Idukki,2024-05,32,28,220692,299601,54084.54846219826,144.94658987869136,51,27,276,5296608,250,200,120,8,0.4021,2024
KSRTC-040,KUMILY,Idukki,2024-06,32,29,222665,302280,54568.06763876976,146.24242127190297,51,27,278,5343960,250,200,120,8,0.4028,2024
KSRTC-040,KUMILY,Idukki,2024-07,31,27,214704,291472,52617.081240044114,141.01377772331824,51,27,268,5152896,250,200,120,8,0.4,2024
KSRTC-040,KUMILY,Idukki,2024-08,31,28,217092,294715,53202.303639259895,142.58217375321652,51,27,271,5210208,250,200,120,8,0.4009,2024
KSRTC-040,KUMILY,Idukki,2024-09,31,26,212108,287948,51980.884695503,139.30877098394805,51,27,265,5090592,250,200,120,8,0.3991,2024
KSRTC-040,KUMILY,Idukki,2024-10,32,29,223384,303257,54744.271535351065,146.71464771474086,51,27,279,5361216,250,200,120,8,0.4031,2024
KSRTC-040,KUMILY,Idukki,2024-11,31,27,215057,291952,52703.59024629335,141.2456218600662,51,27,269,5161368,250,200,120,8,0.4001,2024
KSRTC-040,KUMILY,Idukki,2024-12,31,27,213956,290457,52433.770371278035,140.52250459502514,51,27,267,5134944,250,200,120,8,0.3998,2024
KSRTC-040,KUMILY,Idukki,2025-01,31,27,215963,293183,52925.621860066174,141.84066658497736,51,27,270,5183112,250,200,120,8,0.4005,2025
KSRTC-040,KUMILY,Idukki,2025-02,32,29,222187,301631,54450.925131724056,145.9284793530205,51,27,278,5332488,250,200,120,8,0.4027,2025
KSRTC-040,KUMILY,Idukki,2025-03,32,29,222907,302609,54627.37409631173,146.40136257811545,51,27,279,5349768,250,200,120,8,0.4029,2025
KSRTC-040,KUMILY,Idukki,2025-04,31,27,213284,289546,52269.084670996206,140.08114691826984,51,27,267,5118816,250,200,120,8,0.3995,2025
KSRTC-040,KUMILY,Idukki,2025-05,33,29,225205,305729,55190.54037495405,147.91064820487688,51,27,282,5404920,250,200,120,8,0.4037,2025
KSRTC-040,KUMILY,Idukki,2025-06,31,27,216164,293455,52974.8805293469,141.97267981864968,51,27,270,5187936,250,200,120,8,0.4005,2025
KSRTC-040,KUMILY,Idukki,2025-07,31,28,217383,295109,53273.61842911408,142.77329739002576,51,27,272,5217192,250,200,120,8,0.401,2025
KSRTC-040,KUMILY,Idukki,2025-08,32,28,218691,296885,53594.16738144835,143.63236858228157,51,27,273,5248584,250,200,120,8,0.4014,2025
KSRTC-040,KUMILY,Idukki,2025-09,33,29,225081,305560,55160.15194216395,147.8292072049994,51,27,281,5401944,250,200,120,8,0.4037,2025
KSRTC-040,KUMILY,Idukki,2025-10,31,28,217500,295269,53302.29138585958,142.8501409141037,51,27,272,5220000,250,200,120,8,0.401,2025
KSRTC-040,KUMILY,Idukki,2025-11,31,27,214171,290749,52486.459992647964,140.66371278029655,51,27,268,5140104,250,200,120,8,0.3998,2025
KSRTC-040,KUMILY,Idukki,2025-12,31,28,217424,295166,53283.66621737532,142.80022546256586,51,27,272,5218176,250,200,120,8,0.401,2025
KSRTC-040,KUMILY,Idukki,2026-01,32,29,222872,302562,54618.79671608872,146.37837519911778,51,27,279,5348928,250,200,120,8,0.4029,2026
KSRTC-040,KUMILY,Idukki,2026-02,32,28,218684,296876,53592.45190540375,143.62777110648207,51,27,273,5248416,250,200,120,8,0.4014,2026
KSRTC-040,KUMILY,Idukki,2026-03,31,27,216199,293502,52983.45790956991,141.99566719764735,51,27,270,5188776,250,200,120,8,0.4006,2026
KSRTC-041,MALA,Thrissur,2021-04,38,27,220471,234801,54030.3884327901,144.80144099987749,51,27,276,5291304,250,200,120,8,0.3774,2021
KSRTC-041,MALA,Thrissur,2021-05,37,27,214830,217744,52647.95980884696,141.09653228770986,51,27,269,5155920,250,200,120,8,0.3657,2021
KSRTC-041,MALA,Thrissur,2021-06,38,27,221637,228411,54316.13772821958,145.56724911162848,51,27,277,5319288,250,200,120,8,0.3675,2021
KSRTC-041,MALA,Thrissur,2021-07,37,26,208782,215067,51165.788506310506,137.12431319691217,51,27,261,5010768,250,200,120,8,0.3728,2021
KSRTC-041,MALA,Thrissur,2021-08,37,26,213069,231931,52216.39504962628,139.93993873299843,51,27,266,5113656,250,200,120,8,0.387,2021
KSRTC-041,MALA,Thrissur,2021-09,37,27,216760,221273,53120.94106114447,142.36412204386718,51,27,271,5202240,250,200,120,8,0.3668,2021
KSRTC-041,MALA,Thrissur,2021-10,37,26,211197,222545,51757.62774169832,138.71044234775152,51,27,264,5068728,250,200,120,8,0.3782,2021
KSRTC-041,MALA,Thrissur,2021-11,37,27,218438,223612,53532.1651758363,143.46620267124132,51,27,273,5242512,250,200,120,8,0.3669,2021
KSRTC-041,MALA,Thrissur,2021-12,38,27,220845,225829,54122.043867173146,145.04707756402405,51,27,276,5300280,250,200,120,8,0.3656,2021
KSRTC-041,MALA,Thrissur,2022-01,37,26,209805,224790,51416.493076828825,137.79620144590126,51,27,262,5035320,250,200,120,8,0.3837,2022
KSRTC-041,MALA,Thrissur,2022-02,37,26,211563,220776,51847.32263203039,138.95082465384144,51,27,264,5077512,250,200,120,8,0.3753,2022
KSRTC-041,MALA,Thrissur,2022-03,37,26,212643,217702,52111.9960789119,139.6601494914839,51,27,266,5103432,250,200,120,8,0.3694,2022
KSRTC-041,MALA,Thrissur,2022-04,36,33,276666,309169,67801.98505085161,181.70931993628233,51,27,346,6639984,250,200,120,8,0.3159,2022
KSRTC-041,MALA,Thrissur,2022-05,36,33,271491,298629,66533.75811787772,178.3104717559123,51,27,339,6515784,250,200,120,8,0.3135,2022
KSRTC-041,MALA,Thrissur,2022-06,36,33,270006,301874,66169.83212841564,177.33515010415394,51,27,338,6480144,250,200,120,8,0.3191,2022
KSRTC-041,MALA,Thrissur,2022-07,36,33,276106,301167,67664.74696728343,181.3415218723196,51,27,345,6626544,250,200,120,8,0.3089,2022
KSRTC-041,MALA,Thrissur,2022-08,36,33,275025,298611,67399.82845239554,180.63154025242005,51,27,344,6600600,250,200,120,8,0.308,2022
KSRTC-041,MALA,Thrissur,2022-09,37,34,286629,314840,70243.59759833354,188.2528415635339,51,27,358,6879096,250,200,120,8,0.3064,2022
KSRTC-041,MALA,Thrissur,2022-10,36,33,272395,295792,66755.2995956378,178.90420291630932,51,27,341,6537480,250,200,120,8,0.3092,2022
KSRTC-041,MALA,Thrissur,2022-11,35,32,262729,286872,64386.47224604828,172.5557456194094,51,27,328,6305496,250,200,120,8,0.3155,2022
KSRTC-041,MALA,Thrissur,2022-12,37,35,289482,335986,70942.7766205122,190.12664134297273,51,27,362,6947568,250,200,120,8,0.3222,2022
KSRTC-041,MALA,Thrissur,2023-01,37,34,287291,330505,70405.83261855165,188.68763141771842,51,27,359,6894984,250,200,120,8,0.3204,2023
KSRTC-041,MALA,Thrissur,2023-02,36,33,272243,298310,66718.04925866929,178.8043720132337,51,27,340,6533832,250,200,120,8,0.312,2023
KSRTC-041,MALA,Thrissur,2023-03,35,32,266058,303318,65202.303639259895,174.74217375321655,51,27,333,6385392,250,200,120,8,0.327,2023
KSRTC-041,MALA,Thrissur,2023-04,37,27,283315,334421,69431.4422252175,186.0762651635829,51,27,354,6799560,250,200,120,8,0.3408,2023
KSRTC-041,MALA,Thrissur,2023-05,36,26,269032,317536,65931.13589020954,176.69544418576157,51,27,336,6456768,250,200,120,8,0.347,2023
KSRTC-041,MALA,Thrissur,2023-06,37,27,277771,327764,68072.78519789242,182.43506433035168,51,27,347,6666504,250,200,120,8,0.3431,2023
KSRTC-041,MALA,Thrissur,2023-07,37,27,272324,323016,66737.8997671854,178.85757137605688,51,27,340,6535776,250,200,120,8,0.3472,2023
KSRTC-041,MALA,Thrissur,2023-08,37,27,276315,337545,67715.96618061513,181.47878936404854,51,27,345,6631560,250,200,120,8,0.3551,2023
KSRTC-041,MALA,Thrissur,2023-09,37,27,277596,314124,68029.89829677736,182.32012743536333,51,27,347,6662304,250,200,120,8,0.3299,2023
KSRTC-041,MALA,Thrissur,2023-10,38,28,290579,350103,71211.61622350203,190.84713147898546,51,27,363,6973896,250,200,120,8,0.3445,2023
KSRTC-041,MALA,Thrissur,2023-11,38,28,292357,343091,71647.34713883103,192.01489033206715,51,27,365,7016568,250,200,120,8,0.3353,2023
KSRTC-041,MALA,Thrissur,2023-12,38,28,289680,322222,70991.30008577381,190.25668422987383,51,27,362,6952320,250,200,120,8,0.3196,2023
KSRTC-041,MALA,Thrissur,2024-01,39,29,304833,370628,74704.8155863252,200.20890577135157,51,27,381,7315992,250,200,120,8,0.3421,2024
KSRTC-041,MALA,Thrissur,2024-02,37,27,277916,336796,68108.32005881633,182.53029775762778,51,27,347,6669984,250,200,120,8,0.3517,2024
KSRTC-041,MALA,Thrissur,2024-03,37,27,276037,319436,67647.83727484377,181.29620389658132,51,27,345,6624888,250,200,120,8,0.3376,2024
KSRTC-041,MALA,Thrissur,2024-04,36,31,250867,340566,61479.475554466364,164.76499448596985,51,27,314,6020808,250,200,120,8,0.4128,2024
KSRTC-041,MALA,Thrissur,2024-05,36,30,246617,334796,60437.93652738635,161.97366989339542,51,27,308,5918808,250,200,120,8,0.4113,2024
KSRTC-041,MALA,Thrissur,2024-06,35,30,243813,330990,59750.76583751992,160.13205244455338,51,27,305,5851512,250,200,120,8,0.4103,2024
KSRTC-041,MALA,Thrissur,2024-07,36,30,247572,336093,60671.97647347139,162.60089694890334,51,27,309,5941728,250,200,120,8,0.4117,2024
KSRTC-041,MALA,Thrissur,2024-08,35,30,245606,333424,60190.1727729445,161.30966303149128,51,27,307,5894544,250,200,120,8,0.411,2024
KSRTC-041,MALA,Thrissur,2024-09,37,31,252882,343301,61973.28758730548,166.0884107339787,51,27,316,6069168,250,200,120,8,0.4136,2024
KSRTC-041,MALA,Thrissur,2024-10,36,31,251199,341017,61560.8381325818,164.98304619531922,51,27,314,6028776,250,200,120,8,0.413,2024
KSRTC-041,MALA,Thrissur,2024-11,35,30,245606,333424,60190.1727729445,161.30966303149128,51,27,307,5894544,250,200,120,8,0.411,2024
KSRTC-041,MALA,Thrissur,2024-12,36,31,249164,338254,61062.12473961525,163.64649430216886,51,27,311,5979936,250,200,120,8,0.4122,2024
KSRTC-041,MALA,Thrissur,2025-01,35,29,241965,328481,59297.880161744884,158.91831883347632,51,27,302,5807160,250,200,120,8,0.4097,2025
KSRTC-041,MALA,Thrissur,2025-02,36,30,247489,335980,60651.63582894253,162.54638402156598,51,27,309,5939736,250,200,120,8,0.4116,2025
KSRTC-041,MALA,Thrissur,2025-03,36,31,249683,338959,61189.31503492219,163.98736429359147,51,27,312,5992392,250,200,120,8,0.4124,2025
KSRTC-041,MALA,Thrissur,2025-04,35,29,242955,329825,59540.49748805294,159.5685332679819,51,27,304,5830920,250,200,120,8,0.41,2025
KSRTC-041,MALA,Thrissur,2025-05,37,31,252722,343085,61934.076706285996,165.9833255728465,51,27,316,6065328,250,200,120,8,0.4135,2025
KSRTC-041,MALA,Thrissur,2025-06,36,31,249503,338715,61145.20279377528,163.86914348731776,51,27,312,5988072,250,200,120,8,0.4124,2025
KSRTC-041,MALA,Thrissur,2025-07,36,30,247738,336318,60712.6577625291,162.709922803578,51,27,310,5945712,250,200,120,8,0.4117,2025
KSRTC-041,MALA,Thrissur,2025-08,35,30,244637,332108,59952.70187477025,160.67324102438428,51,27,306,5871288,250,200,120,8,0.4106,2025
KSRTC-041,MALA,Thrissur,2025-09,35,30,245454,333217,60152.92243597598,161.20983212841563,51,27,307,5890896,250,200,120,8,0.4109,2025
KSRTC-041,MALA,Thrissur,2025-10,36,31,250431,339974,61372.62590368828,164.4786374218846,51,27,313,6010344,250,200,120,8,0.4127,2025
KSRTC-041,MALA,Thrissur,2025-11,36,31,248610,337503,60926.357064085285,163.28263693174856,51,27,311,5966640,250,200,120,8,0.412,2025
KSRTC-041,MALA,Thrissur,2025-12,35,29,242470,329167,59421.63950496263,159.24999387329984,51,27,303,5819280,250,200,120,8,0.4099,2025
KSRTC-041,MALA,Thrissur,2026-01,35,29,242138,328716,59340.276926847204,159.0319421639505,51,27,303,5811312,250,200,120,8,0.4098,2026
KSRTC-041,MALA,Thrissur,2026-02,36,31,250403,339937,61365.763999509865,164.46024751868646,51,27,313,6009672,250,200,120,8,0.4127,2026
KSRTC-041,MALA,Thrissur,2026-03,37,32,255408,346731,62592.32937140057,167.74744271535354,51,27,319,6129792,250,200,120,8,0.4145,2026
KSRTC-042,MALAPPURAM,Malappuram,2021-04,43,30,254387,212055,62342.11493689499,167.0768680308786,51,27,318,6105288,250,200,120,8,0.3211,2021
KSRTC-042,MALAPPURAM,Malappuram,2021-05,42,29,246337,185236,60369.31748560226,161.78977086141407,51,27,308,5912088,250,200,120,8,0.3014,2021
KSRTC-042,MALAPPURAM,Malappuram,2021-06,41,29,236516,187080,57962.50459502512,155.33951231466733,51,27,296,5676384,250,200,120,8,0.3156,2021
KSRTC-042,MALAPPURAM,Malappuram,2021-07,41,29,236094,187322,57859.08589633623,155.0623502021811,51,27,295,5666256,250,200,120,8,0.3164,2021
KSRTC-042,MALAPPURAM,Malappuram,2021-08,42,30,250084,198111,61287.587305477275,164.2507339786791,51,27,313,6002016,250,200,120,8,0.3112,2021
KSRTC-042,MALAPPURAM,Malappuram,2021-09,44,32,273594,215846,67049.13613527754,179.69168484254382,51,27,342,6566256,250,200,120,8,0.3031,2021
KSRTC-042,MALAPPURAM,Malappuram,2021-10,42,30,252094,192726,61780.173998284525,165.57086631540253,51,27,315,6050256,250,200,120,8,0.3029,2021
KSRTC-042,MALAPPURAM,Malappuram,2021-11,45,33,281821,226658,69065.31062369808,185.09503247151088,51,27,352,6763704,250,200,120,8,0.3051,2021
KSRTC-042,MALAPPURAM,Malappuram,2021-12,42,29,244444,199601,59905.4037495405,160.54648204876855,51,27,306,5866656,250,200,120,8,0.3197,2021
KSRTC-042,MALAPPURAM,Malappuram,2022-01,42,29,245393,195200,60137.97328758731,161.16976841073398,51,27,307,5889432,250,200,120,8,0.3136,2022
KSRTC-042,MALAPPURAM,Malappuram,2022-02,42,29,244101,196626,59821.345423354986,160.3212057345914,51,27,305,5858424,250,200,120,8,0.3168,2022
KSRTC-042,MALAPPURAM,Malappuram,2022-03,43,31,262218,217716,64261.24249479231,172.2201298860434,51,27,328,6293232,250,200,120,8,0.3177,2022
KSRTC-042,MALAPPURAM,Malappuram,2022-04,42,31,359722,314546,88156.3533880652,236.25902708001473,51,27,450,8633328,250,200,120,8,0.2358,2022
KSRTC-042,MALAPPURAM,Malappuram,2022-05,44,33,383208,347012,93912.02058571254,251.6842151697096,51,27,479,9196992,250,200,120,8,0.2372,2022
KSRTC-042,MALAPPURAM,Malappuram,2022-06,42,31,360370,311501,88315.1574561941,236.6846219826002,51,27,450,8648880,250,200,120,8,0.2329,2022
KSRTC-042,MALAPPURAM,Malappuram,2022-07,43,32,367259,308228,90003.43095208921,241.2091949515991,51,27,459,8814216,250,200,120,8,0.2238,2022
KSRTC-042,MALAPPURAM,Malappuram,2022-08,42,31,357130,310681,87521.13711554957,234.55664746967287,51,27,446,8571120,250,200,120,8,0.2355,2022
KSRTC-042,MALAPPURAM,Malappuram,2022-09,41,29,330037,287400,80881.50961891926,216.7624457787036,51,27,413,7920888,250,200,120,8,0.2453,2022
KSRTC-042,MALAPPURAM,Malappuram,2022-10,40,29,320073,276484,78439.65200343095,210.21826736919493,51,27,400,7681752,250,200,120,8,0.2473,2022
KSRTC-042,MALAPPURAM,Malappuram,2022-11,43,32,368034,309171,90193.35865702733,241.71820120083325,51,27,460,8832816,250,200,120,8,0.2238,2022
KSRTC-042,MALAPPURAM,Malappuram,2022-12,41,30,342590,303733,83957.84830290407,225.00703345178292,51,27,428,8222160,250,200,120,8,0.245,2022
KSRTC-042,MALAPPURAM,Malappuram,2023-01,43,31,364317,322684,89282.44087734347,239.2769415512805,51,27,455,8743608,250,200,120,8,0.2375,2023
KSRTC-042,MALAPPURAM,Malappuram,2023-02,43,32,379309,330310,92956.50042886901,249.12342114936894,51,27,474,9103416,250,200,120,8,0.2288,2023
KSRTC-042,MALAPPURAM,Malappuram,2023-03,40,28,317952,272070,77919.86276191643,208.82523220193605,51,27,397,7630848,250,200,120,8,0.2459,2023
KSRTC-042,MALAPPURAM,Malappuram,2023-04,40,31,356925,321368,87470.89817424335,234.4220071069722,51,27,446,8566200,250,200,120,8,0.2241,2023
KSRTC-042,MALAPPURAM,Malappuram,2023-05,39,30,336115,296000,82371.03296164687,220.7543683372136,51,27,420,8066760,250,200,120,8,0.2265,2023
KSRTC-042,MALAPPURAM,Malappuram,2023-06,40,31,350897,313934,85993.62823183434,230.46292366131604,51,27,439,8421528,250,200,120,8,0.2247,2023
KSRTC-042,MALAPPURAM,Malappuram,2023-07,40,30,348113,320651,85311.35890209534,228.6344418576155,51,27,435,8354712,250,200,120,8,0.233,2023
KSRTC-042,MALAPPURAM,Malappuram,2023-08,41,32,366801,330619,89891.18980517094,240.90838867785814,51,27,459,8803224,250,200,120,8,0.2209,2023
KSRTC-042,MALAPPURAM,Malappuram,2023-09,40,30,346340,316282,84876.85332679818,227.46996691581916,51,27,433,8312160,250,200,120,8,0.2315,2023
KSRTC-042,MALAPPURAM,Malappuram,2023-10,40,31,350301,321237,85847.56770003676,230.0714814360985,51,27,438,8407224,250,200,120,8,0.231,2023
KSRTC-042,MALAPPURAM,Malappuram,2023-11,40,30,349183,312724,85573.58166891313,229.3371988726872,51,27,437,8380392,250,200,120,8,0.2256,2023
KSRTC-042,MALAPPURAM,Malappuram,2023-12,40,30,344480,316120,84421.02683494671,226.24835191765717,51,27,431,8267520,250,200,120,8,0.2334,2023
KSRTC-042,MALAPPURAM,Malappuram,2024-01,39,29,330053,299830,80885.43070702121,216.77295429481686,51,27,413,7921272,250,200,120,8,0.2365,2024
KSRTC-042,MALAPPURAM,Malappuram,2024-02,41,32,372093,339406,91188.08969489034,244.38408038230614,51,27,465,8930232,250,200,120,8,0.2221,2024
KSRTC-042,MALAPPURAM,Malappuram,2024-03,40,30,348697,317947,85454.47861781645,229.0180026957481,51,27,436,8368728,250,200,120,8,0.2302,2024
KSRTC-042,MALAPPURAM,Malappuram,2024-04,39,33,266644,361984,65345.91349099376,175.12704815586326,51,27,333,6399456,250,200,120,8,0.4184,2024
KSRTC-042,MALAPPURAM,Malappuram,2024-05,39,33,270354,367021,66255.11579463302,177.5637103296165,51,27,338,6488496,250,200,120,8,0.4198,2024
KSRTC-042,MALAPPURAM,Malappuram,2024-06,39,33,268783,364888,65870.11395662297,176.5319054037496,51,27,336,6450792,250,200,120,8,0.4192,2024
KSRTC-042,MALAPPURAM,Malappuram,2024-07,37,31,259555,352361,63608.62639382429,170.47111873544912,51,27,324,6229320,250,200,120,8,0.4159,2024
KSRTC-042,MALAPPURAM,Malappuram,2024-08,39,33,270216,366833,66221.2964097537,177.47307437813996,51,27,338,6485184,250,200,120,8,0.4197,2024
KSRTC-042,MALAPPURAM,Malappuram,2024-09,38,32,264913,359634,64921.70077196422,173.9901580688641,51,27,331,6357912,250,200,120,8,0.4178,2024
KSRTC-042,MALAPPURAM,Malappuram,2024-10,39,33,269745,366194,66105.86937875261,177.16372993505703,51,27,337,6473880,250,200,120,8,0.4195,2024
KSRTC-042,MALAPPURAM,Malappuram,2024-11,38,32,263958,358338,64687.66082587918,173.36293101335622,51,27,330,6334992,250,200,120,8,0.4175,2024
KSRTC-042,MALAPPURAM,Malappuram,2024-12,40,34,275477,373975,67510.59919127559,180.92840583261858,51,27,344,6611448,250,200,120,8,0.4216,2024
KSRTC-042,MALAPPURAM,Malappuram,2025-01,37,30,255983,347511,62733.24347506434,168.12509251317243,51,27,320,6143592,250,200,120,8,0.4147,2025
KSRTC-042,MALAPPURAM,Malappuram,2025-02,39,33,267405,363018,65532.41024384267,175.62685945349835,51,27,334,6417720,250,200,120,8,0.4187,2025
KSRTC-042,MALAPPURAM,Malappuram,2025-03,38,32,265204,360029,64993.01556181841,174.18128170567334,51,27,332,6364896,250,200,120,8,0.4179,2025
KSRTC-042,MALAPPURAM,Malappuram,2025-04,39,33,271289,368290,66484.25438059062,178.17780173998284,51,27,339,6510936,250,200,120,8,0.4201,2025
KSRTC-042,MALAPPURAM,Malappuram,2025-05,36,29,250992,340735,61510.10905526284,164.8470922681044,51,27,314,6023808,250,200,120,8,0.4129,2025
KSRTC-042,MALAPPURAM,Malappuram,2025-06,40,34,274175,372209,67191.52064697954,180.07327533390517,51,27,343,6580200,250,200,120,8,0.4211,2025
KSRTC-042,MALAPPURAM,Malappuram,2025-07,39,33,268651,364709,65837.76497978189,176.44521014581548,51,27,336,6447624,250,200,120,8,0.4192,2025
KSRTC-042,MALAPPURAM,Malappuram,2025-08,38,32,266041,361166,65198.13748315158,174.73100845484626,51,27,333,6384984,250,200,120,8,0.4182,2025
KSRTC-042,MALAPPURAM,Malappuram,2025-09,39,33,267364,362961,65522.362455581424,175.59993138095822,51,27,334,6416736,250,200,120,8,0.4187,2025
KSRTC-042,MALAPPURAM,Malappuram,2025-10,38,32,266263,361467,65252.54258056611,174.87681411591717,51,27,333,6390312,250,200,120,8,0.4183,2025
KSRTC-042,MALAPPURAM,Malappuram,2025-11,37,31,257935,350161,63211.616223502024,169.40713147898543,51,27,322,6190440,250,200,120,8,0.4154,2025
KSRTC-042,MALAPPURAM,Malappuram,2025-12,38,31,261590,355123,64107.339786790835,171.80767062859945,51,27,327,6278160,250,200,120,8,0.4166,2025
KSRTC-042,MALAPPURAM,Malappuram,2026-01,39,33,269385,365705,66017.64489645878,176.92728832250953,51,27,337,6465240,250,200,120,8,0.4194,2026
KSRTC-042,MALAPPURAM,Malappuram,2026-02,39,33,271067,367989,66429.84928317608,178.0319960789119,51,27,339,6505608,250,200,120,8,0.42,2026
KSRTC-042,MALAPPURAM,Malappuram,2026-03,40,34,273469,371250,67018.50263448108,179.6095870604093,51,27,342,6563256,250,200,120,8,0.4209,2026
KSRTC-043,MALLAPPALLY,Pathanamthitta,2021-04,30,24,127742,166814,31305.47726994241,83.89867908344566,51,27,160,3065808,250,200,120,8,0.4941,2021
KSRTC-043,MALLAPPALLY,Pathanamthitta,2021-05,30,24,131723,165289,32281.09300330842,86.51332924886655,51,27,165,3161352,250,200,120,8,0.4777,2021
KSRTC-043,MALLAPPALLY,Pathanamthitta,2021-06,30,23,124572,165675,30528.611689743906,81.81667932851367,51,27,156,2989728,250,200,120,8,0.5027,2021
KSRTC-043,MALLAPPALLY,Pathanamthitta,2021-07,30,24,128517,165959,31495.40497488053,84.40768533267983,51,27,161,3084408,250,200,120,8,0.4896,2021
KSRTC-043,MALLAPPALLY,Pathanamthitta,2021-08,30,24,128258,164100,31431.932361230243,84.23757872809705,51,27,160,3078192,250,200,120,8,0.4865,2021
KSRTC-043,MALLAPPALLY,Pathanamthitta,2021-09,31,24,134618,169080,32990.56488175469,88.41471388310258,51,27,168,3230832,250,200,120,8,0.4763,2021
KSRTC-043,MALLAPPALLY,Pathanamthitta,2021-10,30,24,129689,166213,31782.624678348242,85.1774341379733,51,27,162,3112536,250,200,120,8,0.4863,2021
KSRTC-043,MALLAPPALLY,Pathanamthitta,2021-11,31,25,141564,185514,34692.80725401299,92.97672344075481,51,27,177,3397536,250,200,120,8,0.4874,2021
KSRTC-043,MALLAPPALLY,Pathanamthitta,2021-12,31,25,136387,172060,33424.09018502635,89.57656169587061,51,27,170,3273288,250,200,120,8,0.4768,2021
KSRTC-043,MALLAPPALLY,Pathanamthitta,2022-01,30,24,132154,164488,32386.71731405465,86.79640240166648,51,27,165,3171696,250,200,120,8,0.4747,2022
KSRTC-043,MALLAPPALLY,Pathanamthitta,2022-02,29,23,121700,158221,29824.776375444188,79.93040068619044,51,27,152,2920800,250,200,120,8,0.4964,2022
KSRTC-043,MALLAPPALLY,Pathanamthitta,2022-03,29,23,120773,154414,29597.598333537557,79.32156353388066,51,27,151,2898552,250,200,120,8,0.4911,2022
KSRTC-043,MALLAPPALLY,Pathanamthitta,2022-04,29,25,222495,306158,54526.40607768656,146.1307682882,51,27,278,5339880,250,200,120,8,0.3643,2022
KSRTC-043,MALLAPPALLY,Pathanamthitta,2022-05,29,25,223969,294307,54887.63631907855,147.0988653351305,51,27,280,5375256,250,200,120,8,0.3463,2022
KSRTC-043,MALLAPPALLY,Pathanamthitta,2022-06,29,26,235769,319878,57779.438794265414,154.84889596863133,51,27,295,5658456,250,200,120,8,0.3504,2022
KSRTC-043,MALLAPPALLY,Pathanamthitta,2022-07,29,26,234515,341435,57472.12351427521,154.02529101825758,51,27,293,5628360,250,200,120,8,0.3784,2022
KSRTC-043,MALLAPPALLY,Pathanamthitta,2022-08,29,25,220533,317272,54045.582649185155,144.84216149981623,51,27,276,5292792,250,200,120,8,0.3828,2022
KSRTC-043,MALLAPPALLY,Pathanamthitta,2022-09,30,26,236752,331442,58020.34064452886,155.49451292733735,51,27,296,5682048,250,200,120,8,0.3617,2022
KSRTC-043,MALLAPPALLY,Pathanamthitta,2022-10,29,26,235762,324592,57777.72331822081,154.84429849283177,51,27,295,5658288,250,200,120,8,0.3559,2022
KSRTC-043,MALLAPPALLY,Pathanamthitta,2022-11,29,25,225887,319887,55357.676755299595,148.3585737042029,51,27,282,5421288,250,200,120,8,0.373,2022
KSRTC-043,MALLAPPALLY,Pathanamthitta,2022-12,30,26,238484,333350,58444.79843156476,156.63205979659355,51,27,298,5723616,250,200,120,8,0.36,2022
KSRTC-043,MALLAPPALLY,Pathanamthitta,2023-01,29,26,235604,334621,57739.00257321407,154.74052689621374,51,27,295,5654496,250,200,120,8,0.3679,2023
KSRTC-043,MALLAPPALLY,Pathanamthitta,2023-02,29,26,235461,327191,57703.9578483029,154.64660703345177,51,27,294,5651064,250,200,120,8,0.3596,2023
KSRTC-043,MALLAPPALLY,Pathanamthitta,2023-03,29,26,233212,333440,57152.7999019728,153.16950373728713,51,27,292,5597088,250,200,120,8,0.372,2023
KSRTC-043,MALLAPPALLY,Pathanamthitta,2023-04,29,25,250321,316927,61345.66842298738,164.4063913736062,51,27,313,6007704,250,200,120,8,0.2997,2023
KSRTC-043,MALLAPPALLY,Pathanamthitta,2023-05,30,27,271957,350428,66647.95980884696,178.61653228770987,51,27,340,6526968,250,200,120,8,0.2924,2023
KSRTC-043,MALLAPPALLY,Pathanamthitta,2023-06,30,27,273479,349408,67020.9533145448,179.61615488298006,51,27,342,6563496,250,200,120,8,0.2885,2023
KSRTC-043,MALLAPPALLY,Pathanamthitta,2023-07,29,26,257293,331383,63054.28256341135,168.9854772699424,51,27,322,6175032,250,200,120,8,0.3012,2023
KSRTC-043,MALLAPPALLY,Pathanamthitta,2023-08,30,27,273996,355783,67147.65347383899,179.9557113098885,51,27,343,6575904,250,200,120,8,0.2939,2023
KSRTC-043,MALLAPPALLY,Pathanamthitta,2023-09,30,26,258600,327060,63374.58644773925,169.8438916799412,51,27,323,6206400,250,200,120,8,0.294,2023
KSRTC-043,MALLAPPALLY,Pathanamthitta,2023-10,29,25,244883,314893,60012.988604337705,160.83480945962503,51,27,306,5877192,250,200,120,8,0.3087,2023
KSRTC-043,MALLAPPALLY,Pathanamthitta,2023-11,30,26,263092,345836,64475.431932361236,172.79415757872815,51,27,329,6314208,250,200,120,8,0.3048,2023
KSRTC-043,MALLAPPALLY,Pathanamthitta,2023-12,30,26,265284,331561,65012.62100232815,174.23382428623947,51,27,332,6366816,250,200,120,8,0.2858,2023
KSRTC-043,MALLAPPALLY,Pathanamthitta,2024-01,29,25,253225,323866,62057.34591349099,166.31368704815588,51,27,317,6077400,250,200,120,8,0.3013,2024
KSRTC-043,MALLAPPALLY,Pathanamthitta,2024-02,30,26,261766,335355,64150.471755912266,171.92326430584487,51,27,327,6282384,250,200,120,8,0.2965,2024
KSRTC-043,MALLAPPALLY,Pathanamthitta,2024-03,30,26,263827,349514,64655.55691704448,173.2768925376792,51,27,330,6331848,250,200,120,8,0.3072,2024
KSRTC-043,MALLAPPALLY,Pathanamthitta,2024-04,28,26,193853,263166,47507.16823918638,127.3192108810195,51,27,242,4652472,250,200,120,8,0.3926,2024
KSRTC-043,MALLAPPALLY,Pathanamthitta,2024-05,29,28,203226,275891,49804.19066290896,133.475230976596,51,27,254,4877424,250,200,120,8,0.396,2024
KSRTC-043,MALLAPPALLY,Pathanamthitta,2024-06,29,27,199668,271060,48932.23869623821,131.13839970591843,51,27,250,4792032,250,200,120,8,0.3947,2024
KSRTC-043,MALLAPPALLY,Pathanamthitta,2024-07,29,27,200007,271521,49015.31675039824,131.3610488910673,51,27,250,4800168,250,200,120,8,0.3948,2024
KSRTC-043,MALLAPPALLY,Pathanamthitta,2024-08,29,27,201447,273476,49368.21467957358,132.3068153412572,51,27,252,4834728,250,200,120,8,0.3953,2024
KSRTC-043,MALLAPPALLY,Pathanamthitta,2024-09,29,27,201295,273269,49330.964342605075,132.20698443818162,51,27,252,4831080,250,200,120,8,0.3953,2024
KSRTC-043,MALLAPPALLY,Pathanamthitta,2024-10,28,26,196054,266155,48046.562921210636,128.7647886288445,51,27,245,4705296,250,200,120,8,0.3934,2024
KSRTC-043,MALLAPPALLY,Pathanamthitta,2024-11,28,26,194303,263777,47617.44884205367,127.61476289670385,51,27,243,4663272,250,200,120,8,0.3928,2024
KSRTC-043,MALLAPPALLY,Pathanamthitta,2024-12,28,26,196158,266296,48072.049993873305,128.83309398358045,51,27,245,4707792,250,200,120,8,0.3934,2024
KSRTC-043,MALLAPPALLY,Pathanamthitta,2025-01,28,26,195161,264942,47827.71719152065,128.17828207327534,51,27,244,4683864,250,200,120,8,0.3931,2025
KSRTC-043,MALLAPPALLY,Pathanamthitta,2025-02,29,27,198622,269641,48675.897561573336,130.45140546501653,51,27,248,4766928,250,200,120,8,0.3943,2025
KSRTC-043,MALLAPPALLY,Pathanamthitta,2025-03,29,26,197930,268701,48506.31050116407,129.99691214311972,51,27,247,4750320,250,200,120,8,0.3941,2025
KSRTC-043,MALLAPPALLY,Pathanamthitta,2025-04,29,27,201772,273917,49447.86178164441,132.52026957480703,51,27,252,4842528,250,200,120,8,0.3954,2025
KSRTC-043,MALLAPPALLY,Pathanamthitta,2025-05,28,25,192517,261352,47179.75738267369,126.44174978556549,51,27,241,4620408,250,200,120,8,0.3922,2025
KSRTC-043,MALLAPPALLY,Pathanamthitta,2025-06,28,26,196566,266850,48172.03774047298,129.1010611444676,51,27,246,4717584,250,200,120,8,0.3936,2025
KSRTC-043,MALLAPPALLY,Pathanamthitta,2025-07,29,27,201281,273250,49327.53339051587,132.19778948658254,51,27,252,4830744,250,200,120,8,0.3953,2025
KSRTC-043,MALLAPPALLY,Pathanamthitta,2025-08,29,27,198387,269322,48618.30658007597,130.2970616346036,51,27,248,4761288,250,200,120,8,0.3942,2025
KSRTC-043,MALLAPPALLY,Pathanamthitta,2025-09,28,25,191728,260281,46986.398725646366,125.92354858473227,51,27,240,4601472,250,200,120,8,0.3919,2025
KSRTC-043,MALLAPPALLY,Pathanamthitta,2025-10,28,26,195203,264999,47838.010047788266,128.20586692807257,51,27,244,4684872,250,200,120,8,0.3931,2025
KSRTC-043,MALLAPPALLY,Pathanamthitta,2025-11,29,27,202188,274481,49549.81007229506,132.79349099375077,51,27,253,4852512,250,200,120,8,0.3956,2025
KSRTC-043,MALLAPPALLY,Pathanamthitta,2025-12,29,27,200048,271577,49025.36453865948,131.38797696360743,51,27,250,4801152,250,200,120,8,0.3948,2025
KSRTC-043,MALLAPPALLY,Pathanamthitta,2026-01,29,27,199758,271182,48954.29481681167,131.1975101090553,51,27,250,4794192,250,200,120,8,0.3947,2026
KSRTC-043,MALLAPPALLY,Pathanamthitta,2026-02,29,27,199301,270562,48842.29873789977,130.8973606175714,51,27,249,4783224,250,200,120,8,0.3946,2026
KSRTC-043,MALLAPPALLY,Pathanamthitta,2026-03,29,27,198955,270092,48757.50520769514,130.67011395662297,51,27,249,4774920,250,200,120,8,0.3944,2026
KSRTC-044,MANANTHAVADY,Wayanad,2021-04,84,62,418742,455612,102620.26712412696,275.02231589266023,51,27,523,10049808,250,200,120,8,0.5017,2021
KSRTC-044,MANANTHAVADY,Wayanad,2021-05,86,63,434176,480245,106402.64673446881,285.15909324837645,51,27,543,10420224,250,200,120,8,0.507,2021
KSRTC-044,MANANTHAVADY,Wayanad,2021-06,84,62,418792,466830,102632.52052444554,275.0551550055141,51,27,524,10051008,250,200,120,8,0.509,2021
KSRTC-044,MANANTHAVADY,Wayanad,2021-07,88,65,453478,528546,111132.94939345669,297.8363043744639,51,27,567,10883472,250,200,120,8,0.5239,2021
KSRTC-044,MANANTHAVADY,Wayanad,2021-08,83,60,403365,447055,98851.85639014827,264.92297512559736,51,27,504,9680760,250,200,120,8,0.5071,2021
KSRTC-044,MANANTHAVADY,Wayanad,2021-09,84,61,416953,463142,102181.84046072786,273.8473324347507,51,27,521,10006872,250,200,120,8,0.5079,2021
KSRTC-044,MANANTHAVADY,Wayanad,2021-10,82,58,389054,447084,95344.6881509619,255.5237642445779,51,27,486,9337296,250,200,120,8,0.5184,2021
KSRTC-044,MANANTHAVADY,Wayanad,2021-11,82,58,391343,419977,95905.64881754687,257.02713883102564,51,27,489,9392232,250,200,120,8,0.4975,2021
KSRTC-044,MANANTHAVADY,Wayanad,2021-12,81,57,381522,426062,93498.83592696974,250.57688028427893,51,27,477,9156528,250,200,120,8,0.5096,2021
KSRTC-044,MANANTHAVADY,Wayanad,2022-01,83,60,404863,432427,99218.96826369318,265.90683494669776,51,27,506,9716712,250,200,120,8,0.4961,2022
KSRTC-044,MANANTHAVADY,Wayanad,2022-02,83,60,408532,451227,100118.1227790712,268.31656904791083,51,27,511,9804768,250,200,120,8,0.5061,2022
KSRTC-044,MANANTHAVADY,Wayanad,2022-03,84,61,410513,457405,100603.60249969368,269.61765469917907,51,27,513,9852312,250,200,120,8,0.5088,2022
KSRTC-044,MANANTHAVADY,Wayanad,2022-04,80,63,546410,711815,133907.60936159786,358.87239308908227,51,27,683,13113840,250,200,120,8,0.509,2022
KSRTC-044,MANANTHAVADY,Wayanad,2022-05,84,68,602879,823091,147746.35461340522,395.960230363926,51,27,754,14469096,250,200,120,8,0.5263,2022
KSRTC-044,MANANTHAVADY,Wayanad,2022-06,83,67,588497,798895,144221.78654576646,386.51438794265414,51,27,736,14123928,250,200,120,8,0.5239,2022
KSRTC-044,MANANTHAVADY,Wayanad,2022-07,82,65,566155,778768,138746.4771474084,371.84055875505453,51,27,708,13587720,250,200,120,8,0.5288,2022
KSRTC-044,MANANTHAVADY,Wayanad,2022-08,81,63,550638,733417,134943.7568925377,361.6492684720011,51,27,688,13215312,250,200,120,8,0.5169,2022
KSRTC-044,MANANTHAVADY,Wayanad,2022-09,82,65,568228,776426,139254.5031246171,373.2020683739738,51,27,710,13637472,250,200,120,8,0.5263,2022
KSRTC-044,MANANTHAVADY,Wayanad,2022-10,83,67,586272,785738,143676.5102315893,385.0530474206593,51,27,733,14070528,250,200,120,8,0.5192,2022
KSRTC-044,MANANTHAVADY,Wayanad,2022-11,82,65,569979,780533,139683.61720377405,374.35209410611446,51,27,713,13679496,250,200,120,8,0.5271,2022
KSRTC-044,MANANTHAVADY,Wayanad,2022-12,78,60,514398,683196,126062.4923416248,337.8474794755545,51,27,643,12345552,250,200,120,8,0.5167,2022
KSRTC-044,MANANTHAVADY,Wayanad,2023-01,83,66,583560,777870,143011.88579830903,383.2718539394682,51,27,729,14005440,250,200,120,8,0.5172,2023
KSRTC-044,MANANTHAVADY,Wayanad,2023-02,85,70,621473,855013,152303.14912388189,408.17243965200345,51,27,777,14915352,250,200,120,8,0.5296,2023
KSRTC-044,MANANTHAVADY,Wayanad,2023-03,82,65,568178,771234,139242.2497242985,373.16922926112005,51,27,710,13636272,250,200,120,8,0.5238,2023
KSRTC-044,MANANTHAVADY,Wayanad,2023-04,82,69,689628,866886,169005.75909814975,452.93543438304135,51,27,862,16551072,250,200,120,8,0.4645,2023
KSRTC-044,MANANTHAVADY,Wayanad,2023-05,81,66,658661,853296,161416.7381448352,432.59685822815834,51,27,823,15807864,250,200,120,8,0.4748,2023
KSRTC-044,MANANTHAVADY,Wayanad,2023-06,77,61,588208,758597,144150.96189192502,386.32457787035906,51,27,735,14116992,250,200,120,8,0.4745,2023
KSRTC-044,MANANTHAVADY,Wayanad,2023-07,81,67,661434,852548,162096.31172650412,434.41811542703107,51,27,827,15874416,250,200,120,8,0.473,2023
KSRTC-044,MANANTHAVADY,Wayanad,2023-08,79,65,635937,822308,155847.81276804314,417.67213821835566,51,27,795,15262488,250,200,120,8,0.4743,2023
KSRTC-044,MANANTHAVADY,Wayanad,2023-09,77,61,589599,766887,144491.85148878815,387.2381619899523,51,27,737,14150376,250,200,120,8,0.4775,2023
KSRTC-044,MANANTHAVADY,Wayanad,2023-10,79,63,621716,819101,152362.70064943022,408.33203774047297,51,27,777,14921184,250,200,120,8,0.4812,2023
KSRTC-044,MANANTHAVADY,Wayanad,2023-11,78,63,620466,800458,152056.36564146553,407.5110599191276,51,27,776,14891184,250,200,120,8,0.4737,2023
KSRTC-044,MANANTHAVADY,Wayanad,2023-12,80,65,646219,824493,158367.60200955765,424.4251733856145,51,27,808,15509256,250,200,120,8,0.4694,2023
KSRTC-044,MANANTHAVADY,Wayanad,2024-01,79,64,624696,792433,153093.0033084181,410.2892488665605,51,27,781,14992704,250,200,120,8,0.4677,2024
KSRTC-044,MANANTHAVADY,Wayanad,2024-02,83,70,705509,926037,172897.6841073398,463.3657934076707,51,27,882,16932216,250,200,120,8,0.48,2024
KSRTC-044,MANANTHAVADY,Wayanad,2024-03,81,66,657926,902464,161236.61316015196,432.11412326920725,51,27,822,15790224,250,200,120,8,0.4956,2024
KSRTC-044,MANANTHAVADY,Wayanad,2024-04,84,71,580382,787901,142233.05967405956,381.1845999264797,51,27,726,13929168,250,200,120,8,0.5297,2024
KSRTC-044,MANANTHAVADY,Wayanad,2024-05,80,66,554754,753110,135952.4568067639,364.35258424212725,51,27,693,13314096,250,200,120,8,0.5206,2024
KSRTC-044,MANANTHAVADY,Wayanad,2024-06,78,63,537628,729860,131755.422129641,353.10453130743787,51,27,672,12903072,250,200,120,8,0.5145,2024
KSRTC-044,MANANTHAVADY,Wayanad,2024-07,83,70,573113,778033,140451.6603357432,376.4104496997918,51,27,716,13754712,250,200,120,8,0.5271,2024
KSRTC-044,MANANTHAVADY,Wayanad,2024-08,79,64,544163,738732,133356.9415512805,357.3966033574318,51,27,680,13059912,250,200,120,8,0.5168,2024
KSRTC-044,MANANTHAVADY,Wayanad,2024-09,82,68,564757,766690,138403.8720745007,370.92237715966183,51,27,706,13554168,250,200,120,8,0.5242,2024
KSRTC-044,MANANTHAVADY,Wayanad,2024-10,79,65,549929,746560,134770.0036760201,361.1836098517339,51,27,687,13198296,250,200,120,8,0.5189,2024
KSRTC-044,MANANTHAVADY,Wayanad,2024-11,84,71,579530,786745,142024.2617326308,380.6250214434506,51,27,724,13908720,250,200,120,8,0.5294,2024
KSRTC-044,MANANTHAVADY,Wayanad,2024-12,82,69,570039,773861,139698.32128415635,374.3915010415391,51,27,713,13680936,250,200,120,8,0.526,2024
KSRTC-044,MANANTHAVADY,Wayanad,2025-01,81,67,557329,756606,136583.5069231712,366.0437985540988,51,27,697,13375896,250,200,120,8,0.5215,2025
KSRTC-044,MANANTHAVADY,Wayanad,2025-02,82,69,569901,773673,139664.50189927706,374.30086509006253,51,27,712,13677624,250,200,120,8,0.526,2025
KSRTC-044,MANANTHAVADY,Wayanad,2025-03,83,70,574906,780467,140891.06727116776,377.5880602867296,51,27,719,13797744,250,200,120,8,0.5277,2025
KSRTC-044,MANANTHAVADY,Wayanad,2025-04,81,68,563414,764867,138074.7457419434,370.0403185884083,51,27,704,13521936,250,200,120,8,0.5237,2025
KSRTC-044,MANANTHAVADY,Wayanad,2025-05,81,67,559538,759604,137124.86214924642,367.4946305599804,51,27,699,13428912,250,200,120,8,0.5223,2025
KSRTC-044,MANANTHAVADY,Wayanad,2025-06,81,68,562300,763354,137801.73998284523,369.3086631540253,51,27,703,13495200,250,200,120,8,0.5233,2025
KSRTC-044,MANANTHAVADY,Wayanad,2025-07,81,67,557772,757208,136692.07204999388,366.33475309398364,51,27,697,13386528,250,200,120,8,0.5217,2025
KSRTC-044,MANANTHAVADY,Wayanad,2025-08,82,68,566079,768485,138727.85197892415,371.79064330351673,51,27,708,13585896,250,200,120,8,0.5246,2025
KSRTC-044,MANANTHAVADY,Wayanad,2025-09,80,66,554124,752255,135798.06396274967,363.93881142016915,51,27,693,13298976,250,200,120,8,0.5204,2025
KSRTC-044,MANANTHAVADY,Wayanad,2025-10,80,66,554020,752114,135772.57689008702,363.87050606543323,51,27,693,13296480,250,200,120,8,0.5203,2025
KSRTC-044,MANANTHAVADY,Wayanad,2025-11,82,69,568724,772075,139376.05685577748,373.5278323734837,51,27,711,13649376,250,200,120,8,0.5256,2025
KSRTC-044,MANANTHAVADY,Wayanad,2025-12,82,69,567353,770214,139040.0686190418,372.627383899032,51,27,709,13616472,250,200,120,8,0.5251,2025
KSRTC-044,MANANTHAVADY,Wayanad,2026-01,83,70,573604,778700,140571.98872687173,376.73292978801624,51,27,717,13766496,250,200,120,8,0.5273,2026
KSRTC-044,MANANTHAVADY,Wayanad,2026-02,81,68,563636,765168,138129.15083935793,370.1861242494793,51,27,705,13527264,250,200,120,8,0.5238,2026
KSRTC-044,MANANTHAVADY,Wayanad,2026-03,82,68,565865,768194,138675.4074255606,371.65009190050245,51,27,707,13580760,250,200,120,8,0.5245,2026
KSRTC-045,MANNARKKAD,Palakkad,2021-04,47,34,200612,177607,49163.58289425316,131.7584021565985,51,27,251,4814688,250,200,120,8,0.4062,2021
KSRTC-045,MANNARKKAD,Palakkad,2021-05,47,34,203165,177530,49789.24151452028,133.43516725891436,51,27,254,4875960,250,200,120,8,0.4023,2021
KSRTC-045,MANNARKKAD,Palakkad,2021-06,49,36,214867,196737,52657.027325082716,141.12083323122167,51,27,269,5156808,250,200,120,8,0.4107,2021
KSRTC-045,MANNARKKAD,Palakkad,2021-07,49,36,219746,199558,53852.71412817057,144.32527386349713,51,27,275,5273904,250,200,120,8,0.4074,2021
KSRTC-045,MANNARKKAD,Palakkad,2021-08,50,37,225626,199655,55293.71400563657,148.187153535106,51,27,282,5415024,250,200,120,8,0.3997,2021
KSRTC-045,MANNARKKAD,Palakkad,2021-09,50,38,231134,201872,56643.54858473226,151.80471020708248,51,27,289,5547216,250,200,120,8,0.3954,2021
KSRTC-045,MANNARKKAD,Palakkad,2021-10,49,36,220370,204165,54005.63656414655,144.73510599191277,51,27,275,5288880,250,200,120,8,0.4123,2021
KSRTC-045,MANNARKKAD,Palakkad,2021-11,50,38,231171,211544,56652.61610096802,151.8290111505943,51,27,289,5548104,250,200,120,8,0.4068,2021
KSRTC-045,MANNARKKAD,Palakkad,2021-12,48,35,206250,187630,50545.27631417719,135.46134052199486,51,27,258,4950000,250,200,120,8,0.4113,2021
KSRTC-045,MANNARKKAD,Palakkad,2022-01,52,40,247961,229715,60767.30792795001,162.85638524690603,51,27,310,5951064,250,200,120,8,0.4067,2022
KSRTC-045,MANNARKKAD,Palakkad,2022-02,49,36,216140,190646,52968.998897193975,141.95691704447987,51,27,270,5187360,250,200,120,8,0.4012,2022
KSRTC-045,MANNARKKAD,Palakkad,2022-03,50,38,232969,207136,57093.24837642446,153.00990564881758,51,27,291,5591256,250,200,120,8,0.3993,2022
KSRTC-045,MANNARKKAD,Palakkad,2022-04,47,42,412035,391929,100976.5960053915,270.61727729444925,51,27,515,9888840,250,200,120,8,0.2614,2022
KSRTC-045,MANNARKKAD,Palakkad,2022-05,47,42,418072,373025,102456.07155985787,274.5822717804191,51,27,523,10033728,250,200,120,8,0.2437,2022
KSRTC-045,MANNARKKAD,Palakkad,2022-06,48,43,427670,410711,104808.2342850141,280.88606788383777,51,27,535,10264080,250,200,120,8,0.2599,2022
KSRTC-045,MANNARKKAD,Palakkad,2022-07,47,41,403454,385883,98873.66744271536,264.98142874647715,51,27,504,9682896,250,200,120,8,0.2652,2022
KSRTC-045,MANNARKKAD,Palakkad,2022-08,49,44,451022,408938,110531.06236980762,296.2232471510845,51,27,564,10824528,250,200,120,8,0.2398,2022
KSRTC-045,MANNARKKAD,Palakkad,2022-09,47,42,416543,405405,102081.36257811543,273.5780517093494,51,27,521,9997032,250,200,120,8,0.2662,2022
KSRTC-045,MANNARKKAD,Palakkad,2022-10,47,41,405515,390289,99378.75260384758,266.3350569783115,51,27,507,9732360,250,200,120,8,0.2662,2022
KSRTC-045,MANNARKKAD,Palakkad,2022-11,48,43,436640,397636,107006.49430216885,286.77740472981253,51,27,546,10479360,250,200,120,8,0.2441,2022
KSRTC-045,MANNARKKAD,Palakkad,2022-12,47,42,413029,385072,101220.19360372504,271.27011885798316,51,27,516,9912696,250,200,120,8,0.256,2022
KSRTC-045,MANNARKKAD,Palakkad,2023-01,47,42,413279,389788,101281.46060531797,271.43431442225216,51,27,517,9918696,250,200,120,8,0.2589,2023
KSRTC-045,MANNARKKAD,Palakkad,2023-02,48,42,422438,390883,103526.038475677,277.44978311481435,51,27,528,10138512,250,200,120,8,0.2516,2023
KSRTC-045,MANNARKKAD,Palakkad,2023-03,47,42,414786,379352,101650.77809092024,272.4240852836663,51,27,519,9954864,250,200,120,8,0.2506,2023
KSRTC-045,MANNARKKAD,Palakkad,2023-04,47,40,474585,443418,116305.5998039456,311.6990074745743,51,27,593,11390040,250,200,120,8,0.2037,2023
KSRTC-045,MANNARKKAD,Palakkad,2023-05,47,40,485438,440311,118965.3228770984,318.8270653106237,51,27,607,11650512,250,200,120,8,0.1935,2023
KSRTC-045,MANNARKKAD,Palakkad,2023-06,46,40,470955,441659,115416.00294081608,309.3148878813871,51,27,589,11302920,250,200,120,8,0.2056,2023
KSRTC-045,MANNARKKAD,Palakkad,2023-07,46,39,460195,428874,112779.07119225585,302.24791079524573,51,27,575,11044680,250,200,120,8,0.207,2023
KSRTC-045,MANNARKKAD,Palakkad,2023-08,48,42,504170,456438,123555.93677245436,331.12991055017767,51,27,630,12100080,250,200,120,8,0.1885,2023
KSRTC-045,MANNARKKAD,Palakkad,2023-09,46,39,461383,437920,113070.21198382552,303.0281681166524,51,27,577,11073192,250,200,120,8,0.2114,2023
KSRTC-045,MANNARKKAD,Palakkad,2023-10,46,39,466441,431267,114309.76596005392,306.3501727729445,51,27,583,11194584,250,200,120,8,0.2032,2023
KSRTC-045,MANNARKKAD,Palakkad,2023-11,46,39,463255,444351,113528.97929175347,304.25766450189934,51,27,579,11118120,250,200,120,8,0.2136,2023
KSRTC-045,MANNARKKAD,Palakkad,2023-12,46,40,472548,447891,115806.3962749663,310.36114201690975,51,27,591,11341152,250,200,120,8,0.208,2023
KSRTC-045,MANNARKKAD,Palakkad,2024-01,44,37,428222,415428,104943.5118245313,281.24861168974394,51,27,535,10277328,250,200,120,8,0.2271,2024
KSRTC-045,MANNARKKAD,Palakkad,2024-02,47,40,481797,455636,118073.0302658988,316.4357211126088,51,27,602,11563128,250,200,120,8,0.205,2024
KSRTC-045,MANNARKKAD,Palakkad,2024-03,45,38,440206,404904,107880.40681289058,289.11949025854676,51,27,550,10564944,250,200,120,8,0.2095,2024
KSRTC-045,MANNARKKAD,Palakkad,2024-04,48,43,334464,454054,81966.42568312708,219.6700208307806,51,27,418,8027136,250,200,120,8,0.4425,2024
KSRTC-045,MANNARKKAD,Palakkad,2024-05,47,41,327085,444036,80158.0688641098,214.82362455581426,51,27,409,7850040,250,200,120,8,0.4399,2024
KSRTC-045,MANNARKKAD,Palakkad,2024-06,48,42,330857,449158,81082.4653841441,217.3010072295062,51,27,414,7940568,250,200,120,8,0.4412,2024
KSRTC-045,MANNARKKAD,Palakkad,2024-07,48,42,333080,452174,81627.25156230855,218.7610341869869,51,27,416,7993920,250,200,120,8,0.442,2024
KSRTC-045,MANNARKKAD,Palakkad,2024-08,48,42,330020,448021,80877.34346281094,216.75128048033335,51,27,413,7920480,250,200,120,8,0.4409,2024
KSRTC-045,MANNARKKAD,Palakkad,2024-09,46,40,321401,436320,78765.10231589267,211.09047420659238,51,27,402,7713624,250,200,120,8,0.4379,2024
KSRTC-045,MANNARKKAD,Palakkad,2024-10,48,42,332893,451921,81581.42384511702,218.63821590491364,51,27,416,7989432,250,200,120,8,0.4419,2024
KSRTC-045,MANNARKKAD,Palakkad,2024-11,47,42,328718,446254,80558.26491851489,215.89614998161994,51,27,411,7889232,250,200,120,8,0.4405,2024
KSRTC-045,MANNARKKAD,Palakkad,2024-12,47,40,322758,438162,79097.65960053915,211.9817277294449,51,27,403,7746192,250,200,120,8,0.4383,2024
KSRTC-045,MANNARKKAD,Palakkad,2025-01,47,41,327735,444919,80317.36306825145,215.2505330229139,51,27,410,7865640,250,200,120,8,0.4401,2025
KSRTC-045,MANNARKKAD,Palakkad,2025-02,46,40,321533,436499,78797.45129273373,211.1771694645264,51,27,402,7716792,250,200,120,8,0.4379,2025
KSRTC-045,MANNARKKAD,Palakkad,2025-03,47,40,323381,439008,79250.33696850877,212.39090307560352,51,27,404,7761144,250,200,120,8,0.4386,2025
KSRTC-045,MANNARKKAD,Palakkad,2025-04,46,40,319920,434309,78402.15659845607,210.1177796838623,51,27,400,7678080,250,200,120,8,0.4373,2025
KSRTC-045,MANNARKKAD,Palakkad,2025-05,48,42,332623,451554,81515.25548339664,218.460884695503,51,27,416,7982952,250,200,120,8,0.4418,2025
KSRTC-045,MANNARKKAD,Palakkad,2025-06,49,44,341601,463743,83715.47604460239,224.3574757995344,51,27,427,8198424,250,200,120,8,0.445,2025
KSRTC-045,MANNARKKAD,Palakkad,2025-07,47,41,328268,445643,80447.9843156476,215.60059796593558,51,27,410,7878432,250,200,120,8,0.4403,2025
KSRTC-045,MANNARKKAD,Palakkad,2025-08,47,41,325942,442485,79877.95613282686,214.072922435976,51,27,407,7822608,250,200,120,8,0.4395,2025
KSRTC-045,MANNARKKAD,Palakkad,2025-09,48,42,329798,447720,80822.9383653964,216.60547481926235,51,27,412,7915152,250,200,120,8,0.4408,2025
KSRTC-045,MANNARKKAD,Palakkad,2025-10,47,41,324800,440935,79598.0884695503,213.32287709839483,51,27,406,7795200,250,200,120,8,0.4391,2025
KSRTC-045,MANNARKKAD,Palakkad,2025-11,47,41,327230,444233,80193.6037250337,214.9188579830903,51,27,409,7853520,250,200,120,8,0.4399,2025
KSRTC-045,MANNARKKAD,Palakkad,2025-12,47,41,326240,442889,79950.98639872565,214.26864354858478,51,27,408,7829760,250,200,120,8,0.4396,2025
KSRTC-045,MANNARKKAD,Palakkad,2026-01,49,44,338618,459693,82984.4381815954,222.39829432667568,51,27,423,8126832,250,200,120,8,0.444,2026
KSRTC-045,MANNARKKAD,Palakkad,2026-02,46,40,320190,434676,78468.32496017645,210.29511089327292,51,27,400,7684560,250,200,120,8,0.4374,2026
KSRTC-045,MANNARKKAD,Palakkad,2026-03,46,39,318688,432636,78100.23281460606,209.30862394314426,51,27,398,7648512,250,200,120,8,0.4369,2026
KSRTC-046,MAVELIKKARA,Alappuzha,2021-04,43,35,216640,320662,53091.53290037986,142.28530817301805,51,27,271,5199360,250,200,120,8,0.5305,2021
KSRTC-046,MAVELIKKARA,Alappuzha,2021-05,45,38,245486,357356,60160.76461217988,161.2308491606421,51,27,307,5891664,250,200,120,8,0.5148,2021
KSRTC-046,MAVELIKKARA,Alappuzha,2021-06,45,38,240144,340428,58851.6113221419,157.7223183433403,51,27,300,5763456,250,200,120,8,0.5058,2021
KSRTC-046,MAVELIKKARA,Alappuzha,2021-07,45,38,247372,345699,60622.96287219704,162.46954049748808,51,27,309,5936928,250,200,120,8,0.4983,2021
KSRTC-046,MAVELIKKARA,Alappuzha,2021-08,45,38,245246,357918,60101.94829065066,161.07322141894377,51,27,307,5885904,250,200,120,8,0.5158,2021
KSRTC-046,MAVELIKKARA,Alappuzha,2021-09,44,36,229930,323440,56348.486705060655,151.01394436956255,51,27,287,5518320,250,200,120,8,0.506,2021
KSRTC-046,MAVELIKKARA,Alappuzha,2021-10,44,37,231707,343919,56783.97255238329,152.18104644038723,51,27,290,5560968,250,200,120,8,0.5267,2021
KSRTC-046,MAVELIKKARA,Alappuzha,2021-11,43,36,225043,336401,55150.839357921825,147.8042494792305,51,27,281,5401032,250,200,120,8,0.5317,2021
KSRTC-046,MAVELIKKARA,Alappuzha,2021-12,45,38,245390,350923,60137.23808356819,161.16779806396275,51,27,307,5889360,250,200,120,8,0.5078,2021
KSRTC-046,MAVELIKKARA,Alappuzha,2022-01,43,36,222840,317182,54610.95453988482,146.35735816689132,51,27,279,5348160,250,200,120,8,0.5129,2022
KSRTC-046,MAVELIKKARA,Alappuzha,2022-02,45,38,246059,360222,60301.18857983091,161.60718539394685,51,27,308,5905416,250,200,120,8,0.5169,2022
KSRTC-046,MAVELIKKARA,Alappuzha,2022-03,45,38,244696,366662,59967.16088714619,160.7119911775518,51,27,306,5872704,250,200,120,8,0.5267,2022
KSRTC-046,MAVELIKKARA,Alappuzha,2022-04,48,44,349027,562594,85535.35105991914,229.2347408405833,51,27,436,8376648,250,200,120,8,0.4954,2022
KSRTC-046,MAVELIKKARA,Alappuzha,2022-05,47,42,335273,561814,82164.68570028183,220.20135767675532,51,27,419,8046552,250,200,120,8,0.5164,2022
KSRTC-046,MAVELIKKARA,Alappuzha,2022-06,48,44,358030,577310,87741.69832128416,235.14775150104154,51,27,448,8592720,250,200,120,8,0.4934,2022
KSRTC-046,MAVELIKKARA,Alappuzha,2022-07,46,41,325432,526210,79752.97144957726,213.73796348486707,51,27,407,7810368,250,200,120,8,0.5031,2022
KSRTC-046,MAVELIKKARA,Alappuzha,2022-08,47,43,343834,568813,84262.71290283054,225.82407057958585,51,27,430,8252016,250,200,120,8,0.5083,2022
KSRTC-046,MAVELIKKARA,Alappuzha,2022-09,47,43,339005,538155,83079.27950006127,222.6524690601642,51,27,424,8136120,250,200,120,8,0.4913,2022
KSRTC-046,MAVELIKKARA,Alappuzha,2022-10,48,44,351157,547817,86057.345913491,230.63368704815588,51,27,439,8427768,250,200,120,8,0.4807,2022
KSRTC-046,MAVELIKKARA,Alappuzha,2022-11,47,42,333605,533629,81755.91226565372,219.105844871952,51,27,417,8006520,250,200,120,8,0.496,2022
KSRTC-046,MAVELIKKARA,Alappuzha,2022-12,47,42,337291,523497,82659.23293714006,221.52674427153536,51,27,422,8094984,250,200,120,8,0.482,2022
KSRTC-046,MAVELIKKARA,Alappuzha,2023-01,46,41,326463,542141,80005.63656414655,214.41510599191278,51,27,408,7835112,250,200,120,8,0.5147,2023
KSRTC-046,MAVELIKKARA,Alappuzha,2023-02,46,42,331131,518852,81149.61401788997,217.48096556794513,51,27,414,7947144,250,200,120,8,0.4878,2023
KSRTC-046,MAVELIKKARA,Alappuzha,2023-03,49,45,364990,590751,89447.37164563166,239.71895601029286,51,27,456,8759760,250,200,120,8,0.4934,2023
KSRTC-046,MAVELIKKARA,Alappuzha,2023-04,49,43,397718,591174,97467.9573581669,261.2141257198873,51,27,497,9545232,250,200,120,8,0.4403,2023
KSRTC-046,MAVELIKKARA,Alappuzha,2023-05,48,41,367432,559633,90045.82771719153,241.3228182820733,51,27,459,8818368,250,200,120,8,0.4579,2023
KSRTC-046,MAVELIKKARA,Alappuzha,2023-06,48,42,382380,580609,93709.10427643672,251.1403994608504,51,27,478,9177120,250,200,120,8,0.4527,2023
KSRTC-046,MAVELIKKARA,Alappuzha,2023-07,50,44,403395,594565,98859.20843033942,264.94267859330967,51,27,504,9681480,250,200,120,8,0.4356,2023
KSRTC-046,MAVELIKKARA,Alappuzha,2023-08,48,42,378471,562309,92751.13343952947,248.573037617939,51,27,473,9083304,250,200,120,8,0.4448,2023
KSRTC-046,MAVELIKKARA,Alappuzha,2023-09,48,42,377604,548204,92538.65947800515,248.00360740105384,51,27,472,9062496,250,200,120,8,0.4357,2023
KSRTC-046,MAVELIKKARA,Alappuzha,2023-10,49,43,397364,582238,97381.2032839113,260.9816248008823,51,27,497,9536736,250,200,120,8,0.4346,2023
KSRTC-046,MAVELIKKARA,Alappuzha,2023-11,46,38,338106,481436,82858.96336233304,222.06202181105257,51,27,423,8114544,250,200,120,8,0.4392,2023
KSRTC-046,MAVELIKKARA,Alappuzha,2023-12,50,45,417566,606996,102332.06714863375,274.2499399583385,51,27,522,10021584,250,200,120,8,0.4271,2023
KSRTC-046,MAVELIKKARA,Alappuzha,2024-01,49,43,397339,580850,97375.076583752,260.9652052444554,51,27,497,9536136,250,200,120,8,0.4337,2024
KSRTC-046,MAVELIKKARA,Alappuzha,2024-02,50,45,415163,596789,101743.1687293224,272.67169219458407,51,27,519,9963912,250,200,120,8,0.4232,2024
KSRTC-046,MAVELIKKARA,Alappuzha,2024-03,49,43,394129,574035,96588.40828329862,258.8569341992403,51,27,493,9459096,250,200,120,8,0.4329,2024
KSRTC-046,MAVELIKKARA,Alappuzha,2024-04,48,46,335281,455163,82166.6462443328,220.20661193481192,51,27,419,8046744,250,200,120,8,0.4428,2024
KSRTC-046,MAVELIKKARA,Alappuzha,2024-05,47,44,324184,440098,79447.1265776253,212.9182992280358,51,27,405,7780416,250,200,120,8,0.4388,2024
KSRTC-046,MAVELIKKARA,Alappuzha,2024-06,49,48,341504,463611,83691.70444798432,224.293767920598,51,27,427,8196096,250,200,120,8,0.445,2024
KSRTC-046,MAVELIKKARA,Alappuzha,2024-07,49,47,340272,461939,83389.7806641343,223.48461217987995,51,27,425,8166528,250,200,120,8,0.4445,2024
KSRTC-046,MAVELIKKARA,Alappuzha,2024-08,49,46,336977,457465,82582.28158313932,221.32051464281338,51,27,421,8087448,250,200,120,8,0.4434,2024
KSRTC-046,MAVELIKKARA,Alappuzha,2024-09,48,46,333869,453246,81820.61021933587,219.27923538782014,51,27,417,8012856,250,200,120,8,0.4423,2024
KSRTC-046,MAVELIKKARA,Alappuzha,2024-10,49,46,336485,456798,82461.70812400442,220.99737777233184,51,27,421,8075640,250,200,120,8,0.4432,2024
KSRTC-046,MAVELIKKARA,Alappuzha,2024-11,46,42,315448,428238,77306.21247396152,207.1806494302169,51,27,394,7570752,250,200,120,8,0.4357,2024
KSRTC-046,MAVELIKKARA,Alappuzha,2024-12,47,43,323111,438642,79184.16860678839,212.2135718661929,51,27,404,7754664,250,200,120,8,0.4385,2024
KSRTC-046,MAVELIKKARA,Alappuzha,2025-01,47,43,322391,437664,79007.71964220071,211.74068864109793,51,27,403,7737384,250,200,120,8,0.4382,2025
KSRTC-046,MAVELIKKARA,Alappuzha,2025-02,48,45,328891,446489,80600.6616836172,216.00977331209413,51,27,411,7893384,250,200,120,8,0.4405,2025
KSRTC-046,MAVELIKKARA,Alappuzha,2025-03,47,45,328642,446150,80539.63975003063,215.8462345300821,51,27,411,7887408,250,200,120,8,0.4404,2025
KSRTC-046,MAVELIKKARA,Alappuzha,2025-04,48,46,334755,454449,82037.74047298126,219.86114446758975,51,27,418,8034120,250,200,120,8,0.4426,2025
KSRTC-046,MAVELIKKARA,Alappuzha,2025-05,46,43,321768,436818,78855.0422742311,211.33151329493938,51,27,402,7722432,250,200,120,8,0.438,2025
KSRTC-046,MAVELIKKARA,Alappuzha,2025-06,48,45,330041,448049,80882.48989094474,216.7650729077319,51,27,413,7920984,250,200,120,8,0.4409,2025
KSRTC-046,MAVELIKKARA,Alappuzha,2025-07,45,41,311149,422402,76252.6651145693,204.35714250704572,51,27,389,7467576,250,200,120,8,0.4342,2025
KSRTC-046,MAVELIKKARA,Alappuzha,2025-08,50,49,346890,470923,85011.64073030266,227.83119715721116,51,27,434,8325360,250,200,120,8,0.4469,2025
KSRTC-046,MAVELIKKARA,Alappuzha,2025-09,47,45,328801,446367,80578.60556304375,215.95066290895724,51,27,411,7891224,250,200,120,8,0.4405,2025
KSRTC-046,MAVELIKKARA,Alappuzha,2025-10,48,45,329189,446893,80673.691949516,216.2054944247029,51,27,412,7900536,250,200,120,8,0.4406,2025
KSRTC-046,MAVELIKKARA,Alappuzha,2025-11,49,46,336063,456225,82358.28942531552,220.72021565984562,51,27,420,8065512,250,200,120,8,0.4431,2025
KSRTC-046,MAVELIKKARA,Alappuzha,2025-12,47,44,326330,443012,79973.04251929911,214.32775395172163,51,27,408,7831920,250,200,120,8,0.4396,2025
KSRTC-046,MAVELIKKARA,Alappuzha,2026-01,48,46,335177,455022,82141.15917167014,220.138306580076,51,27,419,8044248,250,200,120,8,0.4427,2026
KSRTC-046,MAVELIKKARA,Alappuzha,2026-02,47,44,324329,440296,79482.6614385492,213.01353265531188,51,27,405,7783896,250,200,120,8,0.4389,2026
KSRTC-046,MAVELIKKARA,Alappuzha,2026-03,49,48,342563,465049,83951.23146673202,224.98930033084181,51,27,428,8221512,250,200,120,8,0.4454,2026
KSRTC-047,MOOLAMATTOM,Idukki,2021-04,30,22,164936,128927,40420.53669893395,108.327038353143,51,27,206,3958464,250,200,120,8,0.298,2021
KSRTC-047,MOOLAMATTOM,Idukki,2021-05,29,22,159977,123155,39205.24445533636,105.07005514030145,51,27,200,3839448,250,200,120,8,0.2977,2021
KSRTC-047,MOOLAMATTOM,Idukki,2021-06,29,21,150437,123599,36867.29567454969,98.80435240779317,51,27,188,3610488,250,200,120,8,0.3181,2021
KSRTC-047,MOOLAMATTOM,Idukki,2021-07,30,22,168548,134639,41305.722337948784,110.69933586570274,51,27,211,4045152,250,200,120,8,0.3005,2021
KSRTC-047,MOOLAMATTOM,Idukki,2021-08,28,20,148065,117789,36285.99436343586,97.2464648940081,51,27,185,3553560,250,200,120,8,0.3126,2021
KSRTC-047,MOOLAMATTOM,Idukki,2021-09,28,20,145502,114502,35657.885063105015,95.56313196912144,51,27,182,3492048,250,200,120,8,0.312,2021
KSRTC-047,MOOLAMATTOM,Idukki,2021-10,30,23,171665,138341,42069.59931380959,112.74652616100971,51,27,215,4119960,250,200,120,8,0.3007,2021
KSRTC-047,MOOLAMATTOM,Idukki,2021-11,29,21,157266,128494,38540.86509006249,103.28951844136749,51,27,197,3774384,250,200,120,8,0.3124,2021
KSRTC-047,MOOLAMATTOM,Idukki,2021-12,29,21,158367,127757,38810.68496507781,104.01263570640853,51,27,198,3800808,250,200,120,8,0.3088,2021
KSRTC-047,MOOLAMATTOM,Idukki,2022-01,29,21,158261,133900,38784.7077564024,103.94301678715844,51,27,198,3798264,250,200,120,8,0.3197,2022
KSRTC-047,MOOLAMATTOM,Idukki,2022-02,29,21,151672,121959,37169.95466241882,99.61547849528246,51,27,190,3640128,250,200,120,8,0.3125,2022
KSRTC-047,MOOLAMATTOM,Idukki,2022-03,28,20,146343,111656,35863.98725646367,96.11548584732263,51,27,183,3512232,250,200,120,8,0.3048,2022
KSRTC-047,MOOLAMATTOM,Idukki,2022-04,30,27,214744,210608,52626.88396029898,141.0400490136013,51,27,268,5153856,250,200,120,8,0.2855,2022
KSRTC-047,MOOLAMATTOM,Idukki,2022-05,31,29,228759,232911,56061.51206959932,150.24485234652616,51,27,286,5490216,250,200,120,8,0.2873,2022
KSRTC-047,MOOLAMATTOM,Idukki,2022-06,30,28,218851,211678,53633.378262467835,143.73745374341382,51,27,274,5252424,250,200,120,8,0.2792,2022
KSRTC-047,MOOLAMATTOM,Idukki,2022-07,32,30,246194,232291,60334.27276069109,161.69585099865213,51,27,308,5908656,250,200,120,8,0.2574,2022
KSRTC-047,MOOLAMATTOM,Idukki,2022-08,31,28,223576,216764,54791.32459257444,146.8407499080995,51,27,279,5365824,250,200,120,8,0.277,2022
KSRTC-047,MOOLAMATTOM,Idukki,2022-09,31,28,223461,214587,54763.14177184169,146.76521994853576,51,27,279,5363064,250,200,120,8,0.2746,2022
KSRTC-047,MOOLAMATTOM,Idukki,2022-10,31,28,226227,222994,55440.999877466,148.58187967160887,51,27,283,5429448,250,200,120,8,0.2799,2022
KSRTC-047,MOOLAMATTOM,Idukki,2022-11,30,28,216864,218832,53146.42813380714,142.43242739860315,51,27,271,5204736,250,200,120,8,0.2919,2022
KSRTC-047,MOOLAMATTOM,Idukki,2022-12,31,28,226366,210835,55475.06433035168,148.6731724053425,51,27,283,5432784,250,200,120,8,0.2649,2022
KSRTC-047,MOOLAMATTOM,Idukki,2023-01,31,28,226191,223619,55432.17742923662,148.55823551035414,51,27,283,5428584,250,200,120,8,0.2807,2023
KSRTC-047,MOOLAMATTOM,Idukki,2023-02,30,28,219150,213793,53706.653596373,143.93383163827963,51,27,274,5259600,250,200,120,8,0.2813,2023
KSRTC-047,MOOLAMATTOM,Idukki,2023-03,31,29,229618,228248,56272.025487072664,150.80902830535476,51,27,287,5510832,250,200,120,8,0.2802,2023
KSRTC-047,MOOLAMATTOM,Idukki,2023-04,30,26,236733,225355,58015.6843524078,155.48203406445293,51,27,296,5681592,250,200,120,8,0.2423,2023
KSRTC-047,MOOLAMATTOM,Idukki,2023-05,31,28,264302,256268,64771.96422007107,173.58886410979048,51,27,330,6343248,250,200,120,8,0.2305,2023
KSRTC-047,MOOLAMATTOM,Idukki,2023-06,31,27,261386,248087,64057.34591349099,171.67368704815587,51,27,327,6273264,250,200,120,8,0.2265,2023
KSRTC-047,MOOLAMATTOM,Idukki,2023-07,31,27,251544,232554,61645.38659478005,165.20963607401055,51,27,314,6037056,250,200,120,8,0.2255,2023
KSRTC-047,MOOLAMATTOM,Idukki,2023-08,30,26,240799,236875,59012.130866315405,158.1525107217253,51,27,301,5779176,250,200,120,8,0.2484,2023
KSRTC-047,MOOLAMATTOM,Idukki,2023-09,32,29,275420,253825,67496.63031491239,180.8909692439652,51,27,344,6610080,250,200,120,8,0.2113,2023
KSRTC-047,MOOLAMATTOM,Idukki,2023-10,31,27,250873,248077,61480.9459625046,164.76893517951234,51,27,314,6020952,250,200,120,8,0.2436,2023
KSRTC-047,MOOLAMATTOM,Idukki,2023-11,31,27,254765,236189,62434.75064330352,167.32513172405345,51,27,318,6114360,250,200,120,8,0.2243,2023
KSRTC-047,MOOLAMATTOM,Idukki,2023-12,30,26,246681,241825,60453.62087979414,162.0157039578483,51,27,308,5920344,250,200,120,8,0.2438,2023
KSRTC-047,MOOLAMATTOM,Idukki,2024-01,31,27,253147,249829,62038.230608993996,166.26245803210392,51,27,316,6075528,250,200,120,8,0.2417,2024
KSRTC-047,MOOLAMATTOM,Idukki,2024-02,32,29,279308,268218,68449.45472368582,183.444538659478,51,27,349,6703392,250,200,120,8,0.2199,2024
KSRTC-047,MOOLAMATTOM,Idukki,2024-03,32,28,270756,249605,66353.63313319447,177.8277367969612,51,27,338,6498144,250,200,120,8,0.2138,2024
KSRTC-047,MOOLAMATTOM,Idukki,2024-04,32,29,222547,302120,54539.14961401789,146.16492096556797,51,27,278,5341128,250,200,120,8,0.4028,2024
KSRTC-047,MOOLAMATTOM,Idukki,2024-05,32,28,219411,297863,53770.616346036026,144.10525180737656,51,27,274,5265864,250,200,120,8,0.4017,2024
KSRTC-047,MOOLAMATTOM,Idukki,2024-06,31,27,213416,289724,52301.43364783728,140.16784217620392,51,27,267,5121984,250,200,120,8,0.3996,2024
KSRTC-047,MOOLAMATTOM,Idukki,2024-07,31,27,216843,294376,53141.281705673326,142.41863497120454,51,27,271,5204232,250,200,120,8,0.4008,2024
KSRTC-047,MOOLAMATTOM,Idukki,2024-08,31,27,215458,292497,52801.86251684843,141.5089915451538,51,27,269,5170992,250,200,120,8,0.4003,2024
KSRTC-047,MOOLAMATTOM,Idukki,2024-09,32,28,218961,297252,53660.33574316873,143.80969979169222,51,27,274,5255064,250,200,120,8,0.4015,2024
KSRTC-047,MOOLAMATTOM,Idukki,2024-10,31,27,214537,291247,52576.15488298003,140.9040950863865,51,27,268,5148888,250,200,120,8,0.4,2024
KSRTC-047,MOOLAMATTOM,Idukki,2024-11,32,29,223800,303821,54846.21982600172,146.9878691336846,51,27,280,5371200,250,200,120,8,0.4032,2024
KSRTC-047,MOOLAMATTOM,Idukki,2024-12,33,30,226576,307589,55526.52861168975,148.81109667932853,51,27,283,5437824,250,200,120,8,0.4042,2024
KSRTC-047,MOOLAMATTOM,Idukki,2025-01,31,28,217632,295448,53334.64036270065,142.93683617203777,51,27,272,5223168,250,200,120,8,0.4011,2025
KSRTC-047,MOOLAMATTOM,Idukki,2025-02,32,29,224146,304291,54931.01335620635,147.21511579463302,51,27,280,5379504,250,200,120,8,0.4034,2025
KSRTC-047,MOOLAMATTOM,Idukki,2025-03,30,26,209339,284189,51302.29138585958,137.49014091410368,51,27,262,5024136,250,200,120,8,0.3981,2025
KSRTC-047,MOOLAMATTOM,Idukki,2025-04,32,28,221301,300428,54233.79487807867,145.34657027325085,51,27,277,5311224,250,200,120,8,0.4024,2025
KSRTC-047,MOOLAMATTOM,Idukki,2025-05,31,27,214267,290880,52509.98652125965,140.72676387697587,51,27,268,5142408,250,200,120,8,0.3999,2025
KSRTC-047,MOOLAMATTOM,Idukki,2025-06,33,29,225399,305992,55238.08356819017,148.03806396274967,51,27,282,5409576,250,200,120,8,0.4038,2025
KSRTC-047,MOOLAMATTOM,Idukki,2025-07,32,28,220678,299583,54081.117510109056,144.93739492709227,51,27,276,5296272,250,200,120,8,0.4021,2025
KSRTC-047,MOOLAMATTOM,Idukki,2025-08,32,28,220795,299742,54109.79046685455,145.0142384511702,51,27,276,5299080,250,200,120,8,0.4022,2025
KSRTC-047,MOOLAMATTOM,Idukki,2025-09,30,26,210488,285749,51583.87452518074,138.24478372748442,51,27,263,5051712,250,200,120,8,0.3985,2025
KSRTC-047,MOOLAMATTOM,Idukki,2025-10,31,27,215223,292177,52744.271535351065,141.35464771474085,51,27,269,5165352,250,200,120,8,0.4002,2025
KSRTC-047,MOOLAMATTOM,Idukki,2025-11,31,28,217078,294696,53198.87268717069,142.57297880161747,51,27,271,5209872,250,200,120,8,0.4009,2025
KSRTC-047,MOOLAMATTOM,Idukki,2025-12,33,30,227628,309018,55784.34015439285,149.50203161377286,51,27,285,5463072,250,200,120,8,0.4046,2025
KSRTC-047,MOOLAMATTOM,Idukki,2026-01,31,27,213215,289452,52252.174978556555,140.03582894253157,51,27,267,5117160,250,200,120,8,0.3995,2026
KSRTC-047,MOOLAMATTOM,Idukki,2026-02,31,28,217369,295090,53270.187477024876,142.76410243842668,51,27,272,5216856,250,200,120,8,0.401,2026
KSRTC-047,MOOLAMATTOM,Idukki,2026-03,32,28,219217,297600,53723.0731527999,143.97783604950374,51,27,274,5261208,250,200,120,8,0.4016,2026
KSRTC-048,MOOVATTUPUZHA,Ernakulam,2021-04,49,38,252703,342139,61929.42041416493,165.97084670996202,51,27,316,6064872,250,200,120,8,0.5075,2021
KSRTC-048,MOOVATTUPUZHA,Ernakulam,2021-05,52,41,279089,367478,68395.7848302904,183.30070334517828,51,27,349,6698136,250,200,120,8,0.4917,2021
KSRTC-048,MOOVATTUPUZHA,Ernakulam,2021-06,52,41,281482,387601,68982.23256953806,184.87238328636198,51,27,352,6755568,250,200,120,8,0.5077,2021
KSRTC-048,MOOVATTUPUZHA,Ernakulam,2021-07,50,38,258898,335393,63447.61671363804,170.03961279254995,51,27,324,6213552,250,200,120,8,0.4901,2021
KSRTC-048,MOOVATTUPUZHA,Ernakulam,2021-08,49,38,251129,338213,61543.68337213577,164.93707143732388,51,27,314,6027096,250,200,120,8,0.506,2021
KSRTC-048,MOOVATTUPUZHA,Ernakulam,2021-09,50,38,259176,365598,63515.74561940939,170.22219826001717,51,27,324,6220224,250,200,120,8,0.5215,2021
KSRTC-048,MOOVATTUPUZHA,Ernakulam,2021-10,49,37,242476,323718,59423.10991300086,159.2539345668423,51,27,303,5819424,250,200,120,8,0.505,2021
KSRTC-048,MOOVATTUPUZHA,Ernakulam,2021-11,51,39,268771,360903,65867.17314054651,176.52402401666467,51,27,336,6450504,250,200,120,8,0.5009,2021
KSRTC-048,MOOVATTUPUZHA,Ernakulam,2021-12,51,40,272088,361165,66680.06371768167,178.70257076338686,51,27,340,6530112,250,200,120,8,0.496,2021
KSRTC-048,MOOVATTUPUZHA,Ernakulam,2022-01,51,40,270762,362212,66355.10354123269,177.8316774905036,51,27,338,6498288,250,200,120,8,0.4991,2022
KSRTC-048,MOOVATTUPUZHA,Ernakulam,2022-02,50,39,265150,342677,64979.78188947433,174.14581546379122,51,27,331,6363600,250,200,120,8,0.4878,2022
KSRTC-048,MOOVATTUPUZHA,Ernakulam,2022-03,49,38,253632,332231,62157.08859208431,166.58099742678596,51,27,317,6087168,250,200,120,8,0.4953,2022
KSRTC-048,MOOVATTUPUZHA,Ernakulam,2022-04,50,47,356319,547614,87322.38696238206,234.02399705918396,51,27,445,8551656,250,200,120,8,0.4912,2022
KSRTC-048,MOOVATTUPUZHA,Ernakulam,2022-05,51,48,363599,561108,89106.48204876854,238.8053718906997,51,27,455,8726376,250,200,120,8,0.4913,2022
KSRTC-048,MOOVATTUPUZHA,Ernakulam,2022-06,50,46,344995,530293,84547.23685822816,226.58659478005148,51,27,431,8279880,250,200,120,8,0.4939,2022
KSRTC-048,MOOVATTUPUZHA,Ernakulam,2022-07,50,46,345623,532745,84701.13956622963,226.99905403749543,51,27,432,8294952,250,200,120,8,0.4949,2022
KSRTC-048,MOOVATTUPUZHA,Ernakulam,2022-08,52,50,387262,588752,94905.52628354369,254.3468104398971,51,27,484,9294288,250,200,120,8,0.4804,2022
KSRTC-048,MOOVATTUPUZHA,Ernakulam,2022-09,51,48,367079,557092,89959.31871094229,241.09097414532533,51,27,459,8809896,250,200,120,8,0.4836,2022
KSRTC-048,MOOVATTUPUZHA,Ernakulam,2022-10,49,44,329291,502064,80698.68888616591,216.27248621492467,51,27,412,7902984,250,200,120,8,0.4945,2022
KSRTC-048,MOOVATTUPUZHA,Ernakulam,2022-11,51,48,361041,557226,88479.59808846956,237.12532287709843,51,27,451,8664984,250,200,120,8,0.4919,2022
KSRTC-048,MOOVATTUPUZHA,Ernakulam,2022-12,51,49,372677,598551,91331.20941061145,244.7676412204387,51,27,466,8944248,250,200,120,8,0.5067,2022
KSRTC-048,MOOVATTUPUZHA,Ernakulam,2023-01,50,47,357990,533298,87731.89560102929,235.1214802107585,51,27,448,8591760,250,200,120,8,0.4779,2023
KSRTC-048,MOOVATTUPUZHA,Ernakulam,2023-02,50,47,351842,553039,86225.21749785566,231.08358289425317,51,27,440,8444208,250,200,120,8,0.5018,2023
KSRTC-048,MOOVATTUPUZHA,Ernakulam,2023-03,53,52,404527,623408,99136.62541355226,265.68615610832006,51,27,506,9708648,250,200,120,8,0.4831,2023
KSRTC-048,MOOVATTUPUZHA,Ernakulam,2023-04,54,40,396307,625091,97122.16640117634,260.28740595515256,51,27,495,9511368,250,200,120,8,0.5047,2023
KSRTC-048,MOOVATTUPUZHA,Ernakulam,2023-05,54,40,398749,617900,97720.62247273618,261.891268226933,51,27,498,9569976,250,200,120,8,0.4967,2023
KSRTC-048,MOOVATTUPUZHA,Ernakulam,2023-06,55,41,411455,676284,100834.45656169587,270.23634358534497,51,27,514,9874920,250,200,120,8,0.5205,2023
KSRTC-048,MOOVATTUPUZHA,Ernakulam,2023-07,52,38,367539,580989,90072.0499938733,241.39309398358046,51,27,459,8820936,250,200,120,8,0.5112,2023
KSRTC-048,MOOVATTUPUZHA,Ernakulam,2023-08,56,41,416329,645442,102028.91802475187,273.43750030633504,51,27,520,9991896,250,200,120,8,0.4942,2023
KSRTC-048,MOOVATTUPUZHA,Ernakulam,2023-09,52,37,367086,576058,89961.03418698689,241.09557162112486,51,27,459,8810064,250,200,120,8,0.5081,2023
KSRTC-048,MOOVATTUPUZHA,Ernakulam,2023-10,52,37,367419,573924,90042.64183310869,241.3142801127313,51,27,459,8818056,250,200,120,8,0.506,2023
KSRTC-048,MOOVATTUPUZHA,Ernakulam,2023-11,52,37,359415,531551,88081.11751010906,236.0573949270923,51,27,449,8625960,250,200,120,8,0.485,2023
KSRTC-048,MOOVATTUPUZHA,Ernakulam,2023-12,54,39,385470,584955,94466.36441612548,253.1698566352163,51,27,482,9251280,250,200,120,8,0.4903,2023
KSRTC-048,MOOVATTUPUZHA,Ernakulam,2024-01,55,40,403599,621918,98909.20230363926,265.0766621737533,51,27,505,9686376,250,200,120,8,0.4936,2024
KSRTC-048,MOOVATTUPUZHA,Ernakulam,2024-02,52,37,366095,586493,89718.17179267247,240.44470040436224,51,27,458,8786280,250,200,120,8,0.5173,2024
KSRTC-048,MOOVATTUPUZHA,Ernakulam,2024-03,53,39,380857,575041,93335.86570273251,250.14012008332313,51,27,476,9140568,250,200,120,8,0.4891,2024
KSRTC-048,MOOVATTUPUZHA,Ernakulam,2024-04,49,45,338867,460031,83045.46011518197,222.5618331086877,51,27,424,8132808,250,200,120,8,0.4441,2024
KSRTC-048,MOOVATTUPUZHA,Ernakulam,2024-05,49,46,340957,462869,83557.65224849897,223.93450802597724,51,27,426,8182968,250,200,120,8,0.4448,2024
KSRTC-048,MOOVATTUPUZHA,Ernakulam,2024-06,48,44,333834,453199,81812.03283911286,219.25624800882247,51,27,417,8012016,250,200,120,8,0.4423,2024
KSRTC-048,MOOVATTUPUZHA,Ernakulam,2024-07,49,46,341788,463997,83761.3037617939,224.48029408160767,51,27,427,8202912,250,200,120,8,0.4451,2024
KSRTC-048,MOOVATTUPUZHA,Ernakulam,2024-08,49,46,340867,462747,83535.5961279255,223.87539762284035,51,27,426,8180808,250,200,120,8,0.4448,2024
KSRTC-048,MOOVATTUPUZHA,Ernakulam,2024-09,49,45,340708,462531,83496.6303149124,223.77096924396525,51,27,426,8176992,250,200,120,8,0.4447,2024
KSRTC-048,MOOVATTUPUZHA,Ernakulam,2024-10,49,45,340729,462559,83501.7767430462,223.7847616713638,51,27,426,8177496,250,200,120,8,0.4447,2024
KSRTC-048,MOOVATTUPUZHA,Ernakulam,2024-11,48,44,332623,451554,81515.25548339664,218.460884695503,51,27,416,7982952,250,200,120,8,0.4418,2024
KSRTC-048,MOOVATTUPUZHA,Ernakulam,2024-12,48,44,333287,452456,81677.9806396275,218.8969881142017,51,27,417,7998888,250,200,120,8,0.4421,2024
KSRTC-048,MOOVATTUPUZHA,Ernakulam,2025-01,50,46,344419,467568,84406.07768655803,226.20828819997553,51,27,431,8266056,250,200,120,8,0.446,2025
KSRTC-048,MOOVATTUPUZHA,Ernakulam,2025-02,51,48,350074,475246,85791.93726259038,229.92239186374223,51,27,438,8401776,250,200,120,8,0.448,2025
KSRTC-048,MOOVATTUPUZHA,Ernakulam,2025-03,50,47,348766,473470,85471.3883102561,229.06332067148634,51,27,436,8370384,250,200,120,8,0.4476,2025
KSRTC-048,MOOVATTUPUZHA,Ernakulam,2025-04,50,46,344869,468179,84516.35828942532,226.50384021565986,51,27,431,8276856,250,200,120,8,0.4462,2025
KSRTC-048,MOOVATTUPUZHA,Ernakulam,2025-05,51,48,353563,479982,86646.97953682147,232.21390515868157,51,27,442,8485512,250,200,120,8,0.4493,2025
KSRTC-048,MOOVATTUPUZHA,Ernakulam,2025-06,47,42,325181,441452,79691.45937997795,213.57311113834092,51,27,407,7804344,250,200,120,8,0.4392,2025
KSRTC-048,MOOVATTUPUZHA,Ernakulam,2025-07,49,45,337732,458490,82767.30792795001,221.81638524690604,51,27,422,8105568,250,200,120,8,0.4436,2025
KSRTC-048,MOOVATTUPUZHA,Ernakulam,2025-08,48,43,328912,446517,80605.80811175102,216.02356573949274,51,27,411,7893888,250,200,120,8,0.4405,2025
KSRTC-048,MOOVATTUPUZHA,Ernakulam,2025-09,48,44,332823,451827,81564.269084671,218.5922411469183,51,27,416,7987752,250,200,120,8,0.4419,2025
KSRTC-048,MOOVATTUPUZHA,Ernakulam,2025-10,47,43,327465,444553,80251.19470653107,215.0732018135033,51,27,409,7859160,250,200,120,8,0.44,2025
KSRTC-048,MOOVATTUPUZHA,Ernakulam,2025-11,50,47,346959,471017,85028.55042274232,227.87651513294944,51,27,434,8327016,250,200,120,8,0.4469,2025
KSRTC-048,MOOVATTUPUZHA,Ernakulam,2025-12,49,45,338472,459495,82948.65825266512,222.30240411714252,51,27,423,8123328,250,200,120,8,0.4439,2025
KSRTC-048,MOOVATTUPUZHA,Ernakulam,2026-01,49,46,341394,463461,83664.74696728343,224.2215218723196,51,27,427,8193456,250,200,120,8,0.4449,2026
KSRTC-048,MOOVATTUPUZHA,Ernakulam,2026-02,52,50,360285,489108,88294.3266756525,236.6287954907487,51,27,450,8646840,250,200,120,8,0.4516,2026
KSRTC-048,MOOVATTUPUZHA,Ernakulam,2026-03,50,47,349244,474118,85588.5308173018,229.37726259036884,51,27,437,8381856,250,200,120,8,0.4477,2026
KSRTC-049,MUNNAR,Idukki,2021-04,29,21,152547,121752,37384.38916799412,100.19016297022425,51,27,191,3661128,250,200,120,8,0.3102,2021
KSRTC-049,MUNNAR,Idukki,2021-05,29,21,156019,127076,38235.2652861169,102.47051096679328,51,27,195,3744456,250,200,120,8,0.3125,2021
KSRTC-049,MUNNAR,Idukki,2021-06,29,22,159188,131883,39011.885798309035,104.55185393946822,51,27,199,3820512,250,200,120,8,0.3143,2021
KSRTC-049,MUNNAR,Idukki,2021-07,29,22,160053,128351,39223.86962382061,105.11997059183925,51,27,200,3841272,250,200,120,8,0.3065,2021
KSRTC-049,MUNNAR,Idukki,2021-08,30,22,168184,137340,41216.51758362946,110.46026712412696,51,27,210,4036416,250,200,120,8,0.3056,2021
KSRTC-049,MUNNAR,Idukki,2021-09,29,21,155119,122758,38014.70408038231,101.8794069354246,51,27,194,3722856,250,200,120,8,0.3067,2021
KSRTC-049,MUNNAR,Idukki,2021-10,30,22,164025,135002,40197.27974512928,107.72870971694647,51,27,205,3936600,250,200,120,8,0.3098,2021
KSRTC-049,MUNNAR,Idukki,2021-11,29,21,152731,127361,37429.48168116652,100.31101090552629,51,27,191,3665544,250,200,120,8,0.3199,2021
KSRTC-049,MUNNAR,Idukki,2021-12,28,20,141269,115990,34620.51219213332,92.7829726749173,51,27,177,3390456,250,200,120,8,0.3244,2021
KSRTC-049,MUNNAR,Idukki,2022-01,29,21,157831,129865,38679.32851366254,103.66060041661562,51,27,197,3787944,250,200,120,8,0.3136,2022
KSRTC-049,MUNNAR,Idukki,2022-02,31,23,174751,147189,42825.87918147286,114.77335620634727,51,27,218,4194024,250,200,120,8,0.309,2022
KSRTC-049,MUNNAR,Idukki,2022-03,28,20,139321,111005,34143.11971572111,91.50356083813259,51,27,174,3343704,250,200,120,8,0.3192,2022
KSRTC-049,MUNNAR,Idukki,2022-04,31,29,229322,224635,56199.48535718662,150.61462075726016,51,27,287,5503728,250,200,120,8,0.2764,2022
KSRTC-049,MUNNAR,Idukki,2022-05,31,29,233118,223823,57129.76350937386,153.10776620512195,51,27,291,5594832,250,200,120,8,0.269,2022
KSRTC-049,MUNNAR,Idukki,2022-06,31,28,224538,218721,55027.080014704086,147.47257443940694,51,27,281,5388912,250,200,120,8,0.2777,2022
KSRTC-049,MUNNAR,Idukki,2022-07,31,28,224792,225944,55089.327288322515,147.63939713270435,51,27,281,5395008,250,200,120,8,0.2861,2022
KSRTC-049,MUNNAR,Idukki,2022-08,31,28,224804,217176,55092.26810439897,147.64727851978924,51,27,281,5395296,250,200,120,8,0.2754,2022
KSRTC-049,MUNNAR,Idukki,2022-09,31,29,237041,228771,58091.1652983703,155.68432299963243,51,27,296,5688984,250,200,120,8,0.2682,2022
KSRTC-049,MUNNAR,Idukki,2022-10,30,28,217596,202968,53325.81791447127,142.913192010783,51,27,272,5222304,250,200,120,8,0.2706,2022
KSRTC-049,MUNNAR,Idukki,2022-11,31,29,230887,224799,56583.01678715844,151.64248498958463,51,27,289,5541288,250,200,120,8,0.2739,2022
KSRTC-049,MUNNAR,Idukki,2022-12,30,28,216866,207036,53146.91826981988,142.4337409631173,51,27,271,5204784,250,200,120,8,0.277,2022
KSRTC-049,MUNNAR,Idukki,2023-01,30,27,213472,217491,52315.157456194094,140.2046219826002,51,27,267,5123328,250,200,120,8,0.2967,2023
KSRTC-049,MUNNAR,Idukki,2023-02,31,28,225588,212035,55284.40142139444,148.1621958093371,51,27,282,5414112,250,200,120,8,0.2677,2023
KSRTC-049,MUNNAR,Idukki,2023-03,31,28,221977,215090,54399.460850385985,145.79055507903445,51,27,277,5327448,250,200,120,8,0.2778,2023
KSRTC-049,MUNNAR,Idukki,2023-04,31,27,257797,249482,63177.79683862272,169.3164955275089,51,27,322,6187128,250,200,120,8,0.2337,2023
KSRTC-049,MUNNAR,Idukki,2023-05,30,25,235101,228427,57615.73336600907,154.41016542090432,51,27,294,5642424,250,200,120,8,0.2488,2023
KSRTC-049,MUNNAR,Idukki,2023-06,31,28,263305,258605,64527.63141771842,172.93405219948536,51,27,329,6319320,250,200,120,8,0.2345,2023
KSRTC-049,MUNNAR,Idukki,2023-07,31,28,266926,248517,65415.022668790596,175.31226075235878,51,27,334,6406224,250,200,120,8,0.2184,2023
KSRTC-049,MUNNAR,Idukki,2023-08,30,26,242537,226985,59438.05906138954,159.29399828452398,51,27,303,5820888,250,200,120,8,0.2342,2023
KSRTC-049,MUNNAR,Idukki,2023-09,30,27,250511,238834,61392.231344198015,164.53118000245067,51,27,313,6012264,250,200,120,8,0.2341,2023
KSRTC-049,MUNNAR,Idukki,2023-10,32,30,287225,273268,70389.65813013111,188.64428378875138,51,27,359,6893400,250,200,120,8,0.2134,2023
KSRTC-049,MUNNAR,Idukki,2023-11,31,28,265200,260646,64992.03528979292,174.17865457664502,51,27,332,6364800,250,200,120,8,0.2336,2023
KSRTC-049,MUNNAR,Idukki,2023-12,31,28,262954,247638,64441.61254748193,172.70352162725158,51,27,329,6310896,250,200,120,8,0.2236,2023
KSRTC-049,MUNNAR,Idukki,2024-01,31,28,267776,254144,65623.3304742066,175.8705256708737,51,27,335,6426624,250,200,120,8,0.2229,2024
KSRTC-049,MUNNAR,Idukki,2024-02,31,27,253231,242197,62058.81632152923,166.31762774169835,51,27,317,6077544,250,200,120,8,0.2333,2024
KSRTC-049,MUNNAR,Idukki,2024-03,30,25,233151,221435,57137.85075358412,153.12944001960545,51,27,291,5595624,250,200,120,8,0.2441,2024
KSRTC-049,MUNNAR,Idukki,2024-04,32,28,220712,299630,54089.449822325696,144.95972552383287,51,27,276,5297088,250,200,120,8,0.4022,2024
KSRTC-049,MUNNAR,Idukki,2024-05,32,28,220193,298925,53962.25952701875,144.61885553241027,51,27,275,5284632,250,200,120,8,0.402,2024
KSRTC-049,MUNNAR,Idukki,2024-06,32,29,224215,304385,54947.923048646,147.2604337703713,51,27,280,5381160,250,200,120,8,0.4034,2024
KSRTC-049,MUNNAR,Idukki,2024-07,31,27,214842,291660,52650.900624923415,141.10441367479476,51,27,269,5156208,250,200,120,8,0.4001,2024
KSRTC-049,MUNNAR,Idukki,2024-08,31,27,215057,291952,52703.59024629335,141.2456218600662,51,27,269,5161368,250,200,120,8,0.4001,2024
KSRTC-049,MUNNAR,Idukki,2024-09,31,27,214558,291275,52581.301311113835,140.9178875137851,51,27,268,5149392,250,200,120,8,0.4,2024
KSRTC-049,MUNNAR,Idukki,2024-10,31,27,216157,293446,52973.16505330229,141.96808234285015,51,27,270,5187768,250,200,120,8,0.4005,2024
KSRTC-049,MUNNAR,Idukki,2024-11,31,27,215050,291942,52701.874770248745,141.24102438426664,51,27,269,5161200,250,200,120,8,0.4001,2024
KSRTC-049,MUNNAR,Idukki,2024-12,31,27,215112,292027,52717.0689866438,141.28174488420538,51,27,269,5162688,250,200,120,8,0.4002,2024
KSRTC-049,MUNNAR,Idukki,2025-01,32,28,220117,298821,53943.634358534495,144.56894008087244,51,27,275,5282808,250,200,120,8,0.4019,2025
KSRTC-049,MUNNAR,Idukki,2025-02,33,30,227206,308445,55680.92145570396,149.22486950128663,51,27,284,5452944,250,200,120,8,0.4045,2025
KSRTC-049,MUNNAR,Idukki,2025-03,32,28,219446,297910,53779.193726259036,144.12823918637423,51,27,274,5266704,250,200,120,8,0.4017,2025
KSRTC-049,MUNNAR,Idukki,2025-04,33,30,227192,308426,55677.490503614754,149.21567454968755,51,27,284,5452608,250,200,120,8,0.4045,2025
KSRTC-049,MUNNAR,Idukki,2025-05,32,29,224146,304291,54931.01335620635,147.21511579463302,51,27,280,5379504,250,200,120,8,0.4034,2025
KSRTC-049,MUNNAR,Idukki,2025-06,32,28,221301,300428,54233.79487807867,145.34657027325085,51,27,277,5311224,250,200,120,8,0.4024,2025
KSRTC-049,MUNNAR,Idukki,2025-07,32,28,218919,297196,53650.042886901116,143.782114936895,51,27,274,5254056,250,200,120,8,0.4015,2025
KSRTC-049,MUNNAR,Idukki,2025-08,32,29,221868,301199,54372.748437691465,145.71896581301314,51,27,277,5324832,250,200,120,8,0.4026,2025
KSRTC-049,MUNNAR,Idukki,2025-09,30,26,210301,285495,51538.046807989216,138.1219654454111,51,27,263,5047224,250,200,120,8,0.3985,2025
KSRTC-049,MUNNAR,Idukki,2025-10,31,27,216780,294292,53125.842421271904,142.37725768900873,51,27,271,5202720,250,200,120,8,0.4008,2025
KSRTC-049,MUNNAR,Idukki,2025-11,32,29,222028,301415,54411.95931871094,145.82405097414534,51,27,278,5328672,250,200,120,8,0.4026,2025
KSRTC-049,MUNNAR,Idukki,2025-12,32,28,221155,300231,54198.01494914839,145.2506800637177,51,27,276,5307720,250,200,120,8,0.4023,2025
KSRTC-049,MUNNAR,Idukki,2026-01,31,26,211706,287403,51882.367356941555,139.04474451660337,51,27,265,5080944,250,200,120,8,0.399,2026
KSRTC-049,MUNNAR,Idukki,2026-02,31,27,213035,289207,52208.06273740964,139.91760813625783,51,27,266,5112840,250,200,120,8,0.3994,2026
KSRTC-049,MUNNAR,Idukki,2026-03,31,27,214226,290824,52499.93873299841,140.69983580443574,51,27,268,5141424,250,200,120,8,0.3999,2026
KSRTC-050,NEDUMANGAD,Thiruvananthapuram,2021-04,54,51,235364,436351,57680.18625168485,154.58289915451542,51,27,294,5648736,250,200,120,8,0.6791,2021
KSRTC-050,NEDUMANGAD,Thiruvananthapuram,2021-05,57,55,259421,449182,63575.78728097047,170.38310991300088,51,27,324,6226104,250,200,120,8,0.6414,2021
KSRTC-050,NEDUMANGAD,Thiruvananthapuram,2021-06,55,53,245426,436805,60146.06053179758,161.19144222521751,51,27,307,5890224,250,200,120,8,0.6569,2021
KSRTC-050,NEDUMANGAD,Thiruvananthapuram,2021-07,58,58,277337,517931,67966.42568312708,182.1500208307806,51,27,347,6656088,250,200,120,8,0.6763,2021
KSRTC-050,NEDUMANGAD,Thiruvananthapuram,2021-08,56,55,257000,464585,62982.47763754442,168.79304006861906,51,27,321,6168000,250,200,120,8,0.6627,2021
KSRTC-050,NEDUMANGAD,Thiruvananthapuram,2021-09,54,52,237141,412022,58115.672099007475,155.75000122534004,51,27,296,5691384,250,200,120,8,0.6468,2021
KSRTC-050,NEDUMANGAD,Thiruvananthapuram,2021-10,57,55,258431,474999,63333.16995466242,169.73289547849532,51,27,323,6202344,250,200,120,8,0.6707,2021
KSRTC-050,NEDUMANGAD,Thiruvananthapuram,2021-11,53,50,228354,423962,55962.25952701875,149.97885553241025,51,27,285,5480496,250,200,120,8,0.6812,2021
KSRTC-050,NEDUMANGAD,Thiruvananthapuram,2021-12,57,55,259148,469343,63508.88371523098,170.20380835681902,51,27,324,6219552,250,200,120,8,0.6633,2021
KSRTC-050,NEDUMANGAD,Thiruvananthapuram,2022-01,56,54,250351,442277,61353.02046317854,164.4260948413185,51,27,313,6008424,250,200,120,8,0.6525,2022
KSRTC-050,NEDUMANGAD,Thiruvananthapuram,2022-02,56,55,258062,465050,63242.73986031124,169.49054282563412,51,27,323,6193488,250,200,120,8,0.661,2022
KSRTC-050,NEDUMANGAD,Thiruvananthapuram,2022-03,55,53,246250,433842,60347.996569047915,161.73263080504842,51,27,308,5910000,250,200,120,8,0.6518,2022
KSRTC-050,NEDUMANGAD,Thiruvananthapuram,2022-04,57,57,398358,818287,97624.80088224483,261.6344663644162,51,27,498,9560592,250,200,120,8,0.6546,2022
KSRTC-050,NEDUMANGAD,Thiruvananthapuram,2022-05,56,54,371356,742399,91007.47457419435,243.90003185884086,51,27,464,8912544,250,200,120,8,0.6438,2022
KSRTC-050,NEDUMANGAD,Thiruvananthapuram,2022-06,56,54,374102,717947,91680.43131969121,245.70355593677246,51,27,468,8978448,250,200,120,8,0.6214,2022
KSRTC-050,NEDUMANGAD,Thiruvananthapuram,2022-07,55,53,362447,692163,88824.16370542826,238.04875873054777,51,27,453,8698728,250,200,120,8,0.6209,2022
KSRTC-050,NEDUMANGAD,Thiruvananthapuram,2022-08,56,55,378985,741189,92877.09839480456,248.91062369807622,51,27,474,9095640,250,200,120,8,0.6306,2022
KSRTC-050,NEDUMANGAD,Thiruvananthapuram,2022-09,58,57,400905,814638,98248.98909447373,263.3072907731896,51,27,501,9621720,250,200,120,8,0.6482,2022
KSRTC-050,NEDUMANGAD,Thiruvananthapuram,2022-10,55,53,363173,727490,89002.08307805416,238.52558264918514,51,27,454,8716152,250,200,120,8,0.6463,2022
KSRTC-050,NEDUMANGAD,Thiruvananthapuram,2022-11,57,55,388032,786546,95094.22864844995,254.85253277784588,51,27,485,9312768,250,200,120,8,0.6487,2022
KSRTC-050,NEDUMANGAD,Thiruvananthapuram,2022-12,55,54,369877,755107,90645.01899277049,242.92865090062492,51,27,462,8877048,250,200,120,8,0.6556,2022
KSRTC-050,NEDUMANGAD,Thiruvananthapuram,2023-01,57,55,386222,785475,94650.65555691705,253.6637568925377,51,27,483,9269328,250,200,120,8,0.6508,2023
KSRTC-050,NEDUMANGAD,Thiruvananthapuram,2023-02,57,57,399184,798626,97827.2270555079,262.1769685087612,51,27,499,9580416,250,200,120,8,0.6398,2023
KSRTC-050,NEDUMANGAD,Thiruvananthapuram,2023-03,57,56,396507,785772,97171.18000245068,260.41876240656785,51,27,496,9516168,250,200,120,8,0.635,2023
KSRTC-050,NEDUMANGAD,Thiruvananthapuram,2023-04,63,41,366701,764011,89866.68300453376,240.84271045215047,51,27,458,8800824,250,200,120,8,0.7129,2023
KSRTC-050,NEDUMANGAD,Thiruvananthapuram,2023-05,65,43,389093,776328,95354.24580321039,255.54937875260387,51,27,486,9338232,250,200,120,8,0.6864,2023
KSRTC-050,NEDUMANGAD,Thiruvananthapuram,2023-06,65,43,389054,803131,95344.6881509619,255.5237642445779,51,27,486,9337296,250,200,120,8,0.7053,2023
KSRTC-050,NEDUMANGAD,Thiruvananthapuram,2023-07,64,41,368281,744797,90253.89045460116,241.88042641833113,51,27,460,8838744,250,200,120,8,0.696,2023
KSRTC-050,NEDUMANGAD,Thiruvananthapuram,2023-08,66,43,396280,806692,97115.54956500429,260.2696728342115,51,27,495,9510720,250,200,120,8,0.6968,2023
KSRTC-050,NEDUMANGAD,Thiruvananthapuram,2023-09,66,44,404836,861557,99212.35142752115,265.8891018257567,51,27,506,9716064,250,200,120,8,0.7214,2023
KSRTC-050,NEDUMANGAD,Thiruvananthapuram,2023-10,66,44,406699,847587,99668.91312339174,267.11268717068987,51,27,508,9760776,250,200,120,8,0.7092,2023
KSRTC-050,NEDUMANGAD,Thiruvananthapuram,2023-11,69,47,440393,871427,107926.2345300821,289.24230854062,51,27,551,10569432,250,200,120,8,0.6783,2023
KSRTC-050,NEDUMANGAD,Thiruvananthapuram,2023-12,67,44,409575,850973,100373.72870971695,269.00159294204144,51,27,512,9829800,250,200,120,8,0.7072,2023
KSRTC-050,NEDUMANGAD,Thiruvananthapuram,2024-01,66,43,397826,815897,97494.42470285505,261.28505820365154,51,27,497,9547824,250,200,120,8,0.7008,2024
KSRTC-050,NEDUMANGAD,Thiruvananthapuram,2024-02,65,43,391183,800870,95866.43793652739,256.92205366989344,51,27,489,9388392,250,200,120,8,0.7004,2024
KSRTC-050,NEDUMANGAD,Thiruvananthapuram,2024-03,65,42,384265,770846,94171.0574684475,252.3784340154393,51,27,480,9222360,250,200,120,8,0.6898,2024
KSRTC-050,NEDUMANGAD,Thiruvananthapuram,2024-04,46,59,320411,434976,78522.48498958461,210.4402597720868,51,27,401,7689864,250,200,120,8,0.4375,2024
KSRTC-050,NEDUMANGAD,Thiruvananthapuram,2024-05,48,62,331979,450680,81357.43168729322,218.03791692194585,51,27,415,7967496,250,200,120,8,0.4416,2024
KSRTC-050,NEDUMANGAD,Thiruvananthapuram,2024-06,48,61,329501,447316,80750.15316750399,216.4104104889107,51,27,412,7908024,250,200,120,8,0.4407,2024
KSRTC-050,NEDUMANGAD,Thiruvananthapuram,2024-07,48,61,329563,447400,80765.34738389903,216.45113098884943,51,27,412,7909512,250,200,120,8,0.4408,2024
KSRTC-050,NEDUMANGAD,Thiruvananthapuram,2024-08,48,63,333910,453302,81830.65800759711,219.3061634603603,51,27,417,8013840,250,200,120,8,0.4423,2024
KSRTC-050,NEDUMANGAD,Thiruvananthapuram,2024-09,49,64,337136,457681,82621.24739615244,221.42494302168856,51,27,421,8091264,250,200,120,8,0.4434,2024
KSRTC-050,NEDUMANGAD,Thiruvananthapuram,2024-10,47,60,323921,439741,79382.67369194952,212.7455654944247,51,27,405,7774104,250,200,120,8,0.4388,2024
KSRTC-050,NEDUMANGAD,Thiruvananthapuram,2024-11,46,58,319373,433567,78268.10439897073,209.75851978924155,51,27,399,7664952,250,200,120,8,0.4371,2024
KSRTC-050,NEDUMANGAD,Thiruvananthapuram,2024-12,46,57,316756,430014,77626.7614262958,208.03972062247271,51,27,396,7602144,250,200,120,8,0.4362,2024
KSRTC-050,NEDUMANGAD,Thiruvananthapuram,2025-01,50,66,345672,469269,84713.14789854185,227.03123636809218,51,27,432,8296128,250,200,120,8,0.4465,2025
KSRTC-050,NEDUMANGAD,Thiruvananthapuram,2025-02,47,60,323914,439732,79380.95821590492,212.74096801862518,51,27,405,7773936,250,200,120,8,0.4387,2025
KSRTC-050,NEDUMANGAD,Thiruvananthapuram,2025-03,49,64,337489,458161,82707.75640240168,221.6567871584365,51,27,422,8099736,250,200,120,8,0.4436,2025
KSRTC-050,NEDUMANGAD,Thiruvananthapuram,2025-04,46,59,321512,436471,78792.30486459994,211.16337703712784,51,27,402,7716288,250,200,120,8,0.4379,2025
KSRTC-050,NEDUMANGAD,Thiruvananthapuram,2025-05,46,59,321498,436452,78788.87391251072,211.15418208552876,51,27,402,7715952,250,200,120,8,0.4379,2025
KSRTC-050,NEDUMANGAD,Thiruvananthapuram,2025-06,48,63,333128,452240,81639.0148266144,218.7925597353266,51,27,416,7995072,250,200,120,8,0.442,2025
KSRTC-050,NEDUMANGAD,Thiruvananthapuram,2025-07,48,62,332200,450981,81411.59171670138,218.18306580075972,51,27,415,7972800,250,200,120,8,0.4417,2025
KSRTC-050,NEDUMANGAD,Thiruvananthapuram,2025-08,47,59,322045,437194,78922.92611199609,211.51344198014954,51,27,403,7729080,250,200,120,8,0.4381,2025
KSRTC-050,NEDUMANGAD,Thiruvananthapuram,2025-09,45,57,314963,427580,77187.35449087122,206.8621100355349,51,27,394,7559112,250,200,120,8,0.4356,2025
KSRTC-050,NEDUMANGAD,Thiruvananthapuram,2025-10,49,64,338943,460134,83064.08528366622,222.6117485602255,51,27,424,8134632,250,200,120,8,0.4441,2025
KSRTC-050,NEDUMANGAD,Thiruvananthapuram,2025-11,48,62,330781,449054,81063.84021565985,217.25109177796838,51,27,414,7938744,250,200,120,8,0.4412,2025
KSRTC-050,NEDUMANGAD,Thiruvananthapuram,2025-12,47,61,327777,444976,80327.65592451906,215.27811787771108,51,27,410,7866648,250,200,120,8,0.4401,2025
KSRTC-050,NEDUMANGAD,Thiruvananthapuram,2026-01,48,62,332955,452005,81596.61806151207,218.67893640485235,51,27,416,7990920,250,200,120,8,0.442,2026
KSRTC-050,NEDUMANGAD,Thiruvananthapuram,2026-02,48,63,335253,455125,82159.7843401544,220.18822203161378,51,27,419,8046072,250,200,120,8,0.4428,2026
KSRTC-050,NEDUMANGAD,Thiruvananthapuram,2026-03,49,64,338562,459617,82970.71437323857,222.3615145202794,51,27,423,8125488,250,200,120,8,0.4439,2026
KSRTC-051,NEDUMKANDAM,Idukki,2021-04,29,21,153632,123947,37650.287954907486,100.90277171915207,51,27,192,3687168,250,200,120,8,0.3119,2021
KSRTC-051,NEDUMKANDAM,Idukki,2021-05,29,21,153725,126401,37673.07927950006,100.96385246906016,51,27,192,3689400,250,200,120,8,0.3161,2021
KSRTC-051,NEDUMKANDAM,Idukki,2021-06,29,21,158496,127466,38842.29873789977,104.0973606175714,51,27,198,3803904,250,200,120,8,0.3081,2021
KSRTC-051,NEDUMKANDAM,Idukki,2021-07,29,21,156042,127315,38240.90185026345,102.48561695870606,51,27,195,3745008,250,200,120,8,0.3128,2021
KSRTC-051,NEDUMKANDAM,Idukki,2021-08,29,21,154970,124556,37978.188947432915,101.78154637912021,51,27,194,3719280,250,200,120,8,0.3102,2021
KSRTC-051,NEDUMKANDAM,Idukki,2021-09,28,21,149063,117987,36530.57223379488,97.9019335865703,51,27,186,3577512,250,200,120,8,0.3108,2021
KSRTC-051,NEDUMKANDAM,Idukki,2021-10,30,22,164730,135960,40370.05268962137,108.19174120818528,51,27,206,3953520,250,200,120,8,0.31,2021
KSRTC-051,NEDUMKANDAM,Idukki,2021-11,30,22,165159,132408,40475.18686435486,108.47350079647103,51,27,206,3963816,250,200,120,8,0.3033,2021
KSRTC-051,NEDUMKANDAM,Idukki,2021-12,29,21,158666,132915,38883.96029898297,104.20901360127438,51,27,198,3807984,250,200,120,8,0.3171,2021
KSRTC-051,NEDUMKANDAM,Idukki,2022-01,29,21,151934,123299,37234.16248008823,99.78755544663646,51,27,190,3646416,250,200,120,8,0.3143,2022
KSRTC-051,NEDUMKANDAM,Idukki,2022-02,29,21,158590,125137,38865.335130498715,104.15909814973655,51,27,198,3806160,250,200,120,8,0.3039,2022
KSRTC-051,NEDUMKANDAM,Idukki,2022-03,29,21,156033,122624,38238.6962382061,102.47970591839236,51,27,195,3744792,250,200,120,8,0.3046,2022
KSRTC-051,NEDUMKANDAM,Idukki,2022-04,30,27,215035,210291,52698.19875015317,141.2311726504105,51,27,269,5160840,250,200,120,8,0.2845,2022
KSRTC-051,NEDUMKANDAM,Idukki,2022-05,31,29,228428,211993,55980.39455949026,150.02745741943392,51,27,286,5482272,250,200,120,8,0.2628,2022
KSRTC-051,NEDUMKANDAM,Idukki,2022-06,31,29,227402,216161,55728.954784952824,149.3535988236736,51,27,284,5457648,250,200,120,8,0.2696,2022
KSRTC-051,NEDUMKANDAM,Idukki,2022-07,31,29,228498,217235,55997.54931993628,150.07343217742923,51,27,286,5483952,250,200,120,8,0.269,2022
KSRTC-051,NEDUMKANDAM,Idukki,2022-08,31,29,228522,229191,56003.430952089206,150.0891949515991,51,27,286,5484528,250,200,120,8,0.2833,2022
KSRTC-051,NEDUMKANDAM,Idukki,2022-09,30,27,214009,208777,52446.75897561574,140.5573140546502,51,27,268,5136216,250,200,120,8,0.2845,2022
KSRTC-051,NEDUMKANDAM,Idukki,2022-10,31,29,235347,235734,57676.020095576525,154.5717338561451,51,27,294,5648328,250,200,120,8,0.2791,2022
KSRTC-051,NEDUMKANDAM,Idukki,2022-11,31,29,233169,225402,57142.261977698814,153.14126210023284,51,27,291,5596056,250,200,120,8,0.2707,2022
KSRTC-051,NEDUMKANDAM,Idukki,2022-12,30,27,209779,204880,51410.121308663154,137.77912510721725,51,27,262,5034696,250,200,120,8,0.2875,2022
KSRTC-051,NEDUMKANDAM,Idukki,2023-01,31,29,231786,223705,56803.33292488666,152.23293223869626,51,27,290,5562864,250,200,120,8,0.2711,2023
KSRTC-051,NEDUMKANDAM,Idukki,2023-02,31,29,235047,227856,57602.49969366499,154.3746991790222,51,27,294,5641128,250,200,120,8,0.2704,2023
KSRTC-051,NEDUMKANDAM,Idukki,2023-03,30,27,212978,208613,52194.09386104644,139.88017154760448,51,27,266,5111472,250,200,120,8,0.2863,2023
KSRTC-051,NEDUMKANDAM,Idukki,2023-04,31,27,260955,242516,63951.721602744765,171.39061389535598,51,27,326,6262920,250,200,120,8,0.2213,2023
KSRTC-051,NEDUMKANDAM,Idukki,2023-05,30,26,244329,232012,59877.22092880775,160.4709520892048,51,27,305,5863896,250,200,120,8,0.2368,2023
KSRTC-051,NEDUMKANDAM,Idukki,2023-06,31,28,263563,253292,64590.858963362334,173.10350202181107,51,27,329,6325512,250,200,120,8,0.2285,2023
KSRTC-051,NEDUMKANDAM,Idukki,2023-07,32,29,275564,262201,67531.92010782992,180.9855458889842,51,27,344,6613536,250,200,120,8,0.2194,2023
KSRTC-051,NEDUMKANDAM,Idukki,2023-08,31,27,254749,251433,62430.82955520157,167.31462320794023,51,27,318,6113976,250,200,120,8,0.2407,2023
KSRTC-051,NEDUMKANDAM,Idukki,2023-09,31,27,254093,241620,62270.064943021694,166.88377404729815,51,27,318,6098232,250,200,120,8,0.2312,2023
KSRTC-051,NEDUMKANDAM,Idukki,2023-10,31,27,251525,232808,61640.730302658994,165.19715721112613,51,27,314,6036600,250,200,120,8,0.2258,2023
KSRTC-051,NEDUMKANDAM,Idukki,2023-11,30,26,243695,234289,59721.84781276804,160.05455213821836,51,27,305,5848680,250,200,120,8,0.2405,2023
KSRTC-051,NEDUMKANDAM,Idukki,2023-12,31,28,265512,249328,65068.49650778091,174.38357064085284,51,27,332,6372288,250,200,120,8,0.2214,2023
KSRTC-051,NEDUMKANDAM,Idukki,2024-01,31,27,255155,229162,62530.32716578851,167.5812768043132,51,27,319,6123720,250,200,120,8,0.2162,2024
KSRTC-051,NEDUMKANDAM,Idukki,2024-02,32,29,275407,255201,67493.44443082956,180.88243107462324,51,27,344,6609768,250,200,120,8,0.2127,2024
KSRTC-051,NEDUMKANDAM,Idukki,2024-03,30,26,241168,231743,59102.56096066659,158.3948633745865,51,27,301,5788032,250,200,120,8,0.2419,2024
KSRTC-051,NEDUMKANDAM,Idukki,2024-04,32,29,222990,302721,54647.71474084059,146.45587550545278,51,27,279,5351760,250,200,120,8,0.403,2024
KSRTC-051,NEDUMKANDAM,Idukki,2024-05,33,30,226368,307308,55475.55446636442,148.67448596985665,51,27,283,5432832,250,200,120,8,0.4042,2024
KSRTC-051,NEDUMKANDAM,Idukki,2024-06,31,26,212080,287911,51974.0227913246,139.29038108074994,51,27,265,5089920,250,200,120,8,0.3991,2024
KSRTC-051,NEDUMKANDAM,Idukki,2024-07,31,27,213208,289442,52250.45950251195,140.031231466732,51,27,267,5116992,250,200,120,8,0.3995,2024
KSRTC-051,NEDUMKANDAM,Idukki,2024-08,33,30,226950,308097,55618.18404607279,149.0567332434751,51,27,284,5446800,250,200,120,8,0.4044,2024
KSRTC-051,NEDUMKANDAM,Idukki,2024-09,32,28,221121,300184,54189.68263693175,145.22834946697708,51,27,276,5306904,250,200,120,8,0.4023,2024
KSRTC-051,NEDUMKANDAM,Idukki,2024-10,31,27,215638,292741,52845.97475799535,141.62721235142752,51,27,270,5175312,250,200,120,8,0.4004,2024
KSRTC-051,NEDUMKANDAM,Idukki,2024-11,32,29,222007,301387,54406.81289057714,145.81025854674675,51,27,278,5328168,250,200,120,8,0.4026,2024
KSRTC-051,NEDUMKANDAM,Idukki,2024-12,32,28,218310,296369,53500.79647102071,143.3821345423355,51,27,273,5239440,250,200,120,8,0.4013,2024
KSRTC-051,NEDUMKANDAM,Idukki,2025-01,30,26,209193,283992,51266.5114569293,137.39425070457054,51,27,262,5020632,250,200,120,8,0.3981,2025
KSRTC-051,NEDUMKANDAM,Idukki,2025-02,31,28,217860,295758,53390.515868153416,143.08658252665114,51,27,272,5228640,250,200,120,8,0.4011,2025
KSRTC-051,NEDUMKANDAM,Idukki,2025-03,31,28,216933,294498,53163.33782624679,142.4777453743414,51,27,271,5206392,250,200,120,8,0.4008,2025
KSRTC-051,NEDUMKANDAM,Idukki,2025-04,32,28,220442,299263,54023.28146060532,144.78239431442228,51,27,276,5290608,250,200,120,8,0.4021,2025
KSRTC-051,NEDUMKANDAM,Idukki,2025-05,32,28,219162,297524,53709.594412449456,143.94171302536455,51,27,274,5259888,250,200,120,8,0.4016,2025
KSRTC-051,NEDUMKANDAM,Idukki,2025-06,31,27,215257,292224,52752.603847567705,141.37697831148145,51,27,269,5166168,250,200,120,8,0.4002,2025
KSRTC-051,NEDUMKANDAM,Idukki,2025-07,31,27,215479,292525,52807.00894498223,141.5227839725524,51,27,269,5171496,250,200,120,8,0.4003,2025
KSRTC-051,NEDUMKANDAM,Idukki,2025-08,32,28,219051,297374,53682.39186374219,143.86881019482908,51,27,274,5257224,250,200,120,8,0.4016,2025
KSRTC-051,NEDUMKANDAM,Idukki,2025-09,32,29,222685,302308,54572.968998897195,146.2555569170445,51,27,278,5344440,250,200,120,8,0.4029,2025
KSRTC-051,NEDUMKANDAM,Idukki,2025-10,32,29,221647,300898,54318.5884082833,145.57381693419924,51,27,277,5319528,250,200,120,8,0.4025,2025
KSRTC-051,NEDUMKANDAM,Idukki,2025-11,32,28,220809,299761,54113.22141894376,145.02343340276926,51,27,276,5299416,250,200,120,8,0.4022,2025
KSRTC-051,NEDUMKANDAM,Idukki,2025-12,32,28,219044,297365,53680.67638769759,143.86421271902955,51,27,274,5257056,250,200,120,8,0.4016,2025
KSRTC-051,NEDUMKANDAM,Idukki,2026-01,31,27,214371,291021,52535.47359392232,140.79506923171184,51,27,268,5144904,250,200,120,8,0.3999,2026
KSRTC-051,NEDUMKANDAM,Idukki,2026-02,32,29,223703,303689,54822.448229383655,146.9241612547482,51,27,280,5368872,250,200,120,8,0.4032,2026
KSRTC-051,NEDUMKANDAM,Idukki,2026-03,30,26,211007,286454,51711.064820487685,138.585653718907,51,27,264,5064168,250,200,120,8,0.3987,2026
KSRTC-052,NEYYATTINKARA,Thiruvananthapuram,2021-04,56,54,248691,441546,60946.2075726014,163.33583629457175,51,27,311,5968584,250,200,120,8,0.6552,2021
KSRTC-052,NEYYATTINKARA,Thiruvananthapuram,2021-05,55,53,247400,441978,60629.82477637545,162.48793040068622,51,27,309,5937600,250,200,120,8,0.6584,2021
KSRTC-052,NEYYATTINKARA,Thiruvananthapuram,2021-06,57,57,267521,466692,65560.83813258179,175.70304619531922,51,27,334,6420504,250,200,120,8,0.6438,2021
KSRTC-052,NEYYATTINKARA,Thiruvananthapuram,2021-07,57,56,263637,461001,64608.993995833844,173.1521039088347,51,27,330,6327288,250,200,120,8,0.6455,2021
KSRTC-052,NEYYATTINKARA,Thiruvananthapuram,2021-08,55,53,246639,461009,60443.328023526534,161.9881191030511,51,27,308,5919336,250,200,120,8,0.6812,2021
KSRTC-052,NEYYATTINKARA,Thiruvananthapuram,2021-09,55,52,238675,429530,58491.60642078177,156.75750520769515,51,27,298,5728200,250,200,120,8,0.6636,2021
KSRTC-052,NEYYATTINKARA,Thiruvananthapuram,2021-10,55,52,239361,444213,58659.7230731528,157.20805783604953,51,27,299,5744664,250,200,120,8,0.6788,2021
KSRTC-052,NEYYATTINKARA,Thiruvananthapuram,2021-11,56,54,249088,444514,61043.49957113099,163.59657885063106,51,27,311,5978112,250,200,120,8,0.6576,2021
KSRTC-052,NEYYATTINKARA,Thiruvananthapuram,2021-12,55,53,247460,451768,60644.52885675775,162.5273373361108,51,27,309,5939040,250,200,120,8,0.6691,2021
KSRTC-052,NEYYATTINKARA,Thiruvananthapuram,2022-01,57,56,264699,473289,64869.25621860066,173.84960666584976,51,27,331,6352776,250,200,120,8,0.6561,2022
KSRTC-052,NEYYATTINKARA,Thiruvananthapuram,2022-02,55,53,245787,451261,60234.53008209779,161.42854062002206,51,27,307,5898888,250,200,120,8,0.6722,2022
KSRTC-052,NEYYATTINKARA,Thiruvananthapuram,2022-03,56,54,253326,460671,62082.097782134544,166.3800220561206,51,27,317,6079824,250,200,120,8,0.6662,2022
KSRTC-052,NEYYATTINKARA,Thiruvananthapuram,2022-04,58,58,408577,818256,100129.15083935793,268.34612424947926,51,27,511,9805848,250,200,120,8,0.6391,2022
KSRTC-052,NEYYATTINKARA,Thiruvananthapuram,2022-05,55,52,358329,749824,87814.97365518931,235.34412939590737,51,27,448,8599896,250,200,120,8,0.6717,2022
KSRTC-052,NEYYATTINKARA,Thiruvananthapuram,2022-06,57,56,396612,793754,97196.91214311973,260.4877245435609,51,27,496,9518688,250,200,120,8,0.6404,2022
KSRTC-052,NEYYATTINKARA,Thiruvananthapuram,2022-07,57,55,387479,773162,94958.70604092636,254.48933218968267,51,27,484,9299496,250,200,120,8,0.6401,2022
KSRTC-052,NEYYATTINKARA,Thiruvananthapuram,2022-08,55,53,365950,715348,89682.63693174857,240.34946697708617,51,27,457,8782800,250,200,120,8,0.6326,2022
KSRTC-052,NEYYATTINKARA,Thiruvananthapuram,2022-09,57,56,393193,788779,96359.02462933464,258.24218600661686,51,27,492,9436632,250,200,120,8,0.6422,2022
KSRTC-052,NEYYATTINKARA,Thiruvananthapuram,2022-10,56,55,380576,742171,93267.00159294205,249.9555642690847,51,27,476,9133824,250,200,120,8,0.6288,2022
KSRTC-052,NEYYATTINKARA,Thiruvananthapuram,2022-11,56,55,383111,783074,93888.24898909449,251.62050729077325,51,27,479,9194664,250,200,120,8,0.6541,2022
KSRTC-052,NEYYATTINKARA,Thiruvananthapuram,2022-12,55,52,360028,709287,88231.34419801495,236.46000245068007,51,27,450,8640672,250,200,120,8,0.6379,2022
KSRTC-052,NEYYATTINKARA,Thiruvananthapuram,2023-01,56,54,376681,735748,92312.46170812401,247.39739737777236,51,27,471,9040344,250,200,120,8,0.6303,2023
KSRTC-052,NEYYATTINKARA,Thiruvananthapuram,2023-02,57,57,399062,804076,97797.32875873055,262.0968410733979,51,27,499,9577488,250,200,120,8,0.6438,2023
KSRTC-052,NEYYATTINKARA,Thiruvananthapuram,2023-03,56,55,379550,797411,93015.56181840462,249.28170567332438,51,27,474,9109200,250,200,120,8,0.6703,2023
KSRTC-052,NEYYATTINKARA,Thiruvananthapuram,2023-04,65,43,389389,800794,95426.78593309644,255.74378630069847,51,27,487,9345336,250,200,120,8,0.7031,2023
KSRTC-052,NEYYATTINKARA,Thiruvananthapuram,2023-05,68,46,430755,928840,105564.269084671,282.91224114691835,51,27,538,10338120,250,200,120,8,0.7274,2023
KSRTC-052,NEYYATTINKARA,Thiruvananthapuram,2023-06,65,42,383601,800729,94008.33231221665,251.94233059674062,51,27,480,9206424,250,200,120,8,0.7121,2023
KSRTC-052,NEYYATTINKARA,Thiruvananthapuram,2023-07,65,43,388516,789292,95212.84156353389,255.17041539027085,51,27,486,9324384,250,200,120,8,0.6964,2023
KSRTC-052,NEYYATTINKARA,Thiruvananthapuram,2023-08,65,42,383667,792980,94024.50680063719,251.98567822570766,51,27,480,9208008,250,200,120,8,0.7065,2023
KSRTC-052,NEYYATTINKARA,Thiruvananthapuram,2023-09,67,44,410241,855827,100536.94400196055,269.43900992525425,51,27,513,9845784,250,200,120,8,0.7095,2023
KSRTC-052,NEYYATTINKARA,Thiruvananthapuram,2023-10,67,44,412430,792423,101073.39786790835,270.8767062859944,51,27,516,9898320,250,200,120,8,0.6642,2023
KSRTC-052,NEYYATTINKARA,Thiruvananthapuram,2023-11,68,45,422768,894645,103606.91091777969,277.6665212596496,51,27,528,10146432,250,200,120,8,0.7169,2023
KSRTC-052,NEYYATTINKARA,Thiruvananthapuram,2023-12,64,41,375592,745791,92045.58264918515,246.6821614998162,51,27,470,9014208,250,200,120,8,0.6851,2023
KSRTC-052,NEYYATTINKARA,Thiruvananthapuram,2024-01,65,43,388724,756322,95263.81570885921,255.3070260997427,51,27,486,9329376,250,200,120,8,0.6728,2024
KSRTC-052,NEYYATTINKARA,Thiruvananthapuram,2024-02,66,43,395783,788580,96993.75076583753,259.94325205244456,51,27,495,9498792,250,200,120,8,0.685,2024
KSRTC-052,NEYYATTINKARA,Thiruvananthapuram,2024-03,63,40,362722,719360,88891.5574071805,238.22937385124376,51,27,453,8705328,250,200,120,8,0.6859,2024
KSRTC-052,NEYYATTINKARA,Thiruvananthapuram,2024-04,48,63,335627,455633,82251.43977453744,220.43385859576037,51,27,420,8055048,250,200,120,8,0.4429,2024
KSRTC-052,NEYYATTINKARA,Thiruvananthapuram,2024-05,46,59,320314,434845,78498.71339296656,210.37655189315038,51,27,400,7687536,250,200,120,8,0.4375,2024
KSRTC-052,NEYYATTINKARA,Thiruvananthapuram,2024-06,48,61,329757,447663,80812.89057713516,216.57854674672222,51,27,412,7914168,250,200,120,8,0.4408,2024
KSRTC-052,NEYYATTINKARA,Thiruvananthapuram,2024-07,48,61,329784,447701,80819.50741330719,216.59627986766327,51,27,412,7914816,250,200,120,8,0.4408,2024
KSRTC-052,NEYYATTINKARA,Thiruvananthapuram,2024-08,47,61,328794,446357,80576.89008699915,215.9460654331577,51,27,411,7891056,250,200,120,8,0.4405,2024
KSRTC-052,NEYYATTINKARA,Thiruvananthapuram,2024-09,47,61,328033,445323,80390.39333415023,215.44625413552262,51,27,410,7872792,250,200,120,8,0.4402,2024
KSRTC-052,NEYYATTINKARA,Thiruvananthapuram,2024-10,47,60,324918,441094,79627.00649430217,213.40037740472982,51,27,406,7798032,250,200,120,8,0.4391,2024
KSRTC-052,NEYYATTINKARA,Thiruvananthapuram,2024-11,49,65,341089,463048,83590.00122534003,224.02120328391132,51,27,426,8186136,250,200,120,8,0.4448,2024
KSRTC-052,NEYYATTINKARA,Thiruvananthapuram,2024-12,48,62,330401,448537,80970.71437323857,217.0015145202794,51,27,413,7929624,250,200,120,8,0.441,2024
KSRTC-052,NEYYATTINKARA,Thiruvananthapuram,2025-01,47,61,328372,445784,80473.47138831027,215.66890332067152,51,27,410,7880928,250,200,120,8,0.4403,2025
KSRTC-052,NEYYATTINKARA,Thiruvananthapuram,2025-02,48,63,333433,452654,81713.76056855777,218.99287832373486,51,27,417,8002392,250,200,120,8,0.4421,2025
KSRTC-052,NEYYATTINKARA,Thiruvananthapuram,2025-03,46,58,319117,433219,78205.36698933954,209.59038353142998,51,27,399,7658808,250,200,120,8,0.437,2025
KSRTC-052,NEYYATTINKARA,Thiruvananthapuram,2025-04,47,59,322896,438350,79131.47898541846,212.07236368092148,51,27,404,7749504,250,200,120,8,0.4384,2025
KSRTC-052,NEYYATTINKARA,Thiruvananthapuram,2025-05,49,63,336035,456187,82351.42752113711,220.70182575664748,51,27,420,8064840,250,200,120,8,0.443,2025
KSRTC-052,NEYYATTINKARA,Thiruvananthapuram,2025-06,48,62,330463,448622,80985.90858963363,217.04223502021816,51,27,413,7931112,250,200,120,8,0.4411,2025
KSRTC-052,NEYYATTINKARA,Thiruvananthapuram,2025-07,46,58,319401,433604,78274.96630314912,209.77690969243966,51,27,399,7665624,250,200,120,8,0.4371,2025
KSRTC-052,NEYYATTINKARA,Thiruvananthapuram,2025-08,49,64,338091,458978,82855.28734223747,222.05217007719645,51,27,423,8114184,250,200,120,8,0.4438,2025
KSRTC-052,NEYYATTINKARA,Thiruvananthapuram,2025-09,48,63,334776,454477,82042.88690111507,219.87493689498837,51,27,418,8034624,250,200,120,8,0.4426,2025
KSRTC-052,NEYYATTINKARA,Thiruvananthapuram,2025-10,47,61,327002,443923,80137.72821958094,214.76911162847694,51,27,409,7848048,250,200,120,8,0.4398,2025
KSRTC-052,NEYYATTINKARA,Thiruvananthapuram,2025-11,47,61,327680,444844,80303.884327901,215.2144099987747,51,27,410,7864320,250,200,120,8,0.4401,2025
KSRTC-052,NEYYATTINKARA,Thiruvananthapuram,2025-12,47,59,322910,438369,79134.90993750766,212.08155863252054,51,27,404,7749840,250,200,120,8,0.4384,2025
KSRTC-052,NEYYATTINKARA,Thiruvananthapuram,2026-01,49,64,337185,457747,82633.25572846465,221.4571253522853,51,27,422,8092440,250,200,120,8,0.4435,2026
KSRTC-052,NEYYATTINKARA,Thiruvananthapuram,2026-02,47,61,327078,444026,80156.3533880652,214.81902708001473,51,27,409,7849872,250,200,120,8,0.4399,2026
KSRTC-052,NEYYATTINKARA,Thiruvananthapuram,2026-03,47,60,326109,442711,79918.88248989095,214.18260507290776,51,27,408,7826616,250,200,120,8,0.4395,2026
KSRTC-053,NILAMBUR,Malappuram,2021-04,42,30,252002,190238,61757.62774169832,165.51044234775154,51,27,315,6048048,250,200,120,8,0.3003,2021
KSRTC-053,NILAMBUR,Malappuram,2021-05,42,29,241278,193477,59129.51844136748,158.46710942286487,51,27,302,5790672,250,200,120,8,0.3168,2021
KSRTC-053,NILAMBUR,Malappuram,2021-06,43,30,257224,206293,63037.372870971696,168.94015929420414,51,27,322,6173376,250,200,120,8,0.3115,2021
KSRTC-053,NILAMBUR,Malappuram,2021-07,42,30,247117,194533,60560.47053057224,162.30206102193358,51,27,309,5930808,250,200,120,8,0.3108,2021
KSRTC-053,NILAMBUR,Malappuram,2021-08,42,30,248340,194419,60860.18870236491,163.10530572233796,51,27,310,5960160,250,200,120,8,0.3092,2021
KSRTC-053,NILAMBUR,Malappuram,2021-09,42,29,240563,198023,58954.29481681167,157.9975101090553,51,27,301,5773512,250,200,120,8,0.3229,2021
KSRTC-053,NILAMBUR,Malappuram,2021-10,43,30,257690,200803,63151.57456194094,169.24621982600172,51,27,322,6184560,250,200,120,8,0.3052,2021
KSRTC-053,NILAMBUR,Malappuram,2021-11,44,31,268600,217437,65825.26651145694,176.4117142507046,51,27,336,6446400,250,200,120,8,0.3102,2021
KSRTC-053,NILAMBUR,Malappuram,2021-12,43,30,254884,217894,62463.91373606176,167.40328881264554,51,27,319,6117216,250,200,120,8,0.3268,2021
KSRTC-053,NILAMBUR,Malappuram,2022-01,42,29,242534,195212,59437.32385737042,159.29202793775275,51,27,303,5820816,250,200,120,8,0.3172,2022
KSRTC-053,NILAMBUR,Malappuram,2022-02,43,30,255310,194934,62568.31270677613,167.68307805416006,51,27,319,6127440,250,200,120,8,0.3016,2022
KSRTC-053,NILAMBUR,Malappuram,2022-03,43,31,261539,212705,64094.84131846588,171.77417473348856,51,27,327,6276936,250,200,120,8,0.3133,2022
KSRTC-053,NILAMBUR,Malappuram,2022-04,42,31,359046,308515,87990.68741575787,235.81504227423113,51,27,449,8617104,250,200,120,8,0.2319,2022
KSRTC-053,NILAMBUR,Malappuram,2022-05,42,31,360057,304892,88238.45117019974,236.47904913613533,51,27,450,8641368,250,200,120,8,0.2282,2022
KSRTC-053,NILAMBUR,Malappuram,2022-06,43,32,368530,312793,90314.91238818773,242.04396520034314,51,27,461,8844720,250,200,120,8,0.226,2022
KSRTC-053,NILAMBUR,Malappuram,2022-07,41,30,342768,308327,84001.47040803824,225.12394069354247,51,27,428,8226432,250,200,120,8,0.2485,2022
KSRTC-053,NILAMBUR,Malappuram,2022-08,42,31,350702,302368,85945.83997059184,230.33485112118618,51,27,438,8416848,250,200,120,8,0.2355,2022
KSRTC-053,NILAMBUR,Malappuram,2022-09,41,30,344140,303280,84337.7037127803,226.0250459502512,51,27,430,8259360,250,200,120,8,0.243,2022
KSRTC-053,NILAMBUR,Malappuram,2022-10,42,31,360657,308536,88385.49197402279,236.8731184903811,51,27,451,8655768,250,200,120,8,0.2304,2022
KSRTC-053,NILAMBUR,Malappuram,2022-11,41,30,344126,289296,84334.27276069109,226.01585099865213,51,27,430,8259024,250,200,120,8,0.2319,2022
KSRTC-053,NILAMBUR,Malappuram,2022-12,42,31,357913,315319,87713.02536453867,235.07090797696364,51,27,447,8589912,250,200,120,8,0.2382,2022
KSRTC-053,NILAMBUR,Malappuram,2023-01,41,30,336720,284764,82519.29910550178,221.15172160274477,51,27,421,8081280,250,200,120,8,0.2359,2023
KSRTC-053,NILAMBUR,Malappuram,2023-02,42,31,357531,313020,87619.40938610464,234.82001715476045,51,27,447,8580744,250,200,120,8,0.2369,2023
KSRTC-053,NILAMBUR,Malappuram,2023-03,43,32,367809,322217,90138.21835559368,241.57042519299108,51,27,460,8827416,250,200,120,8,0.2337,2023
KSRTC-053,NILAMBUR,Malappuram,2023-04,40,30,344867,324854,84515.86815341258,226.50252665114573,51,27,431,8276808,250,200,120,8,0.2399,2023
KSRTC-053,NILAMBUR,Malappuram,2023-05,39,29,329962,314580,80863.12951844138,216.7131871094229,51,27,412,7919088,250,200,120,8,0.2489,2023
KSRTC-053,NILAMBUR,Malappuram,2023-06,41,32,373875,341116,91624.80088224483,245.5544663644162,51,27,467,8973000,250,200,120,8,0.2216,2023
KSRTC-053,NILAMBUR,Malappuram,2023-07,40,31,351755,308316,86203.89658130132,231.02644283788757,51,27,440,8442120,250,200,120,8,0.2194,2023
KSRTC-053,NILAMBUR,Malappuram,2023-08,41,32,365481,327667,89567.7000367602,240.04143609851735,51,27,457,8771544,250,200,120,8,0.2201,2023
KSRTC-053,NILAMBUR,Malappuram,2023-09,40,31,355094,328040,87022.17865457665,233.21943879426544,51,27,444,8522256,250,200,120,8,0.2312,2023
KSRTC-053,NILAMBUR,Malappuram,2023-10,38,28,318723,278543,78108.81019482907,209.33161132214192,51,27,398,7649352,250,200,120,8,0.2318,2023
KSRTC-053,NILAMBUR,Malappuram,2023-11,40,30,347142,324774,85073.39786790835,227.99670628599438,51,27,434,8331408,250,200,120,8,0.2373,2023
KSRTC-053,NILAMBUR,Malappuram,2023-12,40,30,346024,321309,84799.41183678471,227.26242372258304,51,27,433,8304576,250,200,120,8,0.2358,2023
KSRTC-053,NILAMBUR,Malappuram,2024-01,39,30,337870,314642,82801.12731282931,221.90702119838258,51,27,422,8108880,250,200,120,8,0.2397,2024
KSRTC-053,NILAMBUR,Malappuram,2024-02,41,32,376660,347204,92307.3152799902,247.38360495037375,51,27,471,9039840,250,200,120,8,0.2233,2024
KSRTC-053,NILAMBUR,Malappuram,2024-03,40,31,352547,322363,86397.99044234776,231.546614385492,51,27,441,8461128,250,200,120,8,0.2295,2024
KSRTC-053,NILAMBUR,Malappuram,2024-04,39,33,270617,367378,66319.56868030879,177.73644406322757,51,27,338,6494808,250,200,120,8,0.4199,2024
KSRTC-053,NILAMBUR,Malappuram,2024-05,40,34,273829,371739,67106.72711677491,179.84602867295678,51,27,342,6571896,250,200,120,8,0.421,2024
KSRTC-053,NILAMBUR,Malappuram,2024-06,40,34,276065,374774,67654.69917902218,181.31459379977946,51,27,345,6625560,250,200,120,8,0.4218,2024
KSRTC-053,NILAMBUR,Malappuram,2024-07,38,32,263743,358046,64634.97120450925,173.2217228280848,51,27,330,6329832,250,200,120,8,0.4174,2024
KSRTC-053,NILAMBUR,Malappuram,2024-08,39,33,267239,362792,65491.72895478496,175.5178335988237,51,27,334,6413736,250,200,120,8,0.4187,2024
KSRTC-053,NILAMBUR,Malappuram,2024-09,39,33,271081,368008,66433.2802352653,178.041191030511,51,27,339,6505944,250,200,120,8,0.42,2024
KSRTC-053,NILAMBUR,Malappuram,2024-10,38,32,265626,360602,65096.434260507296,174.45844381815957,51,27,332,6375024,250,200,120,8,0.4181,2024
KSRTC-053,NILAMBUR,Malappuram,2024-11,38,32,263653,357924,64612.9150839358,173.16261242494792,51,27,330,6327672,250,200,120,8,0.4174,2024
KSRTC-053,NILAMBUR,Malappuram,2024-12,38,32,264463,359024,64811.42016909693,173.69460605317977,51,27,331,6347112,250,200,120,8,0.4177,2024
KSRTC-053,NILAMBUR,Malappuram,2025-01,38,32,263923,358291,64679.08344565617,173.33994363435855,51,27,330,6334152,250,200,120,8,0.4175,2025
KSRTC-053,NILAMBUR,Malappuram,2025-02,37,31,258697,351195,63398.358044357316,169.90759955887762,51,27,323,6208728,250,200,120,8,0.4156,2025
KSRTC-053,NILAMBUR,Malappuram,2025-03,37,31,259285,351994,63542.45803210391,170.29378752603847,51,27,324,6222840,250,200,120,8,0.4158,2025
KSRTC-053,NILAMBUR,Malappuram,2025-04,38,32,263923,358291,64679.08344565617,173.33994363435855,51,27,330,6334152,250,200,120,8,0.4175,2025
KSRTC-053,NILAMBUR,Malappuram,2025-05,39,33,267820,363581,65634.11346648696,175.89942409018505,51,27,335,6427680,250,200,120,8,0.4189,2025
KSRTC-053,NILAMBUR,Malappuram,2025-06,38,32,262199,355950,64256.58620267124,172.20765102315895,51,27,328,6292776,250,200,120,8,0.4169,2025
KSRTC-053,NILAMBUR,Malappuram,2025-07,38,32,265474,360396,65059.18392353879,174.35861291508397,51,27,332,6371376,250,200,120,8,0.418,2025
KSRTC-053,NILAMBUR,Malappuram,2025-08,39,33,268603,364643,65826.00171547604,176.4136845974758,51,27,336,6446472,250,200,120,8,0.4191,2025
KSRTC-053,NILAMBUR,Malappuram,2025-09,39,34,271690,368835,66582.5266511457,178.4411714250705,51,27,340,6520560,250,200,120,8,0.4202,2025
KSRTC-053,NILAMBUR,Malappuram,2025-10,38,32,261964,355631,64198.99522117388,172.053307192746,51,27,327,6287136,250,200,120,8,0.4168,2025
KSRTC-053,NILAMBUR,Malappuram,2025-11,39,33,269150,365386,65960.0539149614,176.77294449209657,51,27,336,6459600,250,200,120,8,0.4193,2025
KSRTC-053,NILAMBUR,Malappuram,2025-12,38,32,262192,355941,64254.87072662664,172.20305354735942,51,27,328,6292608,250,200,120,8,0.4169,2025
KSRTC-053,NILAMBUR,Malappuram,2026-01,38,32,265169,359982,64984.4381815954,174.15829432667567,51,27,331,6364056,250,200,120,8,0.4179,2026
KSRTC-053,NILAMBUR,Malappuram,2026-02,39,33,269461,365809,66036.27006494302,176.9772037740473,51,27,337,6467064,250,200,120,8,0.4194,2026
KSRTC-053,NILAMBUR,Malappuram,2026-03,39,33,270583,367331,66311.23636809216,177.71411346648696,51,27,338,6493992,250,200,120,8,0.4198,2026
KSRTC-054,NORTH PARAVUR,Ernakulam,2021-04,50,38,256449,335151,62847.445166033576,168.43115304497002,51,27,321,6154776,250,200,120,8,0.4938,2021
KSRTC-054,NORTH PARAVUR,Ernakulam,2021-05,50,39,261453,345133,64073.765469917904,171.71769145938,51,27,327,6274872,250,200,120,8,0.4962,2021
KSRTC-054,NORTH PARAVUR,Ernakulam,2021-06,50,38,256670,340971,62901.60519544174,168.5763019237839,51,27,321,6160080,250,200,120,8,0.4996,2021
KSRTC-054,NORTH PARAVUR,Ernakulam,2021-07,50,39,262333,341994,64289.42531552506,172.2956598456072,51,27,328,6295992,250,200,120,8,0.4915,2021
KSRTC-054,NORTH PARAVUR,Ernakulam,2021-08,50,38,256276,330288,62805.048400931264,168.31752971449578,51,27,320,6150624,250,200,120,8,0.4889,2021
KSRTC-054,NORTH PARAVUR,Ernakulam,2021-09,51,39,266379,352130,65280.97046930523,174.95300085773806,51,27,333,6393096,250,200,120,8,0.4957,2021
KSRTC-054,NORTH PARAVUR,Ernakulam,2021-10,50,39,264149,343398,64734.468815096196,173.4883764244578,51,27,330,6339576,250,200,120,8,0.4901,2021
KSRTC-054,NORTH PARAVUR,Ernakulam,2021-11,50,39,264857,360584,64907.976963607405,173.95337826246785,51,27,331,6356568,250,200,120,8,0.5068,2021
KSRTC-054,NORTH PARAVUR,Ernakulam,2021-12,50,39,265302,355610,65017.03222644284,174.24564636686682,51,27,332,6367248,250,200,120,8,0.5009,2021
KSRTC-054,NORTH PARAVUR,Ernakulam,2022-01,51,40,272974,365050,66897.19397132704,179.28447984315648,51,27,341,6551376,250,200,120,8,0.4985,2022
KSRTC-054,NORTH PARAVUR,Ernakulam,2022-02,52,41,282016,371734,69113.09888494057,185.22310501164074,51,27,353,6768384,250,200,120,8,0.4915,2022
KSRTC-054,NORTH PARAVUR,Ernakulam,2022-03,49,37,246496,315285,60408.283298615366,161.8941992402892,51,27,308,5915904,250,200,120,8,0.4886,2022
KSRTC-054,NORTH PARAVUR,Ernakulam,2022-04,51,49,371088,558742,90941.7963484867,243.72401421394437,51,27,464,8906112,250,200,120,8,0.4795,2022
KSRTC-054,NORTH PARAVUR,Ernakulam,2022-05,49,44,329244,516180,80687.17068986644,216.24161744884208,51,27,412,7901856,250,200,120,8,0.5063,2022
KSRTC-054,NORTH PARAVUR,Ernakulam,2022-06,51,48,366080,591358,89714.49577257689,240.43484867050608,51,27,458,8785920,250,200,120,8,0.5106,2022
KSRTC-054,NORTH PARAVUR,Ernakulam,2022-07,51,48,362479,571580,88832.00588163215,238.06977576277419,51,27,453,8699496,250,200,120,8,0.5008,2022
KSRTC-054,NORTH PARAVUR,Ernakulam,2022-08,50,47,350099,557206,85798.06396274967,229.93881142016915,51,27,438,8402376,250,200,120,8,0.5076,2022
KSRTC-054,NORTH PARAVUR,Ernakulam,2022-09,51,48,364891,551502,89423.10991300087,239.65393456684234,51,27,456,8757384,250,200,120,8,0.4824,2022
KSRTC-054,NORTH PARAVUR,Ernakulam,2022-10,51,48,360024,545383,88230.36392598947,236.45737532165177,51,27,450,8640576,250,200,120,8,0.4844,2022
KSRTC-054,NORTH PARAVUR,Ernakulam,2022-11,52,49,377082,585488,92410.73397867908,247.66076706285995,51,27,471,9049968,250,200,120,8,0.4912,2022
KSRTC-054,NORTH PARAVUR,Ernakulam,2022-12,53,51,394499,588984,96679.08344565617,259.09994363435857,51,27,493,9467976,250,200,120,8,0.4716,2022
KSRTC-054,NORTH PARAVUR,Ernakulam,2023-01,49,45,332663,518728,81525.05820365151,218.48715598578605,51,27,416,7983912,250,200,120,8,0.5031,2023
KSRTC-054,NORTH PARAVUR,Ernakulam,2023-02,51,49,372701,579021,91337.09104276437,244.78340399460853,51,27,466,8944824,250,200,120,8,0.4923,2023
KSRTC-054,NORTH PARAVUR,Ernakulam,2023-03,51,48,361397,549131,88566.8422987379,237.35913736061758,51,27,452,8673528,250,200,120,8,0.4853,2023
KSRTC-054,NORTH PARAVUR,Ernakulam,2023-04,53,38,378073,611751,92653.59637299352,248.31163827962266,51,27,473,9073752,250,200,120,8,0.5192,2023
KSRTC-054,NORTH PARAVUR,Ernakulam,2023-05,54,40,394381,592969,96650.1654209043,259.02244332802354,51,27,493,9465144,250,200,120,8,0.4849,2023
KSRTC-054,NORTH PARAVUR,Ernakulam,2023-06,54,40,398476,620076,97653.7189069967,261.71196667075117,51,27,498,9563424,250,200,120,8,0.4986,2023
KSRTC-054,NORTH PARAVUR,Ernakulam,2023-07,53,38,377961,574727,92626.14875627987,248.2380786668301,51,27,472,9071064,250,200,120,8,0.4926,2023
KSRTC-054,NORTH PARAVUR,Ernakulam,2023-08,54,40,397512,603896,97417.47334885431,261.07882857492956,51,27,497,9540288,250,200,120,8,0.4886,2023
KSRTC-054,NORTH PARAVUR,Ernakulam,2023-09,53,39,383099,610515,93885.30817301801,251.6126259036883,51,27,479,9194376,250,200,120,8,0.5116,2023
KSRTC-054,NORTH PARAVUR,Ernakulam,2023-10,53,38,374067,581004,91671.8539394682,245.6805685577748,51,27,468,8977608,250,200,120,8,0.5023,2023
KSRTC-054,NORTH PARAVUR,Ernakulam,2023-11,53,38,371003,584544,90920.96556794511,243.6681877220929,51,27,464,8904072,250,200,120,8,0.509,2023
KSRTC-054,NORTH PARAVUR,Ernakulam,2023-12,54,40,397412,642046,97392.96654821714,261.013150349222,51,27,497,9537888,250,200,120,8,0.515,2023
KSRTC-054,NORTH PARAVUR,Ernakulam,2024-01,53,38,379695,606651,93051.09667932852,249.37693910060045,51,27,475,9112680,250,200,120,8,0.5134,2024
KSRTC-054,NORTH PARAVUR,Ernakulam,2024-02,54,39,385983,598151,94592.0843033942,253.50678593309647,51,27,483,9263592,250,200,120,8,0.499,2024
KSRTC-054,NORTH PARAVUR,Ernakulam,2024-03,53,39,382658,593882,93777.23318220807,251.32298492831765,51,27,478,9183792,250,200,120,8,0.5003,2024
KSRTC-054,NORTH PARAVUR,Ernakulam,2024-04,50,47,345872,469541,84762.1614998162,227.1625928195074,51,27,432,8300928,250,200,120,8,0.4465,2024
KSRTC-054,NORTH PARAVUR,Ernakulam,2024-05,50,47,345637,469222,84704.57051831884,227.0082489890945,51,27,432,8295288,250,200,120,8,0.4465,2024
KSRTC-054,NORTH PARAVUR,Ernakulam,2024-06,50,46,343664,466544,84221.05134174734,225.7124175958829,51,27,430,8247936,250,200,120,8,0.4458,2024
KSRTC-054,NORTH PARAVUR,Ernakulam,2024-07,49,45,337482,458151,82706.04092635706,221.65218968263693,51,27,422,8099568,250,200,120,8,0.4436,2024
KSRTC-054,NORTH PARAVUR,Ernakulam,2024-08,50,46,344668,467906,84467.0996201446,226.37182698198754,51,27,431,8272032,250,200,120,8,0.4461,2024
KSRTC-054,NORTH PARAVUR,Ernakulam,2024-09,49,46,341158,463142,83606.91091777969,224.0665212596496,51,27,426,8187792,250,200,120,8,0.4449,2024
KSRTC-054,NORTH PARAVUR,Ernakulam,2024-10,49,45,339891,461422,83296.40975370666,223.23437813993385,51,27,425,8157384,250,200,120,8,0.4444,2024
KSRTC-054,NORTH PARAVUR,Ernakulam,2024-11,48,44,335385,455304,82192.13331699547,220.2749172895479,51,27,419,8049240,250,200,120,8,0.4428,2024
KSRTC-054,NORTH PARAVUR,Ernakulam,2024-12,49,46,342321,464720,83891.92500919006,224.8303590246294,51,27,428,8215704,250,200,120,8,0.4453,2024
KSRTC-054,NORTH PARAVUR,Ernakulam,2025-01,49,45,340584,462362,83466.2418821223,223.68952824408777,51,27,426,8174016,250,200,120,8,0.4447,2025
KSRTC-054,NORTH PARAVUR,Ernakulam,2025-02,49,44,335918,456027,82322.75456439162,220.62498223256958,51,27,420,8062032,250,200,120,8,0.443,2025
KSRTC-054,NORTH PARAVUR,Ernakulam,2025-03,48,44,334326,453866,81932.60629824777,219.57938487930403,51,27,418,8023824,250,200,120,8,0.4424,2025
KSRTC-054,NORTH PARAVUR,Ernakulam,2025-04,51,48,353577,480001,86650.41048891068,232.22310011028065,51,27,442,8485848,250,200,120,8,0.4493,2025
KSRTC-054,NORTH PARAVUR,Ernakulam,2025-05,50,47,345499,469034,84670.75113343954,226.91761303761797,51,27,432,8291976,250,200,120,8,0.4464,2025
KSRTC-054,NORTH PARAVUR,Ernakulam,2025-06,49,45,337102,457634,82612.91508393579,221.40261242494793,51,27,421,8090448,250,200,120,8,0.4434,2025
KSRTC-054,NORTH PARAVUR,Ernakulam,2025-07,49,46,341567,463696,83707.14373238574,224.3351452027938,51,27,427,8197608,250,200,120,8,0.445,2025
KSRTC-054,NORTH PARAVUR,Ernakulam,2025-08,48,44,332360,451197,81450.80259772087,218.28815096189194,51,27,415,7976640,250,200,120,8,0.4417,2025
KSRTC-054,NORTH PARAVUR,Ernakulam,2025-09,50,47,346530,470434,84923.41624800883,227.59475554466366,51,27,433,8316720,250,200,120,8,0.4468,2025
KSRTC-054,NORTH PARAVUR,Ernakulam,2025-10,48,44,335655,455670,82258.30167871584,220.45224849895848,51,27,420,8055720,250,200,120,8,0.4429,2025
KSRTC-054,NORTH PARAVUR,Ernakulam,2025-11,49,45,340445,462174,83432.17742923662,223.59823551035413,51,27,426,8170680,250,200,120,8,0.4446,2025
KSRTC-054,NORTH PARAVUR,Ernakulam,2025-12,50,47,346890,470923,85011.64073030266,227.83119715721116,51,27,434,8325360,250,200,120,8,0.4469,2025
KSRTC-054,NORTH PARAVUR,Ernakulam,2026-01,49,45,340037,461619,83332.18968263693,223.330268349467,51,27,425,8160888,250,200,120,8,0.4445,2026
KSRTC-054,NORTH PARAVUR,Ernakulam,2026-02,49,45,336839,457277,82548.46219826002,221.22987869133686,51,27,421,8084136,250,200,120,8,0.4433,2026
KSRTC-054,NORTH PARAVUR,Ernakulam,2026-03,48,43,330401,448537,80970.71437323857,217.0015145202794,51,27,413,7929624,250,200,120,8,0.441,2026
KSRTC-055,PALA,Kottayam,2021-04,57,46,365938,379587,89679.69611567211,240.34158559000124,51,27,457,8782512,250,200,120,8,0.3914,2021
KSRTC-055,PALA,Kottayam,2021-05,55,43,339878,333568,83293.22386962382,223.22583997059186,51,27,425,8157072,250,200,120,8,0.3804,2021
KSRTC-055,PALA,Kottayam,2021-06,58,47,380347,378107,93210.88101948291,249.8051611322142,51,27,475,9128328,250,200,120,8,0.3776,2021
KSRTC-055,PALA,Kottayam,2021-07,56,45,353909,361092,86731.77306702611,232.44115181962997,51,27,442,8493816,250,200,120,8,0.3887,2021
KSRTC-055,PALA,Kottayam,2021-08,55,43,338118,341723,82861.90417840952,222.06990319813752,51,27,423,8114832,250,200,120,8,0.3888,2021
KSRTC-055,PALA,Kottayam,2021-09,56,45,351643,342264,86176.44896458767,230.95288322509498,51,27,440,8439432,250,200,120,8,0.3762,2021
KSRTC-055,PALA,Kottayam,2021-10,58,48,385394,383613,94447.73924764122,253.1199411836785,51,27,482,9249456,250,200,120,8,0.3773,2021
KSRTC-055,PALA,Kottayam,2021-11,57,46,365867,375460,89662.29628721971,240.29495404974884,51,27,457,8780808,250,200,120,8,0.3884,2021
KSRTC-055,PALA,Kottayam,2021-12,56,44,348106,359856,85309.64342605074,228.62984438181599,51,27,435,8354544,250,200,120,8,0.3933,2021
KSRTC-055,PALA,Kottayam,2022-01,57,46,366514,375231,89820.85528734224,240.71989217007723,51,27,458,8796336,250,200,120,8,0.3876,2022
KSRTC-055,PALA,Kottayam,2022-02,56,45,356951,360432,87477.26994240902,234.4390834456562,51,27,446,8566824,250,200,120,8,0.3853,2022
KSRTC-055,PALA,Kottayam,2022-03,55,43,333976,349807,81846.83249601765,219.34951108932734,51,27,417,8015424,250,200,120,8,0.3996,2022
KSRTC-055,PALA,Kottayam,2022-04,59,53,519135,540496,127223.37948780788,340.9586570273251,51,27,649,12459240,250,200,120,8,0.3239,2022
KSRTC-055,PALA,Kottayam,2022-05,57,50,475975,509599,116646.24433280237,312.6119348119104,51,27,595,11423400,250,200,120,8,0.3381,2022
KSRTC-055,PALA,Kottayam,2022-06,57,50,471204,496561,115477.02487440265,309.4784266633991,51,27,589,11308896,250,200,120,8,0.3343,2022
KSRTC-055,PALA,Kottayam,2022-07,58,52,500103,529760,122559.24519054039,328.45877711064827,51,27,625,12002472,250,200,120,8,0.3314,2022
KSRTC-055,PALA,Kottayam,2022-08,61,55,544887,596911,133534.37078789365,357.872113711555,51,27,681,13077288,250,200,120,8,0.3358,2022
KSRTC-055,PALA,Kottayam,2022-09,57,50,473849,496368,116125.22975125597,311.21561573336606,51,27,592,11372376,250,200,120,8,0.3322,2022
KSRTC-055,PALA,Kottayam,2022-10,59,54,523902,578139,128391.61867418209,344.089538046808,51,27,655,12573648,250,200,120,8,0.3404,2022
KSRTC-055,PALA,Kottayam,2022-11,57,50,477143,519537,116932.48376424458,313.3790564881755,51,27,596,11451432,250,200,120,8,0.3429,2022
KSRTC-055,PALA,Kottayam,2022-12,58,52,503063,512016,123284.64648940081,330.40285259159424,51,27,629,12073512,250,200,120,8,0.3196,2022
KSRTC-055,PALA,Kottayam,2023-01,57,50,482407,518024,118222.52174978558,316.8363582894254,51,27,603,11577768,250,200,120,8,0.338,2023
KSRTC-055,PALA,Kottayam,2023-02,58,52,501991,530651,123021.93358657027,329.69878201200834,51,27,628,12047784,250,200,120,8,0.3305,2023
KSRTC-055,PALA,Kottayam,2023-03,57,50,479098,498443,117411.5917167014,314.66306580075974,51,27,599,11498352,250,200,120,8,0.3293,2023
KSRTC-055,PALA,Kottayam,2023-04,63,55,578903,602766,141870.6040926357,380.21321896826373,51,27,724,13893672,250,200,120,8,0.326,2023
KSRTC-055,PALA,Kottayam,2023-05,62,52,549650,592412,134701.62970224238,361.0003676020096,51,27,687,13191600,250,200,120,8,0.339,2023
KSRTC-055,PALA,Kottayam,2023-06,60,50,522283,561551,127994.8535718662,343.02620757260144,51,27,653,12534792,250,200,120,8,0.3417,2023
KSRTC-055,PALA,Kottayam,2023-07,63,54,576924,617492,141385.614508026,378.9134468815097,51,27,721,13846176,250,200,120,8,0.3341,2023
KSRTC-055,PALA,Kottayam,2023-08,63,53,562034,619667,137736.55189315035,369.133959073643,51,27,703,13488816,250,200,120,8,0.3444,2023
KSRTC-055,PALA,Kottayam,2023-09,61,51,534284,577170,130935.91471633379,350.9082514397746,51,27,668,12822816,250,200,120,8,0.3415,2023
KSRTC-055,PALA,Kottayam,2023-10,61,51,534327,562983,130946.45264060778,350.93649307682887,51,27,668,12823848,250,200,120,8,0.3342,2023
KSRTC-055,PALA,Kottayam,2023-11,63,54,573525,616068,140552.62835436835,376.6810439897072,51,27,717,13764600,250,200,120,8,0.3355,2023
KSRTC-055,PALA,Kottayam,2023-12,62,53,550931,590725,135015.56181840462,361.8417056733244,51,27,689,13222344,250,200,120,8,0.3373,2023
KSRTC-055,PALA,Kottayam,2024-01,61,51,523475,568724,128286.97463546135,343.80909202303644,51,27,654,12563400,250,200,120,8,0.3446,2024
KSRTC-055,PALA,Kottayam,2024-02,62,52,542244,575488,132886.65604705305,356.13623820610223,51,27,678,13013856,250,200,120,8,0.3354,2024
KSRTC-055,PALA,Kottayam,2024-03,62,52,549845,583853,134749.41796348488,361.1284401421395,51,27,687,13196280,250,200,120,8,0.3346,2024
KSRTC-055,PALA,Kottayam,2024-04,60,53,416905,565972,102170.07719642202,273.81580688641105,51,27,521,10005720,250,200,120,8,0.4717,2024
KSRTC-055,PALA,Kottayam,2024-05,60,54,418476,568105,102555.07903443206,274.84761181227793,51,27,523,10043424,250,200,120,8,0.4723,2024
KSRTC-055,PALA,Kottayam,2024-06,62,56,427753,580698,104828.57492954296,280.9405808111751,51,27,535,10266072,250,200,120,8,0.4756,2024
KSRTC-055,PALA,Kottayam,2024-07,59,52,410647,557477,100636.44161254748,269.70566352162723,51,27,513,9855528,250,200,120,8,0.4695,2024
KSRTC-055,PALA,Kottayam,2024-08,59,52,409539,555973,100364.90626148757,268.97794878078673,51,27,512,9828936,250,200,120,8,0.4691,2024
KSRTC-055,PALA,Kottayam,2024-09,59,52,408923,555137,100213.94436956255,268.5733709104276,51,27,511,9814152,250,200,120,8,0.4689,2024
KSRTC-055,PALA,Kottayam,2024-10,60,53,415680,564309,101869.86888861659,273.0112486214925,51,27,520,9976320,250,200,120,8,0.4713,2024
KSRTC-055,PALA,Kottayam,2024-11,60,53,416801,565831,102144.59012375935,273.747501531675,51,27,521,10003224,250,200,120,8,0.4717,2024
KSRTC-055,PALA,Kottayam,2024-12,60,54,418566,568228,102577.13515500553,274.9067222154148,51,27,523,10045584,250,200,120,8,0.4723,2024
KSRTC-055,PALA,Kottayam,2025-01,60,54,418116,567617,102466.85455213822,274.61117019973045,51,27,523,10034784,250,200,120,8,0.4722,2025
KSRTC-055,PALA,Kottayam,2025-02,60,52,412938,560587,101197.89241514521,271.2103516725892,51,27,516,9910512,250,200,120,8,0.4703,2025
KSRTC-055,PALA,Kottayam,2025-03,59,52,409899,556462,100453.13074378141,269.2143903933342,51,27,512,9837576,250,200,120,8,0.4692,2025
KSRTC-055,PALA,Kottayam,2025-04,60,52,413409,561226,101313.31944614631,271.5196961156721,51,27,517,9921816,250,200,120,8,0.4705,2025
KSRTC-055,PALA,Kottayam,2025-05,60,53,417930,567363,102421.27190295307,274.4890086999143,51,27,522,10030320,250,200,120,8,0.4721,2025
KSRTC-055,PALA,Kottayam,2025-06,61,55,425593,577766,104299.22803577993,279.52193113589027,51,27,532,10214232,250,200,120,8,0.4748,2025
KSRTC-055,PALA,Kottayam,2025-07,60,54,418753,568481,102622.96287219704,275.02954049748803,51,27,523,10050072,250,200,120,8,0.4724,2025
KSRTC-055,PALA,Kottayam,2025-08,59,52,411374,558463,100814.60605317976,270.1831442225217,51,27,514,9872976,250,200,120,8,0.4698,2025
KSRTC-055,PALA,Kottayam,2025-09,57,49,396781,538653,97238.32863619654,260.59872074500674,51,27,496,9522744,250,200,120,8,0.4646,2025
KSRTC-055,PALA,Kottayam,2025-10,63,58,438586,595406,107483.39664256832,288.0555030020831,51,27,548,10526064,250,200,120,8,0.4794,2025
KSRTC-055,PALA,Kottayam,2025-11,60,53,415555,564140,101839.23538782012,272.92915083935793,51,27,519,9973320,250,200,120,8,0.4712,2025
KSRTC-055,PALA,Kottayam,2025-12,60,53,413998,562025,101457.66450189929,271.9065408650901,51,27,518,9935952,250,200,120,8,0.4707,2025
KSRTC-055,PALA,Kottayam,2026-01,61,54,422540,573622,103551.03541232692,277.51677490503613,51,27,528,10140960,250,200,120,8,0.4737,2026
KSRTC-055,PALA,Kottayam,2026-02,58,50,402340,546199,98600.6616836172,264.2497733120941,51,27,503,9656160,250,200,120,8,0.4666,2026
KSRTC-055,PALA,Kottayam,2026-03,59,51,407400,553069,99840.70579585836,267.5730915329004,51,27,509,9777600,250,200,120,8,0.4684,2026
KSRTC-056,PALAKKAD,Palakkad,2021-04,66,48,289356,280663,70911.89805170936,190.0438867785811,51,27,362,6944544,250,200,120,8,0.4523,2021
KSRTC-056,PALAKKAD,Palakkad,2021-05,67,50,302271,267153,74076.95135400073,198.52622962872198,51,27,378,7254504,250,200,120,8,0.4276,2021
KSRTC-056,PALAKKAD,Palakkad,2021-06,67,50,304563,275109,74638.64722460484,200.03157456194097,51,27,381,7309512,250,200,120,8,0.4328,2021
KSRTC-056,PALAKKAD,Palakkad,2021-07,66,49,292699,261886,71731.16039701017,192.23950986398728,51,27,366,7024776,250,200,120,8,0.4314,2021
KSRTC-056,PALAKKAD,Palakkad,2021-08,64,46,272334,251888,66740.35044724912,178.86413919862764,51,27,340,6536016,250,200,120,8,0.4417,2021
KSRTC-056,PALAKKAD,Palakkad,2021-09,67,50,302147,272838,74046.56292121064,198.44478862884455,51,27,378,7251528,250,200,120,8,0.4329,2021
KSRTC-056,PALAKKAD,Palakkad,2021-10,65,48,286264,255383,70154.14777600784,188.01311603970103,51,27,358,6870336,250,200,120,8,0.4313,2021
KSRTC-056,PALAKKAD,Palakkad,2021-11,68,51,310336,282678,76053.42482538905,203.82317853204268,51,27,388,7448064,250,200,120,8,0.4345,2021
KSRTC-056,PALAKKAD,Palakkad,2021-12,68,51,315161,284572,77235.87795613283,206.992152922436,51,27,394,7563864,250,200,120,8,0.432,2021
KSRTC-056,PALAKKAD,Palakkad,2022-01,65,48,288407,268155,70679.32851366255,189.42060041661563,51,27,361,6921768,250,200,120,8,0.4414,2022
KSRTC-056,PALAKKAD,Palakkad,2022-02,67,50,302553,274806,74146.06053179757,198.7114422252175,51,27,378,7261272,250,200,120,8,0.4343,2022
KSRTC-056,PALAKKAD,Palakkad,2022-03,68,51,311425,280482,76320.3038843279,204.5384144099988,51,27,389,7474200,250,200,120,8,0.4316,2022
KSRTC-056,PALAKKAD,Palakkad,2022-04,63,56,555606,526521,136161.25474819262,364.91216272515624,51,27,695,13334544,250,200,120,8,0.3116,2022
KSRTC-056,PALAKKAD,Palakkad,2022-05,64,57,570280,539106,139757.38267369196,374.54978556549446,51,27,713,13686720,250,200,120,8,0.3095,2022
KSRTC-056,PALAKKAD,Palakkad,2022-06,65,59,593167,561023,145366.2541355226,389.5815610832006,51,27,742,14236008,250,200,120,8,0.3076,2022
KSRTC-056,PALAKKAD,Palakkad,2022-07,64,57,570196,521053,139736.79696115674,374.4946158559001,51,27,713,13684704,250,200,120,8,0.3009,2022
KSRTC-056,PALAKKAD,Palakkad,2022-08,63,56,555594,523935,136158.31393211617,364.90428133807137,51,27,695,13334256,250,200,120,8,0.3104,2022
KSRTC-056,PALAKKAD,Palakkad,2022-09,66,59,598076,558687,146569.29297880162,392.80570518318837,51,27,748,14353824,250,200,120,8,0.3041,2022
KSRTC-056,PALAKKAD,Palakkad,2022-10,64,57,567790,541953,139147.16333782626,372.9143977453744,51,27,710,13626960,250,200,120,8,0.3123,2022
KSRTC-056,PALAKKAD,Palakkad,2022-11,63,56,551370,489209,135123.14667320182,362.1300330841809,51,27,689,13232880,250,200,120,8,0.2955,2022
KSRTC-056,PALAKKAD,Palakkad,2022-12,65,58,586966,530974,143846.5874280113,385.50885430707024,51,27,734,14087184,250,200,120,8,0.2969,2022
KSRTC-056,PALAKKAD,Palakkad,2023-01,64,56,561257,523707,137546.1340521995,368.6236392598947,51,27,702,13470168,250,200,120,8,0.3071,2023
KSRTC-056,PALAKKAD,Palakkad,2023-02,64,58,577368,527588,141494.42470285506,379.20505820365156,51,27,722,13856832,250,200,120,8,0.3002,2023
KSRTC-056,PALAKKAD,Palakkad,2023-03,61,52,508882,484065,124710.69721847813,334.22466854552147,51,27,636,12213168,250,200,120,8,0.3184,2023
KSRTC-056,PALAKKAD,Palakkad,2023-04,62,52,620467,571528,152056.6107094719,407.51171670138467,51,27,776,14891208,250,200,120,8,0.2612,2023
KSRTC-056,PALAKKAD,Palakkad,2023-05,65,56,684575,622801,167767.4304619532,449.6167136380346,51,27,856,16429800,250,200,120,8,0.252,2023
KSRTC-056,PALAKKAD,Palakkad,2023-06,63,54,649213,607296,159101.33562063472,426.3915794633011,51,27,812,15581112,250,200,120,8,0.2621,2023
KSRTC-056,PALAKKAD,Palakkad,2023-07,63,53,635425,600784,155722.3379487808,417.3358657027326,51,27,794,15250200,250,200,120,8,0.2662,2023
KSRTC-056,PALAKKAD,Palakkad,2023-08,62,52,619098,587229,151721.11260874892,406.6125817914471,51,27,774,14858352,250,200,120,8,0.2689,2023
KSRTC-056,PALAKKAD,Palakkad,2023-09,62,52,616167,580696,151002.81828207328,404.68755299595637,51,27,770,14788008,250,200,120,8,0.2676,2023
KSRTC-056,PALAKKAD,Palakkad,2023-10,64,55,657076,603231,161028.30535473596,431.55585835069235,51,27,821,15769824,250,200,120,8,0.2566,2023
KSRTC-056,PALAKKAD,Palakkad,2023-11,64,56,671843,640341,164647.22460482785,441.25456194093863,51,27,840,16124232,250,200,120,8,0.2649,2023
KSRTC-056,PALAKKAD,Palakkad,2023-12,63,54,650246,620018,159354.49087121678,427.07003553486095,51,27,813,15605904,250,200,120,8,0.2669,2023
KSRTC-056,PALAKKAD,Palakkad,2024-01,60,50,586652,547659,143769.63607401054,385.3026246783483,51,27,733,14079648,250,200,120,8,0.269,2024
KSRTC-056,PALAKKAD,Palakkad,2024-02,60,50,579787,542677,142087.24421026837,380.7938144835192,51,27,725,13914888,250,200,120,8,0.2706,2024
KSRTC-056,PALAKKAD,Palakkad,2024-03,61,51,601866,543882,147498.10072295062,395.2949099375077,51,27,752,14444784,250,200,120,8,0.2587,2024
KSRTC-056,PALAKKAD,Palakkad,2024-04,63,55,437237,593573,107152.7999019728,287.16950373728713,51,27,547,10493688,250,200,120,8,0.4789,2024
KSRTC-056,PALAKKAD,Palakkad,2024-05,64,55,439936,597239,107814.23845117021,288.94215904913614,51,27,550,10558464,250,200,120,8,0.4799,2024
KSRTC-056,PALAKKAD,Palakkad,2024-06,64,56,445031,604155,109062.85994363436,292.28846464894013,51,27,556,10680744,250,200,120,8,0.4817,2024
KSRTC-056,PALAKKAD,Palakkad,2024-07,63,55,439293,596365,107656.65972307316,288.51984805783604,51,27,549,10543032,250,200,120,8,0.4797,2024
KSRTC-056,PALAKKAD,Palakkad,2024-08,66,58,453574,615752,111156.47592206838,297.8993554711433,51,27,567,10885776,250,200,120,8,0.4847,2024
KSRTC-056,PALAKKAD,Palakkad,2024-09,63,54,436094,592023,106872.68717068987,286.4188016174489,51,27,545,10466256,250,200,120,8,0.4785,2024
KSRTC-056,PALAKKAD,Palakkad,2024-10,63,55,439355,596449,107671.8539394682,288.56056855777484,51,27,549,10544520,250,200,120,8,0.4797,2024
KSRTC-056,PALAKKAD,Palakkad,2024-11,65,58,453006,614982,111017.27729444922,297.5263031491239,51,27,566,10872144,250,200,120,8,0.4845,2024
KSRTC-056,PALAKKAD,Palakkad,2024-12,64,56,442685,600969,108487.9304006862,290.74765347383897,51,27,553,10624440,250,200,120,8,0.4809,2024
KSRTC-056,PALAKKAD,Palakkad,2025-01,64,56,443169,601627,108606.54331577013,291.06553608626393,51,27,554,10636056,250,200,120,8,0.481,2025
KSRTC-056,PALAKKAD,Palakkad,2025-02,63,54,435471,591177,106720.00980272026,286.0096262712903,51,27,544,10451304,250,200,120,8,0.4783,2025
KSRTC-056,PALAKKAD,Palakkad,2025-03,64,57,445959,605415,109290.28305354736,292.8979585835069,51,27,557,10703016,250,200,120,8,0.482,2025
KSRTC-056,PALAKKAD,Palakkad,2025-04,64,56,443031,601439,108572.72393089083,290.97490013478745,51,27,554,10632744,250,200,120,8,0.481,2025
KSRTC-056,PALAKKAD,Palakkad,2025-05,63,55,437306,593667,107169.70959441246,287.2148217130254,51,27,547,10495344,250,200,120,8,0.479,2025
KSRTC-056,PALAKKAD,Palakkad,2025-06,66,59,455886,618891,111723.0731527999,299.41783604950376,51,27,570,10941264,250,200,120,8,0.4855,2025
KSRTC-056,PALAKKAD,Palakkad,2025-07,64,56,440906,598554,108051.95441735082,289.57923783850026,51,27,551,10581744,250,200,120,8,0.4802,2025
KSRTC-056,PALAKKAD,Palakkad,2025-08,64,56,444415,603319,108911.89805170936,291.8838867785811,51,27,556,10665960,250,200,120,8,0.4815,2025
KSRTC-056,PALAKKAD,Palakkad,2025-09,65,57,447800,607914,109741.4532532778,294.1070947187845,51,27,560,10747200,250,200,120,8,0.4827,2025
KSRTC-056,PALAKKAD,Palakkad,2025-10,63,55,437050,593320,107106.97218478128,287.04668545521383,51,27,546,10489200,250,200,120,8,0.4789,2025
KSRTC-056,PALAKKAD,Palakkad,2025-11,65,57,449773,610593,110224.9724298493,295.4029261119961,51,27,562,10794552,250,200,120,8,0.4834,2025
KSRTC-056,PALAKKAD,Palakkad,2025-12,64,56,444360,603244,108898.41931135891,291.8477637544419,51,27,555,10664640,250,200,120,8,0.4815,2025
KSRTC-056,PALAKKAD,Palakkad,2026-01,62,53,429068,582484,105150.83935792182,281.8042494792305,51,27,536,10297632,250,200,120,8,0.476,2026
KSRTC-056,PALAKKAD,Palakkad,2026-02,63,55,437555,594006,107230.73152799903,287.3783604950374,51,27,547,10501320,250,200,120,8,0.479,2026
KSRTC-056,PALAKKAD,Palakkad,2026-03,64,56,443661,602295,108727.11677490504,291.3886729567455,51,27,555,10647864,250,200,120,8,0.4812,2026
KSRTC-057,PALODE,Thiruvananthapuram,2021-04,58,58,274204,485934,67198.62761916433,180.0923220193604,51,27,343,6580896,250,200,120,8,0.6505,2021
KSRTC-057,PALODE,Thiruvananthapuram,2021-05,55,52,241831,431360,59265.04104889107,158.83031001102808,51,27,302,5803944,250,200,120,8,0.6586,2021
KSRTC-057,PALODE,Thiruvananthapuram,2021-06,56,54,252521,461146,61884.81803700527,165.85131233917414,51,27,316,6060504,250,200,120,8,0.6684,2021
KSRTC-057,PALODE,Thiruvananthapuram,2021-07,54,51,230650,417863,56524.93566964833,151.48682759465754,51,27,288,5535600,250,200,120,8,0.6684,2021
KSRTC-057,PALODE,Thiruvananthapuram,2021-08,55,52,241442,429976,59169.70959441245,158.5748217130254,51,27,302,5794608,250,200,120,8,0.6579,2021
KSRTC-057,PALODE,Thiruvananthapuram,2021-09,55,53,245796,462150,60236.73569415513,161.43445166033575,51,27,307,5899104,250,200,120,8,0.6844,2021
KSRTC-057,PALODE,Thiruvananthapuram,2021-10,54,51,232001,422001,56856.02254625659,152.37414042396765,51,27,290,5568024,250,200,120,8,0.6702,2021
KSRTC-057,PALODE,Thiruvananthapuram,2021-11,56,54,251891,462058,61730.42519299106,165.43753951721607,51,27,315,6045384,250,200,120,8,0.6708,2021
KSRTC-057,PALODE,Thiruvananthapuram,2021-12,56,54,253630,446160,62156.598456071566,166.5796838622718,51,27,317,6087120,250,200,120,8,0.6499,2021
KSRTC-057,PALODE,Thiruvananthapuram,2022-01,56,54,251646,431457,61670.38353142997,165.27662786423235,51,27,315,6039504,250,200,120,8,0.638,2022
KSRTC-057,PALODE,Thiruvananthapuram,2022-02,57,57,267864,486008,65644.89645876731,175.9283225094964,51,27,335,6428736,250,200,120,8,0.6629,2022
KSRTC-057,PALODE,Thiruvananthapuram,2022-03,58,57,268808,491495,65876.24065678226,176.54832496017647,51,27,336,6451392,250,200,120,8,0.6666,2022
KSRTC-057,PALODE,Thiruvananthapuram,2022-04,56,55,382352,782315,93702.2423722583,251.12200955765226,51,27,478,9176448,250,200,120,8,0.6548,2022
KSRTC-057,PALODE,Thiruvananthapuram,2022-05,56,55,382227,767760,93671.60887146184,251.03991177551774,51,27,478,9173448,250,200,120,8,0.6446,2022
KSRTC-057,PALODE,Thiruvananthapuram,2022-06,56,54,371950,700194,91153.04496997918,244.2901605195442,51,27,465,8926800,250,200,120,8,0.6117,2022
KSRTC-057,PALODE,Thiruvananthapuram,2022-07,56,55,384437,796175,94213.20916554345,252.49140056365647,51,27,481,9226488,250,200,120,8,0.6613,2022
KSRTC-057,PALODE,Thiruvananthapuram,2022-08,57,57,398464,814300,97650.77809092024,261.70408528366625,51,27,498,9563136,250,200,120,8,0.6517,2022
KSRTC-057,PALODE,Thiruvananthapuram,2022-09,57,56,388172,791060,95128.53816934199,254.94448229383653,51,27,485,9316128,250,200,120,8,0.6516,2022
KSRTC-057,PALODE,Thiruvananthapuram,2022-10,55,53,364369,718893,89295.1844136748,239.31109422864847,51,27,455,8744856,250,200,120,8,0.6378,2022
KSRTC-057,PALODE,Thiruvananthapuram,2022-11,58,57,403389,794043,98857.7380223012,264.93873789976726,51,27,504,9681336,250,200,120,8,0.6304,2022
KSRTC-057,PALODE,Thiruvananthapuram,2022-12,56,54,371946,766096,91152.06469795368,244.2875333905159,51,27,465,8926704,250,200,120,8,0.6603,2022
KSRTC-057,PALODE,Thiruvananthapuram,2023-01,57,56,388201,774967,95135.64514152678,254.9635289792918,51,27,485,9316824,250,200,120,8,0.6402,2023
KSRTC-057,PALODE,Thiruvananthapuram,2023-02,57,56,390287,751577,95646.85700281829,256.33357676755304,51,27,488,9366888,250,200,120,8,0.6206,2023
KSRTC-057,PALODE,Thiruvananthapuram,2023-03,55,53,363355,742663,89046.68545521382,238.64511701997304,51,27,454,8720520,250,200,120,8,0.6575,2023
KSRTC-057,PALODE,Thiruvananthapuram,2023-04,68,45,421549,832420,103308.1730180125,276.86590368827353,51,27,527,10117176,250,200,120,8,0.6782,2023
KSRTC-057,PALODE,Thiruvananthapuram,2023-05,66,43,394441,829006,96664.86950128661,259.0618502634481,51,27,493,9466584,250,200,120,8,0.715,2023
KSRTC-057,PALODE,Thiruvananthapuram,2023-06,63,40,362799,749506,88910.42764367112,238.27994608503863,51,27,454,8707176,250,200,120,8,0.7085,2023
KSRTC-057,PALODE,Thiruvananthapuram,2023-07,64,42,380071,787999,93143.24224972431,249.62388922926118,51,27,475,9121704,250,200,120,8,0.7086,2023
KSRTC-057,PALODE,Thiruvananthapuram,2023-08,66,44,405664,836116,99415.26773679696,266.43291753461585,51,27,507,9735936,250,200,120,8,0.703,2023
KSRTC-057,PALODE,Thiruvananthapuram,2023-09,66,44,405097,846930,99276.31417718418,266.0605219948536,51,27,506,9722328,250,200,120,8,0.7111,2023
KSRTC-057,PALODE,Thiruvananthapuram,2023-10,65,42,381497,755736,93492.70922681045,250.56046072785202,51,27,477,9155928,250,200,120,8,0.6832,2023
KSRTC-057,PALODE,Thiruvananthapuram,2023-11,67,45,419696,850485,102854.06200220561,275.64888616591105,51,27,525,10072704,250,200,120,8,0.6925,2023
KSRTC-057,PALODE,Thiruvananthapuram,2023-12,64,42,378983,750997,92876.60825879182,248.90931013356212,51,27,474,9095592,250,200,120,8,0.6836,2023
KSRTC-057,PALODE,Thiruvananthapuram,2024-01,66,44,400510,819723,98152.18723195688,263.0478617816445,51,27,501,9612240,250,200,120,8,0.6995,2024
KSRTC-057,PALODE,Thiruvananthapuram,2024-02,68,45,424257,870501,103971.81717926725,278.64447004043626,51,27,530,10182168,250,200,120,8,0.6992,2024
KSRTC-057,PALODE,Thiruvananthapuram,2024-03,64,41,369621,782448,90582.28158313932,242.76051464281338,51,27,462,8870904,250,200,120,8,0.7217,2024
KSRTC-057,PALODE,Thiruvananthapuram,2024-04,47,61,326870,443745,80105.37924273986,214.68241637054282,51,27,409,7844880,250,200,120,8,0.4398,2024
KSRTC-057,PALODE,Thiruvananthapuram,2024-05,49,64,338410,459411,82933.46403627007,222.26168361720383,51,27,423,8121840,250,200,120,8,0.4439,2024
KSRTC-057,PALODE,Thiruvananthapuram,2024-06,48,63,333460,452691,81720.37740472982,219.01061144467596,51,27,417,8003040,250,200,120,8,0.4421,2024
KSRTC-057,PALODE,Thiruvananthapuram,2024-07,49,64,336541,456873,82475.43193236123,221.0341575787281,51,27,421,8076984,250,200,120,8,0.4432,2024
KSRTC-057,PALODE,Thiruvananthapuram,2024-08,47,60,326102,442701,79917.16701384635,214.17800759710823,51,27,408,7826448,250,200,120,8,0.4395,2024
KSRTC-057,PALODE,Thiruvananthapuram,2024-09,48,61,329390,447165,80722.95061879672,216.33750765837522,51,27,412,7905360,250,200,120,8,0.4407,2024
KSRTC-057,PALODE,Thiruvananthapuram,2024-10,49,65,340113,461723,83350.81485112119,223.38018380100482,51,27,425,8162712,250,200,120,8,0.4445,2024
KSRTC-057,PALODE,Thiruvananthapuram,2024-11,47,60,324302,440258,79476.04460237717,212.9957995343708,51,27,405,7783248,250,200,120,8,0.4389,2024
KSRTC-057,PALODE,Thiruvananthapuram,2024-12,44,55,307542,417506,75368.70481558633,201.9881289057714,51,27,384,7381008,250,200,120,8,0.4329,2024
KSRTC-057,PALODE,Thiruvananthapuram,2025-01,48,62,331903,450577,81338.80651880897,217.98800147040805,51,27,415,7965672,250,200,120,8,0.4416,2025
KSRTC-057,PALODE,Thiruvananthapuram,2025-02,47,60,326392,443096,79988.23673569415,214.36847445166035,51,27,408,7833408,250,200,120,8,0.4396,2025
KSRTC-057,PALODE,Thiruvananthapuram,2025-03,47,61,328594,446085,80527.87648572479,215.81470898174246,51,27,411,7886256,250,200,120,8,0.4404,2025
KSRTC-057,PALODE,Thiruvananthapuram,2025-04,47,60,324537,440578,79533.63558387452,213.15014336478373,51,27,406,7788888,250,200,120,8,0.439,2025
KSRTC-057,PALODE,Thiruvananthapuram,2025-05,48,62,331107,449496,81143.73238573705,217.4652027937753,51,27,414,7946568,250,200,120,8,0.4413,2025
KSRTC-057,PALODE,Thiruvananthapuram,2025-06,48,62,330657,448885,81033.45178286976,217.16965077809095,51,27,413,7935768,250,200,120,8,0.4411,2025
KSRTC-057,PALODE,Thiruvananthapuram,2025-07,48,62,330082,448105,80892.53767920598,216.79200098027204,51,27,413,7921968,250,200,120,8,0.4409,2025
KSRTC-057,PALODE,Thiruvananthapuram,2025-08,46,58,318639,432571,78088.22448229384,209.2764416125475,51,27,398,7647336,250,200,120,8,0.4369,2025
KSRTC-057,PALODE,Thiruvananthapuram,2025-09,48,62,331868,450530,81330.22913858596,217.96501409141038,51,27,415,7964832,250,200,120,8,0.4416,2025
KSRTC-057,PALODE,Thiruvananthapuram,2025-10,49,63,335959,456084,82332.80235265287,220.6519103051097,51,27,420,8063016,250,200,120,8,0.443,2025
KSRTC-057,PALODE,Thiruvananthapuram,2025-11,46,59,321062,435860,78682.02426173263,210.86782502144345,51,27,401,7705488,250,200,120,8,0.4377,2025
KSRTC-057,PALODE,Thiruvananthapuram,2025-12,47,60,325949,442495,79879.67160887146,214.07751991177554,51,27,407,7822776,250,200,120,8,0.4395,2025
KSRTC-057,PALODE,Thiruvananthapuram,2026-01,49,64,339026,460247,83084.42592819508,222.66626148756282,51,27,424,8136624,250,200,120,8,0.4441,2026
KSRTC-057,PALODE,Thiruvananthapuram,2026-02,49,64,339040,460266,83087.85688028428,222.67545643916188,51,27,424,8136960,250,200,120,8,0.4441,2026
KSRTC-057,PALODE,Thiruvananthapuram,2026-03,46,59,321685,436706,78834.70162970225,211.27700036760206,51,27,402,7720440,250,200,120,8,0.438,2026
KSRTC-058,PANDALAM,Pathanamthitta,2021-04,30,24,127454,163524,31234.89768410734,83.70952579340768,51,27,159,3058896,250,200,120,8,0.488,2021
KSRTC-058,PANDALAM,Pathanamthitta,2021-05,30,23,125241,159188,30692.562186006617,82.25606665849774,51,27,157,3005784,250,200,120,8,0.4861,2021
KSRTC-058,PANDALAM,Pathanamthitta,2021-06,31,25,135764,172803,33271.412817056735,89.16738634971205,51,27,170,3258336,250,200,120,8,0.4803,2021
KSRTC-058,PANDALAM,Pathanamthitta,2021-07,30,24,131580,168841,32246.04827839726,86.41940938610466,51,27,164,3157920,250,200,120,8,0.4855,2021
KSRTC-058,PANDALAM,Pathanamthitta,2021-08,30,23,125940,160054,30863.864722460483,82.71515745619409,51,27,157,3022560,250,200,120,8,0.4856,2021
KSRTC-058,PANDALAM,Pathanamthitta,2021-09,29,23,123232,159521,30200.220561205737,80.93659110403138,51,27,154,2957568,250,200,120,8,0.4939,2021
KSRTC-058,PANDALAM,Pathanamthitta,2021-10,31,25,138521,177103,33947.0653106237,90.97813503247151,51,27,173,3324504,250,200,120,8,0.4803,2021
KSRTC-058,PANDALAM,Pathanamthitta,2021-11,29,23,122229,154106,29954.417350814852,80.2778385001838,51,27,153,2933496,250,200,120,8,0.4853,2021
KSRTC-058,PANDALAM,Pathanamthitta,2021-12,30,23,127221,163480,31177.79683862272,83.55649552750889,51,27,159,3053304,250,200,120,8,0.4887,2021
KSRTC-058,PANDALAM,Pathanamthitta,2022-01,30,24,132035,170383,32357.55422129641,86.71824531307438,51,27,165,3168840,250,200,120,8,0.4873,2022
KSRTC-058,PANDALAM,Pathanamthitta,2022-02,31,24,134537,163690,32970.714373238574,88.36151452027939,51,27,168,3228888,250,200,120,8,0.4656,2022
KSRTC-058,PANDALAM,Pathanamthitta,2022-03,30,24,133942,172104,32824.89890944737,87.97072907731896,51,27,167,3214608,250,200,120,8,0.4846,2022
KSRTC-058,PANDALAM,Pathanamthitta,2022-04,28,24,212174,291552,51997.05918392354,139.3521186129151,51,27,265,5092176,250,200,120,8,0.3709,2022
KSRTC-058,PANDALAM,Pathanamthitta,2022-05,30,27,249182,340786,61066.53596372994,163.65831638279624,51,27,311,5980368,250,200,120,8,0.3454,2022
KSRTC-058,PANDALAM,Pathanamthitta,2022-06,29,25,230840,324469,56571.498590858966,151.61161622350204,51,27,289,5540160,250,200,120,8,0.3669,2022
KSRTC-058,PANDALAM,Pathanamthitta,2022-07,29,24,219218,301587,53723.31822080628,143.97849283176083,51,27,274,5261232,250,200,120,8,0.3664,2022
KSRTC-058,PANDALAM,Pathanamthitta,2022-08,30,26,237767,335452,58269.084670996206,156.16114691826982,51,27,297,5706408,250,200,120,8,0.364,2022
KSRTC-058,PANDALAM,Pathanamthitta,2022-09,30,26,236542,328074,57968.876363190786,155.35658865335134,51,27,296,5677008,250,200,120,8,0.3582,2022
KSRTC-058,PANDALAM,Pathanamthitta,2022-10,30,26,236544,320628,57969.366499203534,155.35790221786547,51,27,296,5677056,250,200,120,8,0.3496,2022
KSRTC-058,PANDALAM,Pathanamthitta,2022-11,30,27,253345,353788,62086.75407425561,166.39250091900504,51,27,317,6080280,250,200,120,8,0.351,2022
KSRTC-058,PANDALAM,Pathanamthitta,2022-12,29,25,219744,305236,53852.22399215783,144.323960298983,51,27,275,5273856,250,200,120,8,0.3697,2022
KSRTC-058,PANDALAM,Pathanamthitta,2023-01,29,26,231700,327049,56782.25707633869,152.1764489645877,51,27,290,5560800,250,200,120,8,0.368,2023
KSRTC-058,PANDALAM,Pathanamthitta,2023-02,29,26,231810,317419,56809.21455703958,152.24869501286608,51,27,290,5563440,250,200,120,8,0.3564,2023
KSRTC-058,PANDALAM,Pathanamthitta,2023-03,29,25,219578,301870,53811.542703100116,144.2149344443083,51,27,274,5269872,250,200,120,8,0.3659,2023
KSRTC-058,PANDALAM,Pathanamthitta,2023-04,29,25,242842,316470,59512.804803332925,159.49431687293225,51,27,304,5828208,250,200,120,8,0.3149,2023
KSRTC-058,PANDALAM,Pathanamthitta,2023-05,30,26,258396,342343,63324.59257443941,169.70990809949765,51,27,323,6201504,250,200,120,8,0.3106,2023
KSRTC-058,PANDALAM,Pathanamthitta,2023-06,30,26,257690,333521,63151.57456194094,169.24621982600172,51,27,322,6184560,250,200,120,8,0.3026,2023
KSRTC-058,PANDALAM,Pathanamthitta,2023-07,30,26,261334,336730,64044.60237715967,171.6395343707879,51,27,327,6272016,250,200,120,8,0.2988,2023
KSRTC-058,PANDALAM,Pathanamthitta,2023-08,30,27,268624,337833,65831.14814360985,176.4274770248744,51,27,336,6446976,250,200,120,8,0.2859,2023
KSRTC-058,PANDALAM,Pathanamthitta,2023-09,30,26,266412,350864,65289.0577135155,174.97467467222157,51,27,333,6393888,250,200,120,8,0.3035,2023
KSRTC-058,PANDALAM,Pathanamthitta,2023-10,29,25,242941,314939,59537.066535963735,159.55933831638282,51,27,304,5830584,250,200,120,8,0.3129,2023
KSRTC-058,PANDALAM,Pathanamthitta,2023-11,30,26,263728,338562,64631.29518441368,173.21187109422868,51,27,330,6329472,250,200,120,8,0.296,2023
KSRTC-058,PANDALAM,Pathanamthitta,2023-12,29,25,249870,325799,61235.142752113716,164.11018257566477,51,27,312,5996880,250,200,120,8,0.3103,2023
KSRTC-058,PANDALAM,Pathanamthitta,2024-01,30,27,273132,362392,66935.91471633379,179.3882514397746,51,27,341,6555168,250,200,120,8,0.3022,2024
KSRTC-058,PANDALAM,Pathanamthitta,2024-02,31,28,284973,381915,69837.76497978189,187.16521014581548,51,27,356,6839352,250,200,120,8,0.2992,2024
KSRTC-058,PANDALAM,Pathanamthitta,2024-03,30,26,267783,353430,65625.0459502512,175.8751231466732,51,27,335,6426792,250,200,120,8,0.3034,2024
KSRTC-058,PANDALAM,Pathanamthitta,2024-04,28,26,195286,265111,47858.35069231712,128.2603798554099,51,27,244,4686864,250,200,120,8,0.3931,2024
KSRTC-058,PANDALAM,Pathanamthitta,2024-05,29,27,198726,269782,48701.384634236005,130.5197108197525,51,27,248,4769424,250,200,120,8,0.3944,2024
KSRTC-058,PANDALAM,Pathanamthitta,2024-06,29,27,201004,272874,49259.64955275089,132.01586080137238,51,27,251,4824096,250,200,120,8,0.3952,2024
KSRTC-058,PANDALAM,Pathanamthitta,2024-07,28,25,192780,261709,47244.21026834947,126.61448351917657,51,27,241,4626720,250,200,120,8,0.3922,2024
KSRTC-058,PANDALAM,Pathanamthitta,2024-08,28,25,193687,262941,47466.48695012867,127.21018502634483,51,27,242,4648488,250,200,120,8,0.3926,2024
KSRTC-058,PANDALAM,Pathanamthitta,2024-09,29,27,202416,274791,49605.68557774783,132.94323734836416,51,27,253,4857984,250,200,120,8,0.3957,2024
KSRTC-058,PANDALAM,Pathanamthitta,2024-10,29,27,201821,273983,49459.870113956626,132.55245190540376,51,27,252,4843704,250,200,120,8,0.3955,2024
KSRTC-058,PANDALAM,Pathanamthitta,2024-11,28,26,196442,266681,48141.649307682885,129.01962014459014,51,27,246,4714608,250,200,120,8,0.3935,2024
KSRTC-058,PANDALAM,Pathanamthitta,2024-12,28,26,194337,263824,47625.78115427031,127.63709349344445,51,27,243,4664088,250,200,120,8,0.3928,2024
KSRTC-058,PANDALAM,Pathanamthitta,2025-01,29,27,198920,270045,48748.92782747213,130.6471265776253,51,27,249,4774080,250,200,120,8,0.3944,2025
KSRTC-058,PANDALAM,Pathanamthitta,2025-02,30,29,208273,282742,51041.04889106727,136.79001102806032,51,27,260,4998552,250,200,120,8,0.3977,2025
KSRTC-058,PANDALAM,Pathanamthitta,2025-03,28,26,194033,263410,47551.2804803333,127.43743168729326,51,27,243,4656792,250,200,120,8,0.3927,2025
KSRTC-058,PANDALAM,Pathanamthitta,2025-04,29,27,198332,269247,48604.82783972553,130.26093861046442,51,27,248,4759968,250,200,120,8,0.3942,2025
KSRTC-058,PANDALAM,Pathanamthitta,2025-05,29,26,197723,268420,48455.58142384512,129.86095821590493,51,27,247,4745352,250,200,120,8,0.394,2025
KSRTC-058,PANDALAM,Pathanamthitta,2025-06,28,25,192060,260732,47067.7613037618,126.14160029408163,51,27,240,4609440,250,200,120,8,0.392,2025
KSRTC-058,PANDALAM,Pathanamthitta,2025-07,29,26,198179,269040,48567.33243475064,130.16045092513173,51,27,248,4756296,250,200,120,8,0.3942,2025
KSRTC-058,PANDALAM,Pathanamthitta,2025-08,29,26,198145,268993,48559.000122534,130.13812032839112,51,27,248,4755480,250,200,120,8,0.3942,2025
KSRTC-058,PANDALAM,Pathanamthitta,2025-09,29,27,199301,270562,48842.29873789977,130.8973606175714,51,27,249,4783224,250,200,120,8,0.3946,2025
KSRTC-058,PANDALAM,Pathanamthitta,2025-10,29,27,198747,269810,48706.53106236981,130.5335032471511,51,27,248,4769928,250,200,120,8,0.3944,2025
KSRTC-058,PANDALAM,Pathanamthitta,2025-11,28,25,192655,261540,47213.576767553,126.53238573704205,51,27,241,4623720,250,200,120,8,0.3922,2025
KSRTC-058,PANDALAM,Pathanamthitta,2025-12,29,28,203254,275928,49811.05256708737,133.49362087979415,51,27,254,4878096,250,200,120,8,0.396,2025
KSRTC-058,PANDALAM,Pathanamthitta,2026-01,29,27,200990,272855,49256.21860066168,132.00666584977333,51,27,251,4823760,250,200,120,8,0.3952,2026
KSRTC-058,PANDALAM,Pathanamthitta,2026-02,29,27,201537,273598,49390.270800147046,132.3659257443941,51,27,252,4836888,250,200,120,8,0.3954,2026
KSRTC-058,PANDALAM,Pathanamthitta,2026-03,28,26,196795,267160,48228.158313932116,129.2514642813381,51,27,246,4723080,250,200,120,8,0.3937,2026
KSRTC-059,PAPPANAMCODE,Thiruvananthapuram,2021-04,56,54,254712,450261,62421.76203896582,167.2903222644284,51,27,318,6113088,250,200,120,8,0.6521,2021
KSRTC-059,PAPPANAMCODE,Thiruvananthapuram,2021-05,58,57,270216,483069,66221.2964097537,177.47307437813996,51,27,338,6485184,250,200,120,8,0.6553,2021
KSRTC-059,PAPPANAMCODE,Thiruvananthapuram,2021-06,55,53,245424,454859,60145.57039578483,161.19012866070338,51,27,307,5890176,250,200,120,8,0.6771,2021
KSRTC-059,PAPPANAMCODE,Thiruvananthapuram,2021-07,56,54,248715,442074,60952.089204754324,163.3515990687416,51,27,311,5969160,250,200,120,8,0.6557,2021
KSRTC-059,PAPPANAMCODE,Thiruvananthapuram,2021-08,54,51,233163,428939,57140.791569660585,153.13732140669038,51,27,291,5595912,250,200,120,8,0.6756,2021
KSRTC-059,PAPPANAMCODE,Thiruvananthapuram,2021-09,56,54,251167,449942,61552.9959563779,164.96202916309278,51,27,314,6028008,250,200,120,8,0.6591,2021
KSRTC-059,PAPPANAMCODE,Thiruvananthapuram,2021-10,57,57,267922,456014,65659.11040313687,175.96641588040683,51,27,335,6430128,250,200,120,8,0.6321,2021
KSRTC-059,PAPPANAMCODE,Thiruvananthapuram,2021-11,55,53,246612,453703,60436.71118735449,161.97038598211006,51,27,308,5918688,250,200,120,8,0.6731,2021
KSRTC-059,PAPPANAMCODE,Thiruvananthapuram,2021-12,55,52,242158,427308,59345.17828697464,159.04507780909205,51,27,303,5811792,250,200,120,8,0.6533,2021
KSRTC-059,PAPPANAMCODE,Thiruvananthapuram,2022-01,57,56,260967,484464,63954.66241882122,171.39849528244088,51,27,326,6263208,250,200,120,8,0.6754,2022
KSRTC-059,PAPPANAMCODE,Thiruvananthapuram,2022-02,55,53,246840,434880,60492.58669280726,162.1201323367235,51,27,309,5924160,250,200,120,8,0.6517,2022
KSRTC-059,PAPPANAMCODE,Thiruvananthapuram,2022-03,55,53,244388,425722,59891.679941183684,160.5097022423723,51,27,306,5865312,250,200,120,8,0.6467,2022
KSRTC-059,PAPPANAMCODE,Thiruvananthapuram,2022-04,58,58,412615,806222,101118.73544908712,270.99821100355354,51,27,516,9902760,250,200,120,8,0.6253,2022
KSRTC-059,PAPPANAMCODE,Thiruvananthapuram,2022-05,56,54,378042,752350,92645.99926479599,248.29127802965328,51,27,473,9073008,250,200,120,8,0.6402,2022
KSRTC-059,PAPPANAMCODE,Thiruvananthapuram,2022-06,56,54,377299,761946,92463.91373606176,247.80328881264555,51,27,472,9055176,250,200,120,8,0.6483,2022
KSRTC-059,PAPPANAMCODE,Thiruvananthapuram,2022-07,54,51,349440,681867,85636.56414655068,229.50599191275583,51,27,437,8386560,250,200,120,8,0.6348,2022
KSRTC-059,PAPPANAMCODE,Thiruvananthapuram,2022-08,57,56,388382,765760,95180.00245068007,255.0824065678226,51,27,486,9321168,250,200,120,8,0.6335,2022
KSRTC-059,PAPPANAMCODE,Thiruvananthapuram,2022-09,55,53,364282,713766,89273.86349712046,239.25395417228285,51,27,455,8742768,250,200,120,8,0.6341,2022
KSRTC-059,PAPPANAMCODE,Thiruvananthapuram,2022-10,55,53,365725,744306,89627.49663031491,240.20169096924397,51,27,457,8777400,250,200,120,8,0.6546,2022
KSRTC-059,PAPPANAMCODE,Thiruvananthapuram,2022-11,58,57,402856,855909,98727.11677490504,264.5886729567455,51,27,504,9668544,250,200,120,8,0.6733,2022
KSRTC-059,PAPPANAMCODE,Thiruvananthapuram,2022-12,56,54,372196,741248,91213.33169954663,244.45172895478498,51,27,465,8932704,250,200,120,8,0.6415,2022
KSRTC-059,PAPPANAMCODE,Thiruvananthapuram,2023-01,56,55,381720,785386,93547.35939223134,250.70692317118002,51,27,477,9161280,250,200,120,8,0.658,2023
KSRTC-059,PAPPANAMCODE,Thiruvananthapuram,2023-02,59,59,420889,860696,103146.42813380713,276.4324273986031,51,27,526,10101336,250,200,120,8,0.6492,2023
KSRTC-059,PAPPANAMCODE,Thiruvananthapuram,2023-03,56,54,375701,764755,92072.29506187967,246.75375076583757,51,27,470,9016824,250,200,120,8,0.653,2023
KSRTC-059,PAPPANAMCODE,Thiruvananthapuram,2023-04,66,43,395736,827945,96982.23256953806,259.912383286362,51,27,495,9497664,250,200,120,8,0.7123,2023
KSRTC-059,PAPPANAMCODE,Thiruvananthapuram,2023-05,66,43,394548,782378,96691.0917779684,259.1321259649553,51,27,493,9469152,250,200,120,8,0.6825,2023
KSRTC-059,PAPPANAMCODE,Thiruvananthapuram,2023-06,66,44,407135,812487,99775.76277416984,267.3990442347752,51,27,509,9771240,250,200,120,8,0.6849,2023
KSRTC-059,PAPPANAMCODE,Thiruvananthapuram,2023-07,64,41,373803,782482,91607.15598578606,245.50717804190666,51,27,467,8971272,250,200,120,8,0.7148,2023
KSRTC-059,PAPPANAMCODE,Thiruvananthapuram,2023-08,64,41,375698,749979,92071.55985786056,246.7517804190663,51,27,470,9016752,250,200,120,8,0.688,2023
KSRTC-059,PAPPANAMCODE,Thiruvananthapuram,2023-09,64,42,379805,785984,93078.05416002941,249.44918514887883,51,27,475,9115320,250,200,120,8,0.7076,2023
KSRTC-059,PAPPANAMCODE,Thiruvananthapuram,2023-10,68,45,421101,883054,103198.38255115795,276.5716652371033,51,27,526,10106424,250,200,120,8,0.7118,2023
KSRTC-059,PAPPANAMCODE,Thiruvananthapuram,2023-11,64,42,379686,790661,93048.89106727118,249.37102806028676,51,27,475,9112464,250,200,120,8,0.7112,2023
KSRTC-059,PAPPANAMCODE,Thiruvananthapuram,2023-12,66,44,405414,834082,99354.00073520403,266.2687219703468,51,27,507,9729936,250,200,120,8,0.702,2023
KSRTC-059,PAPPANAMCODE,Thiruvananthapuram,2024-01,64,42,376442,785815,92253.89045460116,247.24042641833114,51,27,471,9034608,250,200,120,8,0.7129,2024
KSRTC-059,PAPPANAMCODE,Thiruvananthapuram,2024-02,68,45,423773,875724,103853.20426418331,278.3265874280113,51,27,530,10170552,250,200,120,8,0.7032,2024
KSRTC-059,PAPPANAMCODE,Thiruvananthapuram,2024-03,67,44,411046,814884,100734.22374708983,269.96771964220073,51,27,514,9865104,250,200,120,8,0.6811,2024
KSRTC-059,PAPPANAMCODE,Thiruvananthapuram,2024-04,48,62,331654,450238,81277.7845852224,217.82446268839604,51,27,415,7959696,250,200,120,8,0.4415,2024
KSRTC-059,PAPPANAMCODE,Thiruvananthapuram,2024-05,47,61,328185,445530,80427.64367111874,215.54608503859825,51,27,410,7876440,250,200,120,8,0.4403,2024
KSRTC-059,PAPPANAMCODE,Thiruvananthapuram,2024-06,48,63,335399,455323,82195.56426908467,220.28411224114694,51,27,419,8049576,250,200,120,8,0.4428,2024
KSRTC-059,PAPPANAMCODE,Thiruvananthapuram,2024-07,48,62,330705,448951,81045.21504717559,217.20117632643058,51,27,413,7936920,250,200,120,8,0.4412,2024
KSRTC-059,PAPPANAMCODE,Thiruvananthapuram,2024-08,47,61,328483,445934,80500.67393701752,215.74180615120696,51,27,411,7883592,250,200,120,8,0.4404,2024
KSRTC-059,PAPPANAMCODE,Thiruvananthapuram,2024-09,48,62,330144,448190,80907.73189560103,216.83272148021078,51,27,413,7923456,250,200,120,8,0.441,2024
KSRTC-059,PAPPANAMCODE,Thiruvananthapuram,2024-10,47,60,326392,443096,79988.23673569415,214.36847445166035,51,27,408,7833408,250,200,120,8,0.4396,2024
KSRTC-059,PAPPANAMCODE,Thiruvananthapuram,2024-11,46,58,318272,432073,77998.2845239554,209.0354025242005,51,27,398,7638528,250,200,120,8,0.4367,2024
KSRTC-059,PAPPANAMCODE,Thiruvananthapuram,2024-12,47,61,328566,446047,80521.01458154638,215.7963190785443,51,27,411,7885584,250,200,120,8,0.4404,2024
KSRTC-059,PAPPANAMCODE,Thiruvananthapuram,2025-01,48,63,333232,452381,81664.50189927705,218.8608650900625,51,27,417,7997568,250,200,120,8,0.4421,2025
KSRTC-059,PAPPANAMCODE,Thiruvananthapuram,2025-02,48,61,329120,446799,80656.78225707634,216.1601764489646,51,27,411,7898880,250,200,120,8,0.4406,2025
KSRTC-059,PAPPANAMCODE,Thiruvananthapuram,2025-03,48,61,329466,447269,80741.57578728098,216.38742310991304,51,27,412,7907184,250,200,120,8,0.4407,2025
KSRTC-059,PAPPANAMCODE,Thiruvananthapuram,2025-04,47,60,325049,441273,79659.11040313687,213.48641588040684,51,27,406,7801176,250,200,120,8,0.4392,2025
KSRTC-059,PAPPANAMCODE,Thiruvananthapuram,2025-05,47,61,327452,444534,80248.00882244823,215.06466364416127,51,27,409,7858848,250,200,120,8,0.44,2025
KSRTC-059,PAPPANAMCODE,Thiruvananthapuram,2025-06,48,62,329957,447936,80861.90417840952,216.70990319813754,51,27,412,7918968,250,200,120,8,0.4409,2025
KSRTC-059,PAPPANAMCODE,Thiruvananthapuram,2025-07,47,60,324468,440484,79516.72589143488,213.1048253890455,51,27,406,7787232,250,200,120,8,0.4389,2025
KSRTC-059,PAPPANAMCODE,Thiruvananthapuram,2025-08,49,64,338285,459242,82902.8305354736,222.17958583506925,51,27,423,8118840,250,200,120,8,0.4438,2025
KSRTC-059,PAPPANAMCODE,Thiruvananthapuram,2025-09,49,63,335842,455924,82304.12939590737,220.57506678103175,51,27,420,8060208,250,200,120,8,0.443,2025
KSRTC-059,PAPPANAMCODE,Thiruvananthapuram,2025-10,47,59,322543,437871,79044.96997916923,211.84051954417353,51,27,403,7741032,250,200,120,8,0.4383,2025
KSRTC-059,PAPPANAMCODE,Thiruvananthapuram,2025-11,47,59,322315,437561,78989.09447371645,211.6907731895601,51,27,403,7735560,250,200,120,8,0.4382,2025
KSRTC-059,PAPPANAMCODE,Thiruvananthapuram,2025-12,48,61,329487,447297,80746.72221541477,216.4012155373116,51,27,412,7907688,250,200,120,8,0.4407,2025
KSRTC-059,PAPPANAMCODE,Thiruvananthapuram,2026-01,49,64,336735,457136,82522.97512559735,221.1615733366009,51,27,421,8081640,250,200,120,8,0.4433,2026
KSRTC-059,PAPPANAMCODE,Thiruvananthapuram,2026-02,48,63,334450,454035,81962.99473103786,219.66082587918146,51,27,418,8026800,250,200,120,8,0.4425,2026
KSRTC-059,PAPPANAMCODE,Thiruvananthapuram,2026-03,47,59,323035,438538,79165.54343830413,212.16365641465507,51,27,404,7752840,250,200,120,8,0.4384,2026
KSRTC-060,PARASSALA,Thiruvananthapuram,2021-04,56,55,254874,463631,62461.46305599804,167.39672099007478,51,27,319,6116976,250,200,120,8,0.6661,2021
KSRTC-060,PARASSALA,Thiruvananthapuram,2021-05,56,55,255087,466433,62513.66254135523,167.53661561083203,51,27,319,6122088,250,200,120,8,0.6687,2021
KSRTC-060,PARASSALA,Thiruvananthapuram,2021-06,56,55,256135,458125,62770.493812032844,168.22492341624803,51,27,320,6147240,250,200,120,8,0.6576,2021
KSRTC-060,PARASSALA,Thiruvananthapuram,2021-07,56,54,250776,442166,61457.17436588654,164.70522730057593,51,27,313,6018624,250,200,120,8,0.6515,2021
KSRTC-060,PARASSALA,Thiruvananthapuram,2021-08,55,52,242192,433300,59353.51059919128,159.06740840583262,51,27,303,5812608,250,200,120,8,0.66,2021
KSRTC-060,PARASSALA,Thiruvananthapuram,2021-09,54,51,233897,413436,57320.67148633746,153.6193995833844,51,27,292,5613528,250,200,120,8,0.6557,2021
KSRTC-060,PARASSALA,Thiruvananthapuram,2021-10,56,54,252930,455607,61985.050851611326,166.11993628231838,51,27,316,6070320,250,200,120,8,0.6615,2021
KSRTC-060,PARASSALA,Thiruvananthapuram,2021-11,57,57,268112,482632,65705.6733243475,176.09120450925133,51,27,335,6434688,250,200,120,8,0.659,2021
KSRTC-060,PARASSALA,Thiruvananthapuram,2021-12,55,53,247639,461907,60688.3960298983,162.64490136012748,51,27,310,5943336,250,200,120,8,0.6799,2021
KSRTC-060,PARASSALA,Thiruvananthapuram,2022-01,57,55,258767,463799,63415.51280480334,169.95357431687296,51,27,323,6210408,250,200,120,8,0.6582,2022
KSRTC-060,PARASSALA,Thiruvananthapuram,2022-02,55,53,247980,449864,60771.96422007107,162.86886410979048,51,27,310,5951520,250,200,120,8,0.6659,2022
KSRTC-060,PARASSALA,Thiruvananthapuram,2022-03,55,53,243895,427994,59770.8614140424,160.18590858963364,51,27,305,5853480,250,200,120,8,0.6503,2022
KSRTC-060,PARASSALA,Thiruvananthapuram,2022-04,56,55,380089,793461,93147.65347383899,249.6357113098885,51,27,475,9122136,250,200,120,8,0.6665,2022
KSRTC-060,PARASSALA,Thiruvananthapuram,2022-05,55,53,360365,744674,88313.93211616224,236.6813380713148,51,27,450,8648760,250,200,120,8,0.6642,2022
KSRTC-060,PARASSALA,Thiruvananthapuram,2022-06,56,54,376763,764542,92332.5572846465,247.4512535228526,51,27,471,9042312,250,200,120,8,0.6511,2022
KSRTC-060,PARASSALA,Thiruvananthapuram,2022-07,56,55,380668,795060,93289.54784952824,250.01598823673572,51,27,476,9136032,250,200,120,8,0.6667,2022
KSRTC-060,PARASSALA,Thiruvananthapuram,2022-08,56,55,380057,738266,93139.8112976351,249.6146942776621,51,27,475,9121368,250,200,120,8,0.6268,2022
KSRTC-060,PARASSALA,Thiruvananthapuram,2022-09,57,56,396036,794419,97055.75297144958,260.1094179634849,51,27,495,9504864,250,200,120,8,0.6417,2022
KSRTC-060,PARASSALA,Thiruvananthapuram,2022-10,55,53,366684,737572,89862.51684842544,240.8315451537802,51,27,458,8800416,250,200,120,8,0.648,2022
KSRTC-060,PARASSALA,Thiruvananthapuram,2022-11,57,56,391152,769854,95858.84082832986,256.901693419924,51,27,489,9387648,250,200,120,8,0.6321,2022
KSRTC-060,PARASSALA,Thiruvananthapuram,2022-12,58,57,404383,797145,99101.33562063474,265.5915794633011,51,27,506,9705192,250,200,120,8,0.6311,2022
KSRTC-060,PARASSALA,Thiruvananthapuram,2023-01,56,55,383562,787151,93998.77465996814,251.91671608871462,51,27,479,9205488,250,200,120,8,0.6563,2023
KSRTC-060,PARASSALA,Thiruvananthapuram,2023-02,56,55,380398,771023,93223.37948780788,249.83865702732513,51,27,476,9129552,250,200,120,8,0.6499,2023
KSRTC-060,PARASSALA,Thiruvananthapuram,2023-03,57,56,388990,760416,95329.0037985541,255.481730180125,51,27,486,9335760,250,200,120,8,0.6288,2023
KSRTC-060,PARASSALA,Thiruvananthapuram,2023-04,66,43,399980,813054,98022.30118857983,262.69976718539397,51,27,500,9599520,250,200,120,8,0.6957,2023
KSRTC-060,PARASSALA,Thiruvananthapuram,2023-05,66,44,400758,844966,98212.96409753707,263.2107437813994,51,27,501,9618192,250,200,120,8,0.7163,2023
KSRTC-060,PARASSALA,Thiruvananthapuram,2023-06,64,42,378415,804654,92737.40963117266,248.53625781154275,51,27,473,9081960,250,200,120,8,0.7233,2023
KSRTC-060,PARASSALA,Thiruvananthapuram,2023-07,65,43,392264,818054,96131.35645141527,257.63203528979295,51,27,490,9414336,250,200,120,8,0.7108,2023
KSRTC-060,PARASSALA,Thiruvananthapuram,2023-08,65,42,381917,788886,93595.63778948659,250.83630927582408,51,27,477,9166008,250,200,120,8,0.7063,2023
KSRTC-060,PARASSALA,Thiruvananthapuram,2023-09,66,44,407112,834775,99770.12621002329,267.3839382428624,51,27,509,9770688,250,200,120,8,0.7,2023
KSRTC-060,PARASSALA,Thiruvananthapuram,2023-10,66,43,395916,810683,97026.34481068497,260.0306040926357,51,27,495,9501984,250,200,120,8,0.7001,2023
KSRTC-060,PARASSALA,Thiruvananthapuram,2023-11,65,42,387699,777044,95012.62100232815,254.63382428623945,51,27,485,9304776,250,200,120,8,0.689,2023
KSRTC-060,PARASSALA,Thiruvananthapuram,2023-12,65,43,393600,821360,96458.76730792795,258.5094963852469,51,27,492,9446400,250,200,120,8,0.711,2023
KSRTC-060,PARASSALA,Thiruvananthapuram,2024-01,65,43,388304,798948,95160.88714618307,255.03117755177064,51,27,485,9319296,250,200,120,8,0.7035,2024
KSRTC-060,PARASSALA,Thiruvananthapuram,2024-02,68,46,434128,871219,106390.88347016298,285.1275677000368,51,27,543,10419072,250,200,120,8,0.6863,2024
KSRTC-060,PARASSALA,Thiruvananthapuram,2024-03,65,42,384093,782125,94128.90577135155,252.26546746722215,51,27,480,9218232,250,200,120,8,0.6981,2024
KSRTC-060,PARASSALA,Thiruvananthapuram,2024-04,49,64,338334,459307,82914.83886778582,222.211768165666,51,27,423,8120016,250,200,120,8,0.4439,2024
KSRTC-060,PARASSALA,Thiruvananthapuram,2024-05,47,59,322550,437880,79046.68545521382,211.84511701997306,51,27,403,7741200,250,200,120,8,0.4383,2024
KSRTC-060,PARASSALA,Thiruvananthapuram,2024-06,46,58,319913,434300,78400.44112241147,210.11318220806277,51,27,400,7677912,250,200,120,8,0.4373,2024
KSRTC-060,PARASSALA,Thiruvananthapuram,2024-07,48,63,334153,453631,81890.20953314545,219.46576154882982,51,27,418,8019672,250,200,120,8,0.4424,2024
KSRTC-060,PARASSALA,Thiruvananthapuram,2024-08,48,63,333426,452644,81712.04509251317,218.98828084793533,51,27,417,8002224,250,200,120,8,0.4421,2024
KSRTC-060,PARASSALA,Thiruvananthapuram,2024-09,47,61,327846,445070,80344.56561695872,215.32343585344935,51,27,410,7868304,250,200,120,8,0.4401,2024
KSRTC-060,PARASSALA,Thiruvananthapuram,2024-10,48,61,329411,447194,80728.09704693053,216.35130008577383,51,27,412,7905864,250,200,120,8,0.4407,2024
KSRTC-060,PARASSALA,Thiruvananthapuram,2024-11,46,58,319497,433736,78298.49283176081,209.83996078911898,51,27,399,7667928,250,200,120,8,0.4372,2024
KSRTC-060,PARASSALA,Thiruvananthapuram,2024-12,47,61,326822,443679,80093.61597843401,214.65089082220317,51,27,409,7843728,250,200,120,8,0.4398,2024
KSRTC-060,PARASSALA,Thiruvananthapuram,2025-01,48,63,333806,453161,81805.17093493445,219.23785810562433,51,27,417,8011344,250,200,120,8,0.4423,2025
KSRTC-060,PARASSALA,Thiruvananthapuram,2025-02,48,61,329362,447128,80716.08871461831,216.31911775517707,51,27,412,7904688,250,200,120,8,0.4407,2025
KSRTC-060,PARASSALA,Thiruvananthapuram,2025-03,48,63,334506,454110,81976.71853939469,219.69760568557777,51,27,418,8028144,250,200,120,8,0.4425,2025
KSRTC-060,PARASSALA,Thiruvananthapuram,2025-04,48,62,332920,451958,81588.04068128906,218.6559490258547,51,27,416,7990080,250,200,120,8,0.4419,2025
KSRTC-060,PARASSALA,Thiruvananthapuram,2025-05,48,62,331827,450473,81320.18135032472,217.93808601887025,51,27,415,7963848,250,200,120,8,0.4416,2025
KSRTC-060,PARASSALA,Thiruvananthapuram,2025-06,48,61,328884,446479,80598.9462075726,216.0051758362946,51,27,411,7893216,250,200,120,8,0.4405,2025
KSRTC-060,PARASSALA,Thiruvananthapuram,2025-07,48,62,330671,448904,81036.88273495896,217.17884572969,51,27,413,7936104,250,200,120,8,0.4411,2025
KSRTC-060,PARASSALA,Thiruvananthapuram,2025-08,48,62,331453,449966,81228.52591594167,217.69244945472371,51,27,414,7954872,250,200,120,8,0.4414,2025
KSRTC-060,PARASSALA,Thiruvananthapuram,2025-09,48,62,332768,451751,81550.79034432056,218.55611812277908,51,27,416,7986432,250,200,120,8,0.4419,2025
KSRTC-060,PARASSALA,Thiruvananthapuram,2025-10,47,60,324973,441170,79640.48523465262,213.43650042886904,51,27,406,7799352,250,200,120,8,0.4391,2025
KSRTC-060,PARASSALA,Thiruvananthapuram,2025-11,47,61,327382,444440,80230.85406200221,215.01868888616593,51,27,409,7857168,250,200,120,8,0.44,2025
KSRTC-060,PARASSALA,Thiruvananthapuram,2025-12,47,60,325098,441339,79671.1187354491,213.5185982110036,51,27,406,7802352,250,200,120,8,0.4392,2025
KSRTC-060,PARASSALA,Thiruvananthapuram,2026-01,47,61,328116,445436,80410.73397867908,215.50076706285995,51,27,410,7874784,250,200,120,8,0.4402,2026
KSRTC-060,PARASSALA,Thiruvananthapuram,2026-02,47,61,327936,445192,80366.62173753217,215.38254625658624,51,27,410,7870464,250,200,120,8,0.4402,2026
KSRTC-060,PARASSALA,Thiruvananthapuram,2026-03,47,61,327597,444731,80283.54368337215,215.15989707143737,51,27,410,7862328,250,200,120,8,0.4401,2026
KSRTC-061,PATHANAMTHITTA,Pathanamthitta,2021-04,41,32,175402,227766,42985.418453620885,115.20092145570398,51,27,219,4209648,250,200,120,8,0.5069,2021
KSRTC-061,PATHANAMTHITTA,Pathanamthitta,2021-05,41,32,176602,212741,43279.500061267005,115.98906016419558,51,27,221,4238448,250,200,120,8,0.4807,2021
KSRTC-061,PATHANAMTHITTA,Pathanamthitta,2021-06,40,32,170783,223626,41853.44933218969,112.16724421026836,51,27,213,4098792,250,200,120,8,0.5115,2021
KSRTC-061,PATHANAMTHITTA,Pathanamthitta,2021-07,42,34,187006,240884,45829.18759955888,122.82222276681779,51,27,234,4488144,250,200,120,8,0.5001,2021
KSRTC-061,PATHANAMTHITTA,Pathanamthitta,2021-08,40,31,170214,217075,41714.00563656415,111.79353510599194,51,27,213,4085136,250,200,120,8,0.5024,2021
KSRTC-061,PATHANAMTHITTA,Pathanamthitta,2021-09,41,33,183133,236160,44880.03921088102,120.27850508516114,51,27,229,4395192,250,200,120,8,0.5017,2021
KSRTC-061,PATHANAMTHITTA,Pathanamthitta,2021-10,40,31,170056,224411,41675.28489155741,111.68976350937385,51,27,213,4081344,250,200,120,8,0.5146,2021
KSRTC-061,PATHANAMTHITTA,Pathanamthitta,2021-11,41,33,183068,215712,44864.10979046686,120.23581423845118,51,27,229,4393632,250,200,120,8,0.4713,2021
KSRTC-061,PATHANAMTHITTA,Pathanamthitta,2021-12,40,32,171125,224005,41937.26259036883,112.39186374218848,51,27,214,4107000,250,200,120,8,0.5113,2021
KSRTC-061,PATHANAMTHITTA,Pathanamthitta,2022-01,42,34,188207,240359,46123.514275211375,123.6110182575665,51,27,235,4516968,250,200,120,8,0.4967,2022
KSRTC-061,PATHANAMTHITTA,Pathanamthitta,2022-02,39,30,158770,194881,38909.447371645634,104.2773189560103,51,27,198,3810480,250,200,120,8,0.4939,2022
KSRTC-061,PATHANAMTHITTA,Pathanamthitta,2022-03,40,31,168524,218489,41299.84070579586,110.68357309153292,51,27,211,4044576,250,200,120,8,0.5089,2022
KSRTC-061,PATHANAMTHITTA,Pathanamthitta,2022-04,41,36,332244,436736,81422.37470898175,218.21196422007108,51,27,415,7973856,250,200,120,8,0.3632,2022
KSRTC-061,PATHANAMTHITTA,Pathanamthitta,2022-05,40,35,315983,424922,77437.32385737043,207.5320279377528,51,27,395,7583592,250,200,120,8,0.3773,2022
KSRTC-061,PATHANAMTHITTA,Pathanamthitta,2022-06,39,33,297542,397569,72918.02475186865,195.420306335008,51,27,372,7141008,250,200,120,8,0.3821,2022
KSRTC-061,PATHANAMTHITTA,Pathanamthitta,2022-07,38,32,288090,390610,70601.6419556427,189.21240044112244,51,27,360,6914160,250,200,120,8,0.3915,2022
KSRTC-061,PATHANAMTHITTA,Pathanamthitta,2022-08,41,36,335587,471464,82241.63705428256,220.40758730547728,51,27,420,8054088,250,200,120,8,0.3868,2022
KSRTC-061,PATHANAMTHITTA,Pathanamthitta,2022-09,40,35,318702,446176,78103.66376669526,209.3178188947433,51,27,398,7648848,250,200,120,8,0.3914,2022
KSRTC-061,PATHANAMTHITTA,Pathanamthitta,2022-10,40,36,329729,454639,80806.02867295675,216.56015684352408,51,27,412,7913496,250,200,120,8,0.3817,2022
KSRTC-061,PATHANAMTHITTA,Pathanamthitta,2022-11,40,35,323064,444495,79172.65041048892,212.18270310011033,51,27,404,7753536,250,200,120,8,0.3832,2022
KSRTC-061,PATHANAMTHITTA,Pathanamthitta,2022-12,39,33,297387,411011,72880.03921088102,195.31850508516112,51,27,372,7137288,250,200,120,8,0.3948,2022
KSRTC-061,PATHANAMTHITTA,Pathanamthitta,2023-01,38,32,280039,388330,68628.59943634359,183.92464648940083,51,27,350,6720936,250,200,120,8,0.4035,2023
KSRTC-061,PATHANAMTHITTA,Pathanamthitta,2023-02,39,34,309064,425601,75741.69832128416,202.98775150104154,51,27,386,7417536,250,200,120,8,0.3887,2023
KSRTC-061,PATHANAMTHITTA,Pathanamthitta,2023-03,40,35,323467,453718,79271.41281705674,212.4473863497121,51,27,404,7763208,250,200,120,8,0.3904,2023
KSRTC-061,PATHANAMTHITTA,Pathanamthitta,2023-04,39,33,328580,455503,80524.44553363559,215.8055140301434,51,27,411,7885920,250,200,120,8,0.3675,2023
KSRTC-061,PATHANAMTHITTA,Pathanamthitta,2023-05,40,35,352179,439838,86307.80541600294,231.3049185148879,51,27,440,8452296,250,200,120,8,0.3206,2023
KSRTC-061,PATHANAMTHITTA,Pathanamthitta,2023-06,41,36,362514,469415,88840.58326185516,238.09276314177185,51,27,453,8700336,250,200,120,8,0.3295,2023
KSRTC-061,PATHANAMTHITTA,Pathanamthitta,2023-07,40,36,360509,472374,88349.22190907977,236.77591471633383,51,27,451,8652216,250,200,120,8,0.3344,2023
KSRTC-061,PATHANAMTHITTA,Pathanamthitta,2023-08,40,35,356088,465801,87265.77625291019,233.87228035779933,51,27,445,8546112,250,200,120,8,0.3354,2023
KSRTC-061,PATHANAMTHITTA,Pathanamthitta,2023-09,39,33,326529,431414,80021.81105256709,214.45845362087982,51,27,408,7836696,250,200,120,8,0.3505,2023
KSRTC-061,PATHANAMTHITTA,Pathanamthitta,2023-10,39,34,331982,437238,81358.16689131234,218.03988726871708,51,27,415,7967568,250,200,120,8,0.3471,2023
KSRTC-061,PATHANAMTHITTA,Pathanamthitta,2023-11,40,35,350075,476231,85792.18233059674,229.92304864599927,51,27,438,8401800,250,200,120,8,0.3519,2023
KSRTC-061,PATHANAMTHITTA,Pathanamthitta,2023-12,40,35,346719,446391,84969.7341012131,227.71888739125112,51,27,433,8321256,250,200,120,8,0.3332,2023
KSRTC-061,PATHANAMTHITTA,Pathanamthitta,2024-01,42,37,383738,506353,94041.90662908957,252.03230976596006,51,27,480,9209712,250,200,120,8,0.3292,2024
KSRTC-061,PATHANAMTHITTA,Pathanamthitta,2024-02,40,35,348789,457554,85477.02487440265,229.0784266633991,51,27,436,8370936,250,200,120,8,0.3391,2024
KSRTC-061,PATHANAMTHITTA,Pathanamthitta,2024-03,42,38,388227,517066,95142.01690969245,254.98060531797577,51,27,485,9317448,250,200,120,8,0.3312,2024
KSRTC-061,PATHANAMTHITTA,Pathanamthitta,2024-04,39,36,270181,366786,66212.7190295307,177.4500869991423,51,27,338,6484344,250,200,120,8,0.4197,2024
KSRTC-061,PATHANAMTHITTA,Pathanamthitta,2024-05,38,35,262442,356279,64316.13772821958,172.36724911162847,51,27,328,6298608,250,200,120,8,0.417,2024
KSRTC-061,PATHANAMTHITTA,Pathanamthitta,2024-06,40,37,274459,372594,67261.11996078912,180.25980149491483,51,27,343,6587016,250,200,120,8,0.4212,2024
KSRTC-061,PATHANAMTHITTA,Pathanamthitta,2024-07,38,35,265391,360283,65038.843279009925,174.3040999877466,51,27,332,6369384,250,200,120,8,0.418,2024
KSRTC-061,PATHANAMTHITTA,Pathanamthitta,2024-08,39,37,272313,369681,66735.2040191153,178.85034677122903,51,27,340,6535512,250,200,120,8,0.4205,2024
KSRTC-061,PATHANAMTHITTA,Pathanamthitta,2024-09,39,37,272971,370573,66896.45876730794,179.2825094963853,51,27,341,6551304,250,200,120,8,0.4207,2024
KSRTC-061,PATHANAMTHITTA,Pathanamthitta,2024-10,39,37,272106,369399,66684.47494179635,178.7143928440142,51,27,340,6530544,250,200,120,8,0.4204,2024
KSRTC-061,PATHANAMTHITTA,Pathanamthitta,2024-11,38,35,265896,360969,65162.60262222767,174.63577502757016,51,27,332,6381504,250,200,120,8,0.4182,2024
KSRTC-061,PATHANAMTHITTA,Pathanamthitta,2024-12,40,37,275075,373430,67412.08185271414,180.6643793652739,51,27,344,6601800,250,200,120,8,0.4214,2024
KSRTC-061,PATHANAMTHITTA,Pathanamthitta,2025-01,37,34,258337,350707,63310.13356206348,169.67115794633014,51,27,323,6200088,250,200,120,8,0.4155,2025
KSRTC-061,PATHANAMTHITTA,Pathanamthitta,2025-02,37,33,256779,348592,62928.31760813626,168.6478911898052,51,27,321,6162696,250,200,120,8,0.4149,2025
KSRTC-061,PATHANAMTHITTA,Pathanamthitta,2025-03,38,35,263965,358347,64689.37630192379,173.36752848915575,51,27,330,6335160,250,200,120,8,0.4175,2025
KSRTC-061,PATHANAMTHITTA,Pathanamthitta,2025-04,39,37,273109,370761,66930.27815218724,179.37314544786182,51,27,341,6554616,250,200,120,8,0.4207,2025
KSRTC-061,PATHANAMTHITTA,Pathanamthitta,2025-05,39,36,267931,363732,65661.31601519421,175.97232692072052,51,27,335,6430344,250,200,120,8,0.4189,2025
KSRTC-061,PATHANAMTHITTA,Pathanamthitta,2025-06,38,35,264844,359540,64904.79107952457,173.94484009312586,51,27,331,6356256,250,200,120,8,0.4178,2025
KSRTC-061,PATHANAMTHITTA,Pathanamthitta,2025-07,40,38,276958,375987,67873.54490871217,181.9011003553486,51,27,346,6646992,250,200,120,8,0.4221,2025
KSRTC-061,PATHANAMTHITTA,Pathanamthitta,2025-08,39,37,272742,370263,66840.3381938488,179.13210635951478,51,27,341,6545808,250,200,120,8,0.4206,2025
KSRTC-061,PATHANAMTHITTA,Pathanamthitta,2025-09,39,36,268603,364643,65826.00171547604,176.4136845974758,51,27,336,6446472,250,200,120,8,0.4191,2025
KSRTC-061,PATHANAMTHITTA,Pathanamthitta,2025-10,37,34,257880,350086,63198.13748315158,169.37100845484625,51,27,322,6189120,250,200,120,8,0.4153,2025
KSRTC-061,PATHANAMTHITTA,Pathanamthitta,2025-11,39,37,271524,368609,66541.84536208799,178.3321455703958,51,27,339,6516576,250,200,120,8,0.4202,2025
KSRTC-061,PATHANAMTHITTA,Pathanamthitta,2025-12,38,35,263023,357069,64458.52223992158,172.74883960298985,51,27,329,6312552,250,200,120,8,0.4172,2025
KSRTC-061,PATHANAMTHITTA,Pathanamthitta,2026-01,39,36,270278,366918,66236.49062614876,177.51379487807867,51,27,338,6486672,250,200,120,8,0.4197,2026
KSRTC-061,PATHANAMTHITTA,Pathanamthitta,2026-02,37,34,257804,349983,63179.51231466732,169.32109300330842,51,27,322,6187296,250,200,120,8,0.4153,2026
KSRTC-061,PATHANAMTHITTA,Pathanamthitta,2026-03,38,35,265225,360057,64998.16198995221,174.19507413307193,51,27,332,6365400,250,200,120,8,0.4179,2026
KSRTC-062,PATHANAPURAM,Kollam,2021-04,65,58,311737,523330,76396.7651023159,204.74333047420663,51,27,390,7481688,250,200,120,8,0.6332,2021
KSRTC-062,PATHANAPURAM,Kollam,2021-05,63,56,297509,501434,72909.93750765838,195.39863252052447,51,27,372,7140216,250,200,120,8,0.6364,2021
KSRTC-062,PATHANAPURAM,Kollam,2021-06,62,54,287927,479342,70561.69587060409,189.10534493321896,51,27,360,6910248,250,200,120,8,0.6318,2021
KSRTC-062,PATHANAPURAM,Kollam,2021-07,64,56,301314,495243,73842.42127190296,197.89768900869993,51,27,377,7231536,250,200,120,8,0.6245,2021
KSRTC-062,PATHANAPURAM,Kollam,2021-08,65,57,309613,502426,75876.24065678226,203.34832496017648,51,27,387,7430712,250,200,120,8,0.618,2021
KSRTC-062,PATHANAPURAM,Kollam,2021-09,65,58,311518,523060,76343.09520892048,204.5994951599069,51,27,389,7476432,250,200,120,8,0.6333,2021
KSRTC-062,PATHANAPURAM,Kollam,2021-10,65,59,318729,536256,78110.2806028673,209.33555201568436,51,27,398,7649496,250,200,120,8,0.6336,2021
KSRTC-062,PATHANAPURAM,Kollam,2021-11,62,53,281948,472567,69096.43426050729,185.17844381815954,51,27,352,6766752,250,200,120,8,0.6357,2021
KSRTC-062,PATHANAPURAM,Kollam,2021-12,64,57,306168,504000,75031.98137483152,201.08571008454848,51,27,383,7348032,250,200,120,8,0.6248,2021
KSRTC-062,PATHANAPURAM,Kollam,2022-01,64,57,304037,509639,74509.74145325329,199.6861070947188,51,27,380,7296888,250,200,120,8,0.6332,2022
KSRTC-062,PATHANAPURAM,Kollam,2022-02,65,58,315526,499247,77325.32777845852,207.23187844626884,51,27,394,7572624,250,200,120,8,0.6064,2022
KSRTC-062,PATHANAPURAM,Kollam,2022-03,64,56,299299,492647,73348.60923906384,196.5742727606911,51,27,374,7183176,250,200,120,8,0.6254,2022
KSRTC-062,PATHANAPURAM,Kollam,2022-04,68,48,485928,887956,119085.40620022056,319.14888861659114,51,27,607,11662272,250,200,120,8,0.6106,2022
KSRTC-062,PATHANAPURAM,Kollam,2022-05,66,45,456722,805049,111927.9500061267,299.96690601641956,51,27,571,10961328,250,200,120,8,0.595,2022
KSRTC-062,PATHANAPURAM,Kollam,2022-06,67,47,474566,873784,116300.94351182453,311.68652861168977,51,27,593,11389584,250,200,120,8,0.6151,2022
KSRTC-062,PATHANAPURAM,Kollam,2022-07,65,44,440223,799408,107884.57296899891,289.1306555569171,51,27,550,10565352,250,200,120,8,0.611,2022
KSRTC-062,PATHANAPURAM,Kollam,2022-08,63,43,421571,795963,103313.56451415268,276.8803528979292,51,27,527,10117704,250,200,120,8,0.6328,2022
KSRTC-062,PATHANAPURAM,Kollam,2022-09,63,42,417609,746616,102342.60507290774,274.27818159539277,51,27,522,10022616,250,200,120,8,0.6058,2022
KSRTC-062,PATHANAPURAM,Kollam,2022-10,64,44,436204,764658,106899.64465139077,286.49104766572725,51,27,545,10468896,250,200,120,8,0.5942,2022
KSRTC-062,PATHANAPURAM,Kollam,2022-11,65,44,444609,805774,108959.44124494548,292.0113025364539,51,27,556,10670616,250,200,120,8,0.6096,2022
KSRTC-062,PATHANAPURAM,Kollam,2022-12,67,47,480174,877241,117675.28489155741,315.36976350937385,51,27,600,11524176,250,200,120,8,0.6109,2022
KSRTC-062,PATHANAPURAM,Kollam,2023-01,63,43,421250,756549,103234.89768410735,276.6695257934077,51,27,527,10110000,250,200,120,8,0.6076,2023
KSRTC-062,PATHANAPURAM,Kollam,2023-02,67,47,476806,831907,116849.8958460973,313.1577208675407,51,27,596,11443344,250,200,120,8,0.5886,2023
KSRTC-062,PATHANAPURAM,Kollam,2023-03,64,44,433559,815492,106251.43977453744,284.7538585957604,51,27,542,10405416,250,200,120,8,0.6295,2023
KSRTC-062,PATHANAPURAM,Kollam,2023-04,63,41,425077,768297,104172.7729444921,279.18303149123886,51,27,531,10201848,250,200,120,8,0.6096,2023
KSRTC-062,PATHANAPURAM,Kollam,2023-05,68,46,496518,889685,121680.67638769759,326.1042127190296,51,27,621,11916432,250,200,120,8,0.5983,2023
KSRTC-062,PATHANAPURAM,Kollam,2023-06,66,44,465589,828364,114100.96801862518,305.79059428991553,51,27,582,11174136,250,200,120,8,0.5974,2023
KSRTC-062,PATHANAPURAM,Kollam,2023-07,66,44,471437,843722,115534.12571988728,309.63145692929794,51,27,589,11314488,250,200,120,8,0.5997,2023
KSRTC-062,PATHANAPURAM,Kollam,2023-08,68,46,505398,870528,123856.88028427889,331.93643916186744,51,27,632,12129552,250,200,120,8,0.5787,2023
KSRTC-062,PATHANAPURAM,Kollam,2023-09,68,46,499102,890504,122313.93211616224,327.8013380713148,51,27,624,11978448,250,200,120,8,0.5961,2023
KSRTC-062,PATHANAPURAM,Kollam,2023-10,69,46,506641,926331,124161.49981619901,332.7528195074134,51,27,633,12159384,250,200,120,8,0.6077,2023
KSRTC-062,PATHANAPURAM,Kollam,2023-11,68,46,504751,943395,123698.32128415637,331.5115010415391,51,27,631,12114024,250,200,120,8,0.6189,2023
KSRTC-062,PATHANAPURAM,Kollam,2023-12,69,47,507420,888906,124352.40779316261,333.26445288567584,51,27,634,12178080,250,200,120,8,0.5867,2023
KSRTC-062,PATHANAPURAM,Kollam,2024-01,69,47,517740,966974,126881.50961891926,340.0424457787036,51,27,647,12425760,250,200,120,8,0.6178,2024
KSRTC-062,PATHANAPURAM,Kollam,2024-02,67,44,477170,892237,116939.10060041663,313.3967896091166,51,27,596,11452080,250,200,120,8,0.6212,2024
KSRTC-062,PATHANAPURAM,Kollam,2024-03,68,45,491420,888978,120431.31969121432,322.7559367724544,51,27,614,11794080,250,200,120,8,0.6034,2024
KSRTC-062,PATHANAPURAM,Kollam,2024-04,69,66,475851,645994,116615.85590001226,312.5304938120329,51,27,595,11420424,250,200,120,8,0.4926,2024
KSRTC-062,PATHANAPURAM,Kollam,2024-05,67,64,466526,633335,114330.59674059552,306.405999264796,51,27,583,11196624,250,200,120,8,0.4893,2024
KSRTC-062,PATHANAPURAM,Kollam,2024-06,66,62,460123,624643,112761.4262957971,302.2006224727362,51,27,575,11042952,250,200,120,8,0.487,2024
KSRTC-062,PATHANAPURAM,Kollam,2024-07,66,62,458288,622152,112311.7265041049,300.99542703100116,51,27,573,10998912,250,200,120,8,0.4864,2024
KSRTC-062,PATHANAPURAM,Kollam,2024-08,65,60,452328,614061,110851.12118612915,297.0810047788261,51,27,565,10855872,250,200,120,8,0.4843,2024
KSRTC-062,PATHANAPURAM,Kollam,2024-09,67,63,465301,631672,114030.3884327901,305.6014409998775,51,27,582,11167224,250,200,120,8,0.4889,2024
KSRTC-062,PATHANAPURAM,Kollam,2024-10,66,62,459749,624135,112669.77086141404,301.95498590858966,51,27,575,11033976,250,200,120,8,0.4869,2024
KSRTC-062,PATHANAPURAM,Kollam,2024-11,66,62,458205,622039,112291.38585957604,300.94091410366383,51,27,573,10996920,250,200,120,8,0.4864,2024
KSRTC-062,PATHANAPURAM,Kollam,2024-12,65,60,451179,612501,110569.538046808,296.32636196544547,51,27,564,10828296,250,200,120,8,0.4839,2024
KSRTC-062,PATHANAPURAM,Kollam,2025-01,65,60,451629,613111,110679.81864967529,296.6219139811298,51,27,565,10839096,250,200,120,8,0.484,2025
KSRTC-062,PATHANAPURAM,Kollam,2025-02,68,65,473393,642658,116013.47874035046,310.91612302413927,51,27,592,11361432,250,200,120,8,0.4918,2025
KSRTC-062,PATHANAPURAM,Kollam,2025-03,66,62,458870,622942,112454.35608381327,301.37767430461963,51,27,574,11012880,250,200,120,8,0.4866,2025
KSRTC-062,PATHANAPURAM,Kollam,2025-04,66,62,460040,624530,112741.08565126824,302.14610954539893,51,27,575,11040960,250,200,120,8,0.487,2025
KSRTC-062,PATHANAPURAM,Kollam,2025-05,68,65,471933,640675,115655.67945104768,309.9572209288078,51,27,590,11326392,250,200,120,8,0.4912,2025
KSRTC-062,PATHANAPURAM,Kollam,2025-06,67,63,465543,632001,114089.69489033207,305.76038230609,51,27,582,11173032,250,200,120,8,0.489,2025
KSRTC-062,PATHANAPURAM,Kollam,2025-07,66,61,455692,618628,111675.52995956379,299.29042029163094,51,27,570,10936608,250,200,120,8,0.4855,2025
KSRTC-062,PATHANAPURAM,Kollam,2025-08,65,60,450424,611476,110384.51170199731,295.8304913613528,51,27,563,10810176,250,200,120,8,0.4836,2025
KSRTC-062,PATHANAPURAM,Kollam,2025-09,67,62,460939,625751,112961.40178899645,302.73655679451053,51,27,576,11062536,250,200,120,8,0.4873,2025
KSRTC-062,PATHANAPURAM,Kollam,2025-10,68,64,469025,636728,114943.02168851857,308.04729812522976,51,27,586,11256600,250,200,120,8,0.4902,2025
KSRTC-062,PATHANAPURAM,Kollam,2025-11,67,63,466069,632715,114218.60066168362,306.1058497733121,51,27,583,11185656,250,200,120,8,0.4892,2025
KSRTC-062,PATHANAPURAM,Kollam,2025-12,66,61,454910,617566,111483.88677858106,298.7768165665973,51,27,569,10917840,250,200,120,8,0.4852,2025
KSRTC-062,PATHANAPURAM,Kollam,2026-01,67,63,465917,632508,114181.35032471511,306.0060188702365,51,27,582,11182008,250,200,120,8,0.4891,2026
KSRTC-062,PATHANAPURAM,Kollam,2026-02,66,61,454349,616805,111346.4036270065,298.4083617203774,51,27,568,10904376,250,200,120,8,0.485,2026
KSRTC-062,PATHANAPURAM,Kollam,2026-03,66,61,456585,619840,111894.37568925378,299.87692684720014,51,27,571,10958040,250,200,120,8,0.4858,2026
KSRTC-063,PAYYANNUR,Kannur,2021-04,76,57,403191,483385,98809.21455703958,264.8086950128661,51,27,504,9676584,250,200,120,8,0.5089,2021
KSRTC-063,PAYYANNUR,Kannur,2021-05,77,57,407966,474044,99979.41428746478,267.9448302904056,51,27,510,9791184,250,200,120,8,0.4987,2021
KSRTC-063,PAYYANNUR,Kannur,2021-06,76,57,404545,484798,99141.03663766696,265.6979781889475,51,27,506,9709080,250,200,120,8,0.5087,2021
KSRTC-063,PAYYANNUR,Kannur,2021-07,75,55,388269,468639,95152.30976596006,255.00819017277297,51,27,485,9318456,250,200,120,8,0.5116,2021
KSRTC-063,PAYYANNUR,Kannur,2021-08,78,59,427368,515887,104734.22374708983,280.68771964220076,51,27,534,10256832,250,200,120,8,0.5108,2021
KSRTC-063,PAYYANNUR,Kannur,2021-09,77,57,410254,483948,100540.12988604339,269.4475480945963,51,27,513,9846096,250,200,120,8,0.5035,2021
KSRTC-063,PAYYANNUR,Kannur,2021-10,75,55,387090,468418,94863.37458644774,254.23384389167995,51,27,484,9290160,250,200,120,8,0.5125,2021
KSRTC-063,PAYYANNUR,Kannur,2021-11,77,58,417949,502998,102425.92819507414,274.50148756279873,51,27,522,10030776,250,200,120,8,0.5099,2021
KSRTC-063,PAYYANNUR,Kannur,2021-12,76,56,398705,464924,97709.83948045583,261.86236980762163,51,27,498,9568920,250,200,120,8,0.5,2021
KSRTC-063,PAYYANNUR,Kannur,2022-01,75,56,393082,453290,96331.82208062737,258.16928317608136,51,27,491,9433968,250,200,120,8,0.4967,2022
KSRTC-063,PAYYANNUR,Kannur,2022-02,77,58,418677,490994,102604.33770371278,274.9796250459503,51,27,523,10048248,250,200,120,8,0.5014,2022
KSRTC-063,PAYYANNUR,Kannur,2022-03,74,55,383524,448260,93989.46207572601,251.89175836294572,51,27,479,9204576,250,200,120,8,0.5013,2022
KSRTC-063,PAYYANNUR,Kannur,2022-04,76,65,558893,737224,136966.79328513663,367.0710060041662,51,27,699,13413432,250,200,120,8,0.4907,2022
KSRTC-063,PAYYANNUR,Kannur,2022-05,77,67,574693,771214,140838.86778581058,377.4481656659724,51,27,718,13792632,250,200,120,8,0.4967,2022
KSRTC-063,PAYYANNUR,Kannur,2022-06,76,65,557248,756563,136563.65641465507,365.9905991912756,51,27,697,13373952,250,200,120,8,0.5014,2022
KSRTC-063,PAYYANNUR,Kannur,2022-07,77,66,565122,741499,138493.32189682638,371.16210268349477,51,27,706,13562928,250,200,120,8,0.4887,2022
KSRTC-063,PAYYANNUR,Kannur,2022-08,75,63,531063,689987,130146.55066781033,348.7927557897317,51,27,664,12745512,250,200,120,8,0.4862,2022
KSRTC-063,PAYYANNUR,Kannur,2022-09,78,67,582788,776004,142822.69329739004,382.76481803700534,51,27,729,13986912,250,200,120,8,0.4938,2022
KSRTC-063,PAYYANNUR,Kannur,2022-10,73,61,510779,713193,125175.59122656538,335.47058448719525,51,27,639,12258696,250,200,120,8,0.5137,2022
KSRTC-063,PAYYANNUR,Kannur,2022-11,74,62,522118,718378,127954.41735081485,342.91783850018385,51,27,653,12530832,250,200,120,8,0.5076,2022
KSRTC-063,PAYYANNUR,Kannur,2022-12,78,67,585215,781457,143417.4733488543,384.3588285749296,51,27,732,14045160,250,200,120,8,0.4948,2022
KSRTC-063,PAYYANNUR,Kannur,2023-01,76,65,555840,738233,136218.60066168362,365.06584977331215,51,27,695,13340160,250,200,120,8,0.4933,2023
KSRTC-063,PAYYANNUR,Kannur,2023-02,76,65,557375,740913,136594.7800514643,366.0740105379244,51,27,697,13377000,250,200,120,8,0.4936,2023
KSRTC-063,PAYYANNUR,Kannur,2023-03,76,65,555583,708875,136155.6181840461,364.8970567332436,51,27,695,13333992,250,200,120,8,0.479,2023
KSRTC-063,PAYYANNUR,Kannur,2023-04,70,59,565266,825500,138528.6116897439,371.25667932851366,51,27,707,13566384,250,200,120,8,0.4914,2023
KSRTC-063,PAYYANNUR,Kannur,2023-05,71,60,581825,808252,142586.69280725403,382.13233672344086,51,27,727,13963800,250,200,120,8,0.471,2023
KSRTC-063,PAYYANNUR,Kannur,2023-06,70,58,559167,804771,137033.94191888248,367.2509643426051,51,27,699,13420008,250,200,120,8,0.486,2023
KSRTC-063,PAYYANNUR,Kannur,2023-07,74,64,631992,918822,154881.0194829065,415.08113221418944,51,27,790,15167808,250,200,120,8,0.4869,2023
KSRTC-063,PAYYANNUR,Kannur,2023-08,70,59,568223,802920,139253.27778458523,373.1987844626884,51,27,710,13637352,250,200,120,8,0.4783,2023
KSRTC-063,PAYYANNUR,Kannur,2023-09,71,61,586693,807132,143779.68386227178,385.3295527508884,51,27,733,14080632,250,200,120,8,0.467,2023
KSRTC-063,PAYYANNUR,Kannur,2023-10,69,57,546322,776008,133886.04337703713,358.81459625045954,51,27,683,13111728,250,200,120,8,0.4818,2023
KSRTC-063,PAYYANNUR,Kannur,2023-11,71,61,590097,820172,144613.8953559613,387.56523955397626,51,27,738,14162328,250,200,120,8,0.4708,2023
KSRTC-063,PAYYANNUR,Kannur,2023-12,71,61,587438,841811,143962.25952701876,385.81885553241034,51,27,734,14098512,250,200,120,8,0.4827,2023
KSRTC-063,PAYYANNUR,Kannur,2024-01,70,59,563965,791904,138209.77821345424,370.40220561205734,51,27,705,13535160,250,200,120,8,0.4761,2024
KSRTC-063,PAYYANNUR,Kannur,2024-02,69,58,552292,744840,135349.0993750766,362.7355863252053,51,27,690,13255008,250,200,120,8,0.4617,2024
KSRTC-063,PAYYANNUR,Kannur,2024-03,70,59,562242,785438,137787.52603847568,369.2705697831148,51,27,703,13493808,250,200,120,8,0.4742,2024
KSRTC-063,PAYYANNUR,Kannur,2024-04,71,65,490236,665523,120141.15917167015,321.97830658007604,51,27,613,11765664,250,200,120,8,0.4977,2024
KSRTC-063,PAYYANNUR,Kannur,2024-05,69,62,475643,645712,116564.88175468692,312.393883102561,51,27,595,11415432,250,200,120,8,0.4926,2024
KSRTC-063,PAYYANNUR,Kannur,2024-06,69,62,475020,644867,116412.20438671732,311.98470775640243,51,27,594,11400480,250,200,120,8,0.4923,2024
KSRTC-063,PAYYANNUR,Kannur,2024-07,69,62,477567,648325,117036.39259894622,313.6575321651759,51,27,597,11461608,250,200,120,8,0.4932,2024
KSRTC-063,PAYYANNUR,Kannur,2024-08,71,65,489779,664903,120029.16309275824,321.6781570885921,51,27,612,11754696,250,200,120,8,0.4976,2024
KSRTC-063,PAYYANNUR,Kannur,2024-09,68,61,470271,638420,115248.37642445779,308.8656488175469,51,27,588,11286504,250,200,120,8,0.4906,2024
KSRTC-063,PAYYANNUR,Kannur,2024-10,70,64,484545,657798,118746.47714740841,318.24055875505456,51,27,606,11629080,250,200,120,8,0.4957,2024
KSRTC-063,PAYYANNUR,Kannur,2024-11,69,63,480302,652037,117706.653596373,315.45383163827967,51,27,600,11527248,250,200,120,8,0.4942,2024
KSRTC-063,PAYYANNUR,Kannur,2024-12,69,62,474958,644782,116397.01017032228,311.94398725646374,51,27,594,11398992,250,200,120,8,0.4923,2024
KSRTC-063,PAYYANNUR,Kannur,2025-01,69,63,480357,652112,117720.13233672344,315.4899546624189,51,27,600,11528568,250,200,120,8,0.4942,2025
KSRTC-063,PAYYANNUR,Kannur,2025-02,72,67,501630,680992,122933.46403627007,329.46168361720385,51,27,627,12039120,250,200,120,8,0.5018,2025
KSRTC-063,PAYYANNUR,Kannur,2025-03,69,62,477457,648175,117009.43511824532,313.58528611689746,51,27,597,11458968,250,200,120,8,0.4932,2025
KSRTC-063,PAYYANNUR,Kannur,2025-04,69,62,475283,645224,116476.6572723931,312.1574414900136,51,27,594,11406792,250,200,120,8,0.4924,2025
KSRTC-063,PAYYANNUR,Kannur,2025-05,69,62,475435,645430,116513.9076093616,312.2572723930891,51,27,594,11410440,250,200,120,8,0.4925,2025
KSRTC-063,PAYYANNUR,Kannur,2025-06,71,66,493254,669620,120880.77441490014,323.96047543193237,51,27,617,11838096,250,200,120,8,0.4988,2025
KSRTC-063,PAYYANNUR,Kannur,2025-07,69,62,476190,646455,116698.93395417229,312.7531429971817,51,27,595,11428560,250,200,120,8,0.4927,2025
KSRTC-063,PAYYANNUR,Kannur,2025-08,68,60,468513,636033,114817.54686925623,307.7110256096067,51,27,586,11244312,250,200,120,8,0.49,2025
KSRTC-063,PAYYANNUR,Kannur,2025-09,69,62,475560,645600,116544.54111015807,312.3393701752236,51,27,594,11413440,250,200,120,8,0.4925,2025
KSRTC-063,PAYYANNUR,Kannur,2025-10,71,65,491710,667525,120502.38941306213,322.94640362700653,51,27,615,11801040,250,200,120,8,0.4982,2025
KSRTC-063,PAYYANNUR,Kannur,2025-11,72,67,499104,677561,122314.42225217499,327.802651635829,51,27,624,11978496,250,200,120,8,0.5009,2025
KSRTC-063,PAYYANNUR,Kannur,2025-12,70,64,485487,659076,118977.33120941062,318.8592476412205,51,27,607,11651688,250,200,120,8,0.496,2025
KSRTC-063,PAYYANNUR,Kannur,2026-01,69,63,479381,650787,117480.9459625046,314.84893517951235,51,27,599,11505144,250,200,120,8,0.4939,2026
KSRTC-063,PAYYANNUR,Kannur,2026-02,69,63,480807,652723,117830.41293959074,315.78550667810316,51,27,601,11539368,250,200,120,8,0.4944,2026
KSRTC-063,PAYYANNUR,Kannur,2026-03,69,62,477041,647611,116907.48682759466,313.3120646979537,51,27,596,11448984,250,200,120,8,0.493,2026
KSRTC-064,PERINTHALMANNA,Malappuram,2021-04,44,32,269945,220283,66154.88298002696,177.29508638647224,51,27,337,6478680,250,200,120,8,0.3116,2021
KSRTC-064,PERINTHALMANNA,Malappuram,2021-05,42,29,244002,191979,59797.083690724176,160.25618429114078,51,27,305,5856048,250,200,120,8,0.3117,2021
KSRTC-064,PERINTHALMANNA,Malappuram,2021-06,43,31,261292,210882,64034.30952089205,171.61194951599072,51,27,327,6271008,250,200,120,8,0.3117,2021
KSRTC-064,PERINTHALMANNA,Malappuram,2021-07,44,31,267671,208364,65597.59833353756,175.80156353388068,51,27,335,6424104,250,200,120,8,0.3019,2021
KSRTC-064,PERINTHALMANNA,Malappuram,2021-08,43,31,264096,212164,64721.48021075849,173.4535669648328,51,27,330,6338304,250,200,120,8,0.3098,2021
KSRTC-064,PERINTHALMANNA,Malappuram,2021-09,42,30,249112,198122,61049.38120328391,163.6123416248009,51,27,311,5978688,250,200,120,8,0.3123,2021
KSRTC-064,PERINTHALMANNA,Malappuram,2021-10,42,29,246280,206618,60355.34860923907,161.7523342727607,51,27,308,5910720,250,200,120,8,0.3253,2021
KSRTC-064,PERINTHALMANNA,Malappuram,2021-11,42,30,250075,203694,61285.38169341993,164.24482293836542,51,27,313,6001800,250,200,120,8,0.3173,2021
KSRTC-064,PERINTHALMANNA,Malappuram,2021-12,41,29,238421,191557,58429.35914716334,156.59068251439777,51,27,298,5722104,250,200,120,8,0.3183,2021
KSRTC-064,PERINTHALMANNA,Malappuram,2022-01,42,30,252257,209269,61820.12008332313,165.67792182330598,51,27,315,6054168,250,200,120,8,0.3207,2022
KSRTC-064,PERINTHALMANNA,Malappuram,2022-02,41,29,237887,196339,58298.492831760814,156.23996078911898,51,27,297,5709288,250,200,120,8,0.3245,2022
KSRTC-064,PERINTHALMANNA,Malappuram,2022-03,42,29,246046,197004,60298.00269574807,161.59864722460486,51,27,308,5905104,250,200,120,8,0.3148,2022
KSRTC-064,PERINTHALMANNA,Malappuram,2022-04,43,31,363824,328602,89161.62235020219,238.95314789854189,51,27,455,8731776,250,200,120,8,0.2424,2022
KSRTC-064,PERINTHALMANNA,Malappuram,2022-05,41,29,326892,280192,80110.77073888005,214.69686558019853,51,27,409,7845408,250,200,120,8,0.2427,2022
KSRTC-064,PERINTHALMANNA,Malappuram,2022-06,42,31,350450,298852,85884.08283298615,230.1693419924029,51,27,438,8410800,250,200,120,8,0.233,2022
KSRTC-064,PERINTHALMANNA,Malappuram,2022-07,42,31,360074,313296,88242.61732630806,236.49021443450562,51,27,450,8641776,250,200,120,8,0.2345,2022
KSRTC-064,PERINTHALMANNA,Malappuram,2022-08,42,31,359244,294262,88039.21088101949,235.94508516113225,51,27,449,8621856,250,200,120,8,0.2209,2022
KSRTC-064,PERINTHALMANNA,Malappuram,2022-09,42,30,347120,295510,85068.00637176818,227.98225707633873,51,27,434,8330880,250,200,120,8,0.2338,2022
KSRTC-064,PERINTHALMANNA,Malappuram,2022-10,43,32,367891,306394,90158.31393211617,241.62428133807137,51,27,460,8829384,250,200,120,8,0.2219,2022
KSRTC-064,PERINTHALMANNA,Malappuram,2022-11,42,31,361845,316081,88676.63276559245,237.65337581178778,51,27,452,8684280,250,200,120,8,0.2349,2022
KSRTC-064,PERINTHALMANNA,Malappuram,2022-12,42,31,361225,322674,88524.69060164197,237.2461708124005,51,27,452,8669400,250,200,120,8,0.2405,2022
KSRTC-064,PERINTHALMANNA,Malappuram,2023-01,41,30,336156,295948,82381.0807499081,220.7812964097537,51,27,420,8067744,250,200,120,8,0.2456,2023
KSRTC-064,PERINTHALMANNA,Malappuram,2023-02,42,31,351211,304084,86070.57958583508,230.66915329003803,51,27,439,8429064,250,200,120,8,0.2363,2023
KSRTC-064,PERINTHALMANNA,Malappuram,2023-03,43,31,364068,318877,89221.4189437569,239.11340276926853,51,27,455,8737632,250,200,120,8,0.2348,2023
KSRTC-064,PERINTHALMANNA,Malappuram,2023-04,40,31,357107,336888,87515.50055140302,234.5415414777601,51,27,446,8570568,250,200,120,8,0.2358,2023
KSRTC-064,PERINTHALMANNA,Malappuram,2023-05,40,30,341491,308793,83688.51856390148,224.28522975125597,51,27,427,8195784,250,200,120,8,0.2309,2023
KSRTC-064,PERINTHALMANNA,Malappuram,2023-06,41,32,367761,329350,90126.45509128783,241.53889964465142,51,27,460,8826264,250,200,120,8,0.219,2023
KSRTC-064,PERINTHALMANNA,Malappuram,2023-07,41,32,365621,340245,89602.00955765226,240.13338561450806,51,27,457,8774904,250,200,120,8,0.2293,2023
KSRTC-064,PERINTHALMANNA,Malappuram,2023-08,39,30,338875,311693,83047.42065923294,222.5670873667443,51,27,424,8133000,250,200,120,8,0.2361,2023
KSRTC-064,PERINTHALMANNA,Malappuram,2023-09,38,28,309542,280329,75858.84082832986,203.30169341992402,51,27,387,7429008,250,200,120,8,0.2446,2023
KSRTC-064,PERINTHALMANNA,Malappuram,2023-10,41,32,368481,335976,90302.90405587551,242.01178286974638,51,27,461,8843544,250,200,120,8,0.2232,2023
KSRTC-064,PERINTHALMANNA,Malappuram,2023-11,39,30,337329,310348,82668.54552138218,221.55170199730426,51,27,422,8095896,250,200,120,8,0.2368,2023
KSRTC-064,PERINTHALMANNA,Malappuram,2023-12,40,31,352343,324140,86347.99656904791,231.41263080504842,51,27,440,8456232,250,200,120,8,0.2311,2023
KSRTC-064,PERINTHALMANNA,Malappuram,2024-01,40,31,352885,313885,86480.82342850142,231.76860678838383,51,27,441,8469240,250,200,120,8,0.2226,2024
KSRTC-064,PERINTHALMANNA,Malappuram,2024-02,40,30,343205,309167,84108.5651268227,225.41095453988484,51,27,429,8236920,250,200,120,8,0.2293,2024
KSRTC-064,PERINTHALMANNA,Malappuram,2024-03,41,32,365361,341024,89538.2918759956,239.96262222766822,51,27,457,8768664,250,200,120,8,0.2302,2024
KSRTC-064,PERINTHALMANNA,Malappuram,2024-04,39,33,267135,362651,65466.24188212229,175.44952824408773,51,27,334,6411240,250,200,120,8,0.4186,2024
KSRTC-064,PERINTHALMANNA,Malappuram,2024-05,39,34,272715,370226,66833.72135767675,179.11437323857373,51,27,341,6545160,250,200,120,8,0.4206,2024
KSRTC-064,PERINTHALMANNA,Malappuram,2024-06,38,32,265211,360039,64994.73103786301,174.18587918147287,51,27,332,6365064,250,200,120,8,0.4179,2024
KSRTC-064,PERINTHALMANNA,Malappuram,2024-07,39,33,268222,364127,65732.63080504841,176.16345055752976,51,27,335,6437328,250,200,120,8,0.419,2024
KSRTC-064,PERINTHALMANNA,Malappuram,2024-08,38,31,260254,353310,63779.928930278154,170.93020953314547,51,27,325,6246096,250,200,120,8,0.4162,2024
KSRTC-064,PERINTHALMANNA,Malappuram,2024-09,40,34,275331,373778,67474.8192623453,180.83251562308544,51,27,344,6607944,250,200,120,8,0.4215,2024
KSRTC-064,PERINTHALMANNA,Malappuram,2024-10,39,33,267931,363732,65661.31601519421,175.97232692072052,51,27,335,6430344,250,200,120,8,0.4189,2024
KSRTC-064,PERINTHALMANNA,Malappuram,2024-11,39,33,269738,366185,66104.153902708,177.15913245925745,51,27,337,6473712,250,200,120,8,0.4195,2024
KSRTC-064,PERINTHALMANNA,Malappuram,2024-12,37,31,258793,351327,63421.884572969,169.97065065555694,51,27,324,6211032,250,200,120,8,0.4157,2024
KSRTC-064,PERINTHALMANNA,Malappuram,2025-01,39,33,268333,364277,65759.83335375568,176.2363533880652,51,27,335,6439992,250,200,120,8,0.419,2025
KSRTC-064,PERINTHALMANNA,Malappuram,2025-02,38,32,265841,360894,65149.123881877225,174.59965200343098,51,27,332,6380184,250,200,120,8,0.4182,2025
KSRTC-064,PERINTHALMANNA,Malappuram,2025-03,37,31,258717,351223,63403.25940448475,169.92073520401914,51,27,323,6209208,250,200,120,8,0.4156,2025
KSRTC-064,PERINTHALMANNA,Malappuram,2025-04,38,32,265647,360631,65101.5806886411,174.47223624555815,51,27,332,6375528,250,200,120,8,0.4181,2025
KSRTC-064,PERINTHALMANNA,Malappuram,2025-05,38,32,262739,356683,64388.922926112,172.56231344198017,51,27,328,6305736,250,200,120,8,0.4171,2025
KSRTC-064,PERINTHALMANNA,Malappuram,2025-06,39,33,267537,363196,65564.75922068374,175.71355471143244,51,27,334,6420888,250,200,120,8,0.4188,2025
KSRTC-064,PERINTHALMANNA,Malappuram,2025-07,38,32,262926,356937,64434.75064330352,172.68513172405343,51,27,329,6310224,250,200,120,8,0.4171,2025
KSRTC-064,PERINTHALMANNA,Malappuram,2025-08,39,33,266983,362444,65428.99154515378,175.34969734101216,51,27,334,6407592,250,200,120,8,0.4186,2025
KSRTC-064,PERINTHALMANNA,Malappuram,2025-09,38,32,262116,355838,64236.245558142386,172.1531380958216,51,27,328,6290784,250,200,120,8,0.4168,2025
KSRTC-064,PERINTHALMANNA,Malappuram,2025-10,39,33,270389,367068,66263.69317485603,177.58669770861417,51,27,338,6489336,250,200,120,8,0.4198,2025
KSRTC-064,PERINTHALMANNA,Malappuram,2025-11,38,32,266401,361655,65286.361965445416,174.9674500673937,51,27,333,6393624,250,200,120,8,0.4184,2025
KSRTC-064,PERINTHALMANNA,Malappuram,2025-12,38,31,260289,353357,63788.506310501165,170.95319691214314,51,27,325,6246936,250,200,120,8,0.4162,2025
KSRTC-064,PERINTHALMANNA,Malappuram,2026-01,40,35,278647,378280,68287.46477147409,183.01040558755057,51,27,348,6687528,250,200,120,8,0.4227,2026
KSRTC-064,PERINTHALMANNA,Malappuram,2026-02,39,33,268734,364822,65858.10562431075,176.4997230731528,51,27,336,6449616,250,200,120,8,0.4192,2026
KSRTC-064,PERINTHALMANNA,Malappuram,2026-03,38,32,265827,360875,65145.69292978802,174.59045705183192,51,27,332,6379848,250,200,120,8,0.4182,2026
KSRTC-065,PEROORKKADA,Thiruvananthapuram,2021-04,55,52,238867,430852,58538.65947800515,156.88360740105384,51,27,299,5732808,250,200,120,8,0.6647,2021
KSRTC-065,PEROORKKADA,Thiruvananthapuram,2021-05,58,57,268685,478381,65846.09729199854,176.4675407425561,51,27,336,6448440,250,200,120,8,0.6535,2021
KSRTC-065,PEROORKKADA,Thiruvananthapuram,2021-06,56,55,255477,460293,62609.23906384022,167.7927606910918,51,27,319,6131448,250,200,120,8,0.6612,2021
KSRTC-065,PEROORKKADA,Thiruvananthapuram,2021-07,55,52,240606,437423,58964.83274108565,158.02575174610953,51,27,301,5774544,250,200,120,8,0.6682,2021
KSRTC-065,PEROORKKADA,Thiruvananthapuram,2021-08,54,51,234205,416000,57396.15243229997,153.82168851856392,51,27,293,5620920,250,200,120,8,0.658,2021
KSRTC-065,PEROORKKADA,Thiruvananthapuram,2021-09,57,56,262816,459447,64407.793162602626,172.61288567577503,51,27,329,6307584,250,200,120,8,0.6455,2021
KSRTC-065,PEROORKKADA,Thiruvananthapuram,2021-10,55,53,245086,462763,60062.737409631176,160.96813625781158,51,27,306,5882064,250,200,120,8,0.6867,2021
KSRTC-065,PEROORKKADA,Thiruvananthapuram,2021-11,56,54,248679,459646,60943.266756524936,163.32795490748683,51,27,311,5968296,250,200,120,8,0.6751,2021
KSRTC-065,PEROORKKADA,Thiruvananthapuram,2021-12,56,54,248683,450521,60944.247028550424,163.33058203651515,51,27,311,5968392,250,200,120,8,0.6651,2021
KSRTC-065,PEROORKKADA,Thiruvananthapuram,2022-01,56,54,252318,455456,61835.0692317118,165.71798554098763,51,27,315,6055632,250,200,120,8,0.6627,2022
KSRTC-065,PEROORKKADA,Thiruvananthapuram,2022-02,56,55,255517,486724,62619.04178409509,167.81903198137488,51,27,319,6132408,250,200,120,8,0.6895,2022
KSRTC-065,PEROORKKADA,Thiruvananthapuram,2022-03,57,56,261346,467591,64047.543193236124,171.64741575787284,51,27,327,6272304,250,200,120,8,0.6569,2022
KSRTC-065,PEROORKKADA,Thiruvananthapuram,2022-04,55,53,363710,723064,89133.6845974758,238.87827472123516,51,27,455,8729040,250,200,120,8,0.6421,2022
KSRTC-065,PEROORKKADA,Thiruvananthapuram,2022-05,56,54,377936,765965,92620.02205612058,248.22165911040315,51,27,472,9070464,250,200,120,8,0.6502,2022
KSRTC-065,PEROORKKADA,Thiruvananthapuram,2022-06,56,54,374314,741628,91732.38573704203,245.84279377527264,51,27,468,8983536,250,200,120,8,0.6384,2022
KSRTC-065,PEROORKKADA,Thiruvananthapuram,2022-07,57,55,387607,791976,94990.07474574195,254.57340031858845,51,27,485,9302568,250,200,120,8,0.6532,2022
KSRTC-065,PEROORKKADA,Thiruvananthapuram,2022-08,58,58,409686,813885,100400.93125842421,269.0744957725769,51,27,512,9832464,250,200,120,8,0.6346,2022
KSRTC-065,PEROORKKADA,Thiruvananthapuram,2022-09,55,53,366248,734888,89755.66719764734,240.54518808969488,51,27,458,8789952,250,200,120,8,0.6467,2022
KSRTC-065,PEROORKKADA,Thiruvananthapuram,2022-10,57,56,391908,780096,96044.11224114693,257.3982208062738,51,27,490,9405792,250,200,120,8,0.6381,2022
KSRTC-065,PEROORKKADA,Thiruvananthapuram,2022-11,57,57,398610,831222,97686.55801985052,261.7999754931994,51,27,498,9566640,250,200,120,8,0.6631,2022
KSRTC-065,PEROORKKADA,Thiruvananthapuram,2022-12,56,55,384057,797295,94120.08332312218,252.24182330596744,51,27,480,9217368,250,200,120,8,0.6627,2022
KSRTC-065,PEROORKKADA,Thiruvananthapuram,2023-01,56,54,375002,739335,91900.99252542581,246.29465996814122,51,27,469,9000048,250,200,120,8,0.6356,2023
KSRTC-065,PEROORKKADA,Thiruvananthapuram,2023-02,55,53,367136,751763,89973.28758730549,241.12841073397874,51,27,459,8811264,250,200,120,8,0.6578,2023
KSRTC-065,PEROORKKADA,Thiruvananthapuram,2023-03,57,56,392934,768058,96295.55201568436,258.0720794020341,51,27,491,9430416,250,200,120,8,0.6281,2023
KSRTC-065,PEROORKKADA,Thiruvananthapuram,2023-04,66,44,404612,790185,99157.45619409387,265.7419826001716,51,27,506,9710688,250,200,120,8,0.6735,2023
KSRTC-065,PEROORKKADA,Thiruvananthapuram,2023-05,66,44,406251,851995,99559.12265653719,266.8184487195197,51,27,508,9750024,250,200,120,8,0.7128,2023
KSRTC-065,PEROORKKADA,Thiruvananthapuram,2023-06,65,43,392104,778621,96092.14557039579,257.52695012866076,51,27,490,9410496,250,200,120,8,0.6835,2023
KSRTC-065,PEROORKKADA,Thiruvananthapuram,2023-07,66,44,406035,858784,99506.18796716089,266.6765837519912,51,27,508,9744840,250,200,120,8,0.7177,2023
KSRTC-065,PEROORKKADA,Thiruvananthapuram,2023-08,64,41,369615,737723,90580.8111751011,242.75657394927097,51,27,462,8870760,250,200,120,8,0.6886,2023
KSRTC-065,PEROORKKADA,Thiruvananthapuram,2023-09,66,43,396697,837234,97217.74292366132,260.54355103541235,51,27,496,9520728,250,200,120,8,0.7173,2023
KSRTC-065,PEROORKKADA,Thiruvananthapuram,2023-10,66,43,396360,804904,97135.15500551404,260.32221541477765,51,27,495,9512640,250,200,120,8,0.6954,2023
KSRTC-065,PEROORKKADA,Thiruvananthapuram,2023-11,66,44,401486,832614,98391.37360617572,263.68888126455096,51,27,502,9635664,250,200,120,8,0.7068,2023
KSRTC-065,PEROORKKADA,Thiruvananthapuram,2023-12,66,44,401292,818400,98343.8304129396,263.56146550667813,51,27,502,9631008,250,200,120,8,0.6974,2023
KSRTC-065,PEROORKKADA,Thiruvananthapuram,2024-01,65,43,393130,790878,96343.58534493322,258.20080872442105,51,27,491,9435120,250,200,120,8,0.6905,2024
KSRTC-065,PEROORKKADA,Thiruvananthapuram,2024-02,64,41,369780,730565,90621.24739615244,242.86494302168856,51,27,462,8874720,250,200,120,8,0.683,2024
KSRTC-065,PEROORKKADA,Thiruvananthapuram,2024-03,66,44,406824,834897,99699.54662418822,267.1947849528245,51,27,509,9763776,250,200,120,8,0.7005,2024
KSRTC-065,PEROORKKADA,Thiruvananthapuram,2024-04,48,62,330373,448500,80963.85246906016,216.98312461708124,51,27,413,7928952,250,200,120,8,0.441,2024
KSRTC-065,PEROORKKADA,Thiruvananthapuram,2024-05,49,65,340445,462174,83432.17742923662,223.59823551035413,51,27,426,8170680,250,200,120,8,0.4446,2024
KSRTC-065,PEROORKKADA,Thiruvananthapuram,2024-06,48,61,329196,446902,80675.4074255606,216.21009190050242,51,27,412,7900704,250,200,120,8,0.4406,2024
KSRTC-065,PEROORKKADA,Thiruvananthapuram,2024-07,48,63,333959,453368,81842.66633990932,219.33834579095702,51,27,417,8015016,250,200,120,8,0.4423,2024
KSRTC-065,PEROORKKADA,Thiruvananthapuram,2024-08,48,62,330041,448049,80882.48989094474,216.7650729077319,51,27,413,7920984,250,200,120,8,0.4409,2024
KSRTC-065,PEROORKKADA,Thiruvananthapuram,2024-09,47,60,326109,442711,79918.88248989095,214.18260507290776,51,27,408,7826616,250,200,120,8,0.4395,2024
KSRTC-065,PEROORKKADA,Thiruvananthapuram,2024-10,46,58,318030,431744,77938.97806641343,208.876461217988,51,27,398,7632720,250,200,120,8,0.4367,2024
KSRTC-065,PEROORKKADA,Thiruvananthapuram,2024-11,46,57,315143,427825,77231.46673201813,206.9803308418086,51,27,394,7563432,250,200,120,8,0.4356,2024
KSRTC-065,PEROORKKADA,Thiruvananthapuram,2024-12,46,59,321104,435916,78692.31711800025,210.89540987624068,51,27,401,7706496,250,200,120,8,0.4378,2024
KSRTC-065,PEROORKKADA,Thiruvananthapuram,2025-01,48,62,331037,449402,81126.57762529103,217.41922803577995,51,27,414,7944888,250,200,120,8,0.4413,2025
KSRTC-065,PEROORKKADA,Thiruvananthapuram,2025-02,49,64,337372,458001,82679.08344565617,221.57994363435856,51,27,422,8096928,250,200,120,8,0.4435,2025
KSRTC-065,PEROORKKADA,Thiruvananthapuram,2025-03,49,64,336811,457240,82541.60029408161,221.21148878813872,51,27,421,8083464,250,200,120,8,0.4433,2025
KSRTC-065,PEROORKKADA,Thiruvananthapuram,2025-04,47,60,326074,442664,79910.30510966794,214.1596176939101,51,27,408,7825776,250,200,120,8,0.4395,2025
KSRTC-065,PEROORKKADA,Thiruvananthapuram,2025-05,48,62,331390,449881,81213.08663154025,217.6510721725279,51,27,414,7953360,250,200,120,8,0.4414,2025
KSRTC-065,PEROORKKADA,Thiruvananthapuram,2025-06,46,59,321567,436546,78805.78360495038,211.19950006126703,51,27,402,7717608,250,200,120,8,0.4379,2025
KSRTC-065,PEROORKKADA,Thiruvananthapuram,2025-07,47,61,328054,445352,80395.53976228404,215.46004656292124,51,27,410,7873296,250,200,120,8,0.4402,2025
KSRTC-065,PEROORKKADA,Thiruvananthapuram,2025-08,48,62,332637,451573,81518.68643548586,218.4700796471021,51,27,416,7983288,250,200,120,8,0.4418,2025
KSRTC-065,PEROORKKADA,Thiruvananthapuram,2025-09,49,64,336562,456901,82480.57836049504,221.0479500061267,51,27,421,8077488,250,200,120,8,0.4432,2025
KSRTC-065,PEROORKKADA,Thiruvananthapuram,2025-10,48,62,332373,451216,81453.98848180371,218.29668913123396,51,27,415,7976952,250,200,120,8,0.4417,2025
KSRTC-065,PEROORKKADA,Thiruvananthapuram,2025-11,47,60,326102,442701,79917.16701384635,214.17800759710823,51,27,408,7826448,250,200,120,8,0.4395,2025
KSRTC-065,PEROORKKADA,Thiruvananthapuram,2025-12,47,61,327735,444919,80317.36306825145,215.2505330229139,51,27,410,7865640,250,200,120,8,0.4401,2025
KSRTC-065,PEROORKKADA,Thiruvananthapuram,2026-01,47,61,326600,443378,80039.21088101949,214.50508516113226,51,27,408,7838400,250,200,120,8,0.4397,2026
KSRTC-065,PEROORKKADA,Thiruvananthapuram,2026-02,49,65,340383,462089,83416.98321284157,223.55751501041544,51,27,426,8169192,250,200,120,8,0.4446,2026
KSRTC-065,PEROORKKADA,Thiruvananthapuram,2026-03,46,59,320148,434619,78458.03210390884,210.26752603847572,51,27,400,7683552,250,200,120,8,0.4374,2026
KSRTC-066,PERUMBAVOOR,Ernakulam,2021-04,52,41,278156,339405,68167.13638034555,182.68792549932607,51,27,348,6675744,250,200,120,8,0.4654,2021
KSRTC-066,PERUMBAVOOR,Ernakulam,2021-05,49,37,244985,323174,60037.985540987625,160.90180124984684,51,27,306,5879640,250,200,120,8,0.4999,2021
KSRTC-066,PERUMBAVOOR,Ernakulam,2021-06,52,41,283253,372592,69416.24800882245,186.0355446636442,51,27,354,6798072,250,200,120,8,0.4905,2021
KSRTC-066,PERUMBAVOOR,Ernakulam,2021-07,50,38,257635,352359,63138.0958215905,169.21009680186256,51,27,322,6183240,250,200,120,8,0.5101,2021
KSRTC-066,PERUMBAVOOR,Ernakulam,2021-08,51,40,269380,343925,66016.41955642692,176.92400441122416,51,27,337,6465120,250,200,120,8,0.4826,2021
KSRTC-066,PERUMBAVOOR,Ernakulam,2021-09,51,39,267131,359910,65465.26161009681,175.44690111505943,51,27,334,6411144,250,200,120,8,0.5024,2021
KSRTC-066,PERUMBAVOOR,Ernakulam,2021-10,51,40,269254,348730,65985.54098762407,176.84124984683254,51,27,337,6462096,250,200,120,8,0.4877,2021
KSRTC-066,PERUMBAVOOR,Ernakulam,2021-11,50,39,263891,346567,64671.24126945228,173.31892660213214,51,27,330,6333384,250,200,120,8,0.4938,2021
KSRTC-066,PERUMBAVOOR,Ernakulam,2021-12,50,38,258161,346360,63267.00159294205,169.5555642690847,51,27,323,6195864,250,200,120,8,0.5029,2021
KSRTC-066,PERUMBAVOOR,Ernakulam,2022-01,50,38,258667,335981,63391.006004166156,169.88789609116532,51,27,323,6208008,250,200,120,8,0.4911,2022
KSRTC-066,PERUMBAVOOR,Ernakulam,2022-02,49,38,252888,349761,61974.75799534371,166.09235142752115,51,27,316,6069312,250,200,120,8,0.5155,2022
KSRTC-066,PERUMBAVOOR,Ernakulam,2022-03,49,38,251955,345172,61746.10954539885,165.47957358166892,51,27,315,6046920,250,200,120,8,0.5121,2022
KSRTC-066,PERUMBAVOOR,Ernakulam,2022-04,50,47,358095,551202,87757.62774169832,235.1904423477515,51,27,448,8594280,250,200,120,8,0.4915,2022
KSRTC-066,PERUMBAVOOR,Ernakulam,2022-05,52,50,385015,615276,94354.85847322633,252.87102070824656,51,27,481,9240360,250,200,120,8,0.5021,2022
KSRTC-066,PERUMBAVOOR,Ernakulam,2022-06,53,51,390838,625145,95781.88947432913,256.6954637912021,51,27,489,9380112,250,200,120,8,0.5014,2022
KSRTC-066,PERUMBAVOOR,Ernakulam,2022-07,52,49,380034,583121,93134.17473348854,249.59958828574932,51,27,475,9120816,250,200,120,8,0.4856,2022
KSRTC-066,PERUMBAVOOR,Ernakulam,2022-08,50,47,358072,559442,87751.99117755177,235.17533635583874,51,27,448,8593728,250,200,120,8,0.4978,2022
KSRTC-066,PERUMBAVOOR,Ernakulam,2022-09,52,49,376460,583253,92258.30167871584,247.25224849895847,51,27,471,9035040,250,200,120,8,0.4904,2022
KSRTC-066,PERUMBAVOOR,Ernakulam,2022-10,49,44,328737,511643,80562.92121063596,215.9086288445044,51,27,411,7889688,250,200,120,8,0.5033,2022
KSRTC-066,PERUMBAVOOR,Ernakulam,2022-11,48,44,326938,516569,80122.04386717314,214.72707756402403,51,27,409,7846512,250,200,120,8,0.5103,2022
KSRTC-066,PERUMBAVOOR,Ernakulam,2022-12,50,47,351838,552863,86224.23722583018,231.08095576522487,51,27,440,8444112,250,200,120,8,0.5017,2022
KSRTC-066,PERUMBAVOOR,Ernakulam,2023-01,51,48,366694,598659,89864.96752848916,240.83811297635097,51,27,458,8800656,250,200,120,8,0.5152,2023
KSRTC-066,PERUMBAVOOR,Ernakulam,2023-02,51,49,370928,585129,90902.58546746723,243.6189290528122,51,27,464,8902272,250,200,120,8,0.4992,2023
KSRTC-066,PERUMBAVOOR,Ernakulam,2023-03,50,46,348598,540624,85430.21688518564,228.95298125229752,51,27,436,8366352,250,200,120,8,0.4968,2023
KSRTC-066,PERUMBAVOOR,Ernakulam,2023-04,53,38,379249,585169,92941.7963484867,249.08401421394439,51,27,474,9101976,250,200,120,8,0.4984,2023
KSRTC-066,PERUMBAVOOR,Ernakulam,2023-05,55,40,401825,640428,98474.45166033575,263.91153044969985,51,27,502,9643800,250,200,120,8,0.5083,2023
KSRTC-066,PERUMBAVOOR,Ernakulam,2023-06,54,39,389088,635041,95353.02046317853,255.54609484131848,51,27,486,9338112,250,200,120,8,0.521,2023
KSRTC-066,PERUMBAVOOR,Ernakulam,2023-07,54,40,399591,623096,97926.96973410122,262.44427888739125,51,27,500,9590184,250,200,120,8,0.4993,2023
KSRTC-066,PERUMBAVOOR,Ernakulam,2023-08,53,38,376850,601264,92353.87820120085,247.50839357921828,51,27,471,9044400,250,200,120,8,0.5133,2023
KSRTC-066,PERUMBAVOOR,Ernakulam,2023-09,53,38,374459,563165,91767.92059796595,245.93802720254874,51,27,468,8987016,250,200,120,8,0.4887,2023
KSRTC-066,PERUMBAVOOR,Ernakulam,2023-10,54,39,391650,609324,95980.884695503,257.22877098394804,51,27,490,9399600,250,200,120,8,0.4997,2023
KSRTC-066,PERUMBAVOOR,Ernakulam,2023-11,55,40,399819,614303,97982.84523955398,262.59402524200465,51,27,500,9595656,250,200,120,8,0.493,2023
KSRTC-066,PERUMBAVOOR,Ernakulam,2023-12,54,40,394993,625416,96800.14704080383,259.42439406935426,51,27,494,9479832,250,200,120,8,0.5066,2023
KSRTC-066,PERUMBAVOOR,Ernakulam,2024-01,53,38,377404,596025,92489.64587673079,247.87225094963856,51,27,472,9057696,250,200,120,8,0.5087,2024
KSRTC-066,PERUMBAVOOR,Ernakulam,2024-02,52,38,367591,589873,90084.79353020464,241.42724666094844,51,27,460,8822184,250,200,120,8,0.5177,2024
KSRTC-066,PERUMBAVOOR,Ernakulam,2024-03,53,38,367801,587563,90136.2578115427,241.56517093493446,51,27,460,8827224,250,200,120,8,0.5157,2024
KSRTC-066,PERUMBAVOOR,Ernakulam,2024-04,51,49,354920,481824,86979.53682146796,233.10515868153414,51,27,444,8518080,250,200,120,8,0.4497,2024
KSRTC-066,PERUMBAVOOR,Ernakulam,2024-05,48,44,333419,452635,81710.32961646857,218.9836833721358,51,27,417,8002056,250,200,120,8,0.4421,2024
KSRTC-066,PERUMBAVOOR,Ernakulam,2024-06,49,46,340978,462897,83562.79867663277,223.94830045337582,51,27,426,8183472,250,200,120,8,0.4448,2024
KSRTC-066,PERUMBAVOOR,Ernakulam,2024-07,47,43,328594,446085,80527.87648572479,215.81470898174246,51,27,411,7886256,250,200,120,8,0.4404,2024
KSRTC-066,PERUMBAVOOR,Ernakulam,2024-08,49,45,337164,457719,82628.10930033085,221.4433329248867,51,27,421,8091936,250,200,120,8,0.4434,2024
KSRTC-066,PERUMBAVOOR,Ernakulam,2024-09,49,45,340154,461779,83360.86263938244,223.40711187354495,51,27,425,8163696,250,200,120,8,0.4445,2024
KSRTC-066,PERUMBAVOOR,Ernakulam,2024-10,48,44,335703,455736,82270.06494302169,220.4837740472981,51,27,420,8056872,250,200,120,8,0.4429,2024
KSRTC-066,PERUMBAVOOR,Ernakulam,2024-11,50,46,344931,468263,84531.55250582036,226.54456071559858,51,27,431,8278344,250,200,120,8,0.4462,2024
KSRTC-066,PERUMBAVOOR,Ernakulam,2024-12,48,43,331259,449703,81180.98272270555,217.5650336968509,51,27,414,7950216,250,200,120,8,0.4414,2024
KSRTC-066,PERUMBAVOOR,Ernakulam,2025-01,51,49,355405,482482,87098.39480455827,233.42369807621614,51,27,444,8529720,250,200,120,8,0.4499,2025
KSRTC-066,PERUMBAVOOR,Ernakulam,2025-02,50,46,344931,468263,84531.55250582036,226.54456071559858,51,27,431,8278344,250,200,120,8,0.4462,2025
KSRTC-066,PERUMBAVOOR,Ernakulam,2025-03,49,45,339441,460811,83186.12915083936,222.9388261242495,51,27,424,8146584,250,200,120,8,0.4443,2025
KSRTC-066,PERUMBAVOOR,Ernakulam,2025-04,49,46,341781,463987,83759.5882857493,224.47569660580814,51,27,427,8202744,250,200,120,8,0.4451,2025
KSRTC-066,PERUMBAVOOR,Ernakulam,2025-05,49,46,340971,462888,83561.08320058817,223.9437029775763,51,27,426,8183304,250,200,120,8,0.4448,2025
KSRTC-066,PERUMBAVOOR,Ernakulam,2025-06,48,44,331806,450445,81315.03492219091,217.92429359147164,51,27,415,7963344,250,200,120,8,0.4415,2025
KSRTC-066,PERUMBAVOOR,Ernakulam,2025-07,49,44,335890,455990,82315.89266021321,220.60659232937144,51,27,420,8061360,250,200,120,8,0.443,2025
KSRTC-066,PERUMBAVOOR,Ernakulam,2025-08,48,44,333343,452531,81691.70444798432,218.93376792059797,51,27,417,8000232,250,200,120,8,0.4421,2025
KSRTC-066,PERUMBAVOOR,Ernakulam,2025-09,49,45,336984,457475,82583.99705918392,221.3251121186129,51,27,421,8087616,250,200,120,8,0.4434,2025
KSRTC-066,PERUMBAVOOR,Ernakulam,2025-10,50,46,342737,465284,83993.8732998407,225.1035804435731,51,27,428,8225688,250,200,120,8,0.4454,2025
KSRTC-066,PERUMBAVOOR,Ernakulam,2025-11,50,46,343810,466741,84256.83127067762,225.80830780541604,51,27,430,8251440,250,200,120,8,0.4458,2025
KSRTC-066,PERUMBAVOOR,Ernakulam,2025-12,49,46,341269,463292,83634.11346648696,224.13942409018506,51,27,427,8190456,250,200,120,8,0.4449,2025
KSRTC-066,PERUMBAVOOR,Ernakulam,2026-01,49,45,339878,461403,83293.22386962382,223.22583997059186,51,27,425,8157072,250,200,120,8,0.4444,2026
KSRTC-066,PERUMBAVOOR,Ernakulam,2026-02,50,46,344398,467540,84400.93125842421,226.19449577257691,51,27,431,8265552,250,200,120,8,0.446,2026
KSRTC-066,PERUMBAVOOR,Ernakulam,2026-03,51,48,354055,480650,86767.55299595639,232.53704202916313,51,27,443,8497320,250,200,120,8,0.4494,2026
KSRTC-067,PIRAVOM,Ernakulam,2021-04,50,39,263414,341482,64554.343830412945,173.0056414655067,51,27,329,6321936,250,200,120,8,0.4893,2021
KSRTC-067,PIRAVOM,Ernakulam,2021-05,49,38,253948,338698,62234.53008209779,166.78854062002208,51,27,317,6094752,250,200,120,8,0.5017,2021
KSRTC-067,PIRAVOM,Ernakulam,2021-06,52,41,286434,384428,70195.80933709105,188.124769023404,51,27,358,6874416,250,200,120,8,0.4973,2021
KSRTC-067,PIRAVOM,Ernakulam,2021-07,50,39,260697,340231,63888.49405710085,171.22116407303028,51,27,326,6256728,250,200,120,8,0.4923,2021
KSRTC-067,PIRAVOM,Ernakulam,2021-08,51,40,271731,357394,66592.57443940693,178.46809949761058,51,27,340,6521544,250,200,120,8,0.4927,2021
KSRTC-067,PIRAVOM,Ernakulam,2021-09,51,39,265904,353862,65164.56316627865,174.6410292856268,51,27,332,6381696,250,200,120,8,0.4982,2021
KSRTC-067,PIRAVOM,Ernakulam,2021-10,50,38,254822,338213,62448.71951966671,167.3625683127068,51,27,319,6115728,250,200,120,8,0.4997,2021
KSRTC-067,PIRAVOM,Ernakulam,2021-11,50,38,259940,337864,63702.97757627742,170.7239799044235,51,27,325,6238560,250,200,120,8,0.491,2021
KSRTC-067,PIRAVOM,Ernakulam,2021-12,50,38,254957,329863,62481.8037005269,167.4512339174121,51,27,319,6118968,250,200,120,8,0.4905,2021
KSRTC-067,PIRAVOM,Ernakulam,2022-01,50,39,264813,350974,64897.19397132705,173.9244798431565,51,27,331,6355512,250,200,120,8,0.4969,2022
KSRTC-067,PIRAVOM,Ernakulam,2022-02,51,39,266070,339570,65205.24445533636,174.75005514030147,51,27,333,6385680,250,200,120,8,0.4832,2022
KSRTC-067,PIRAVOM,Ernakulam,2022-03,49,38,252627,333263,61910.79524568068,165.92093125842425,51,27,316,6063048,250,200,120,8,0.498,2022
KSRTC-067,PIRAVOM,Ernakulam,2022-04,50,47,355888,570365,87216.76265163583,233.74092390638404,51,27,445,8541312,250,200,120,8,0.5093,2022
KSRTC-067,PIRAVOM,Ernakulam,2022-05,52,49,375522,596307,92028.42788873913,246.6361867418209,51,27,469,9012528,250,200,120,8,0.5011,2022
KSRTC-067,PIRAVOM,Ernakulam,2022-06,50,47,358633,544412,87889.47432912634,235.5437912020586,51,27,448,8607192,250,200,120,8,0.4855,2022
KSRTC-067,PIRAVOM,Ernakulam,2022-07,50,47,354118,547699,86782.99228035781,232.57841931135894,51,27,443,8498832,250,200,120,8,0.4944,2022
KSRTC-067,PIRAVOM,Ernakulam,2022-08,52,49,378141,609931,92670.26099742678,248.3562994731038,51,27,473,9075384,250,200,120,8,0.5075,2022
KSRTC-067,PIRAVOM,Ernakulam,2022-09,51,48,364413,583653,89305.96740595516,239.33999264795986,51,27,456,8745912,250,200,120,8,0.5072,2022
KSRTC-067,PIRAVOM,Ernakulam,2022-10,52,49,377448,586358,92500.42886901116,247.90114936894992,51,27,472,9058752,250,200,120,8,0.4913,2022
KSRTC-067,PIRAVOM,Ernakulam,2022-11,50,47,355762,560825,87185.88408283298,233.65816934199242,51,27,445,8538288,250,200,120,8,0.5022,2022
KSRTC-067,PIRAVOM,Ernakulam,2022-12,50,46,345024,545312,84554.34383041294,226.6056414655067,51,27,431,8280576,250,200,120,8,0.5058,2022
KSRTC-067,PIRAVOM,Ernakulam,2023-01,51,47,359461,560219,88092.39063840215,236.0876069109178,51,27,449,8627064,250,200,120,8,0.4964,2023
KSRTC-067,PIRAVOM,Ernakulam,2023-02,51,49,371741,593449,91101.82575664748,244.15289302781528,51,27,465,8921784,250,200,120,8,0.5042,2023
KSRTC-067,PIRAVOM,Ernakulam,2023-03,50,46,346094,558515,84816.56659723073,227.30839848057838,51,27,433,8306256,250,200,120,8,0.5146,2023
KSRTC-067,PIRAVOM,Ernakulam,2023-04,53,38,377541,571332,92523.22019360373,247.96223011885803,51,27,472,9060984,250,200,120,8,0.4907,2023
KSRTC-067,PIRAVOM,Ernakulam,2023-05,53,38,374191,623187,91702.2423722583,245.76200955765225,51,27,468,8980584,250,200,120,8,0.533,2023
KSRTC-067,PIRAVOM,Ernakulam,2023-06,52,36,351850,559607,86227.17804190663,231.0888371523098,51,27,440,8444400,250,200,120,8,0.5172,2023
KSRTC-067,PIRAVOM,Ernakulam,2023-07,54,40,394304,620730,96631.29518441368,258.9718710942287,51,27,493,9463296,250,200,120,8,0.5043,2023
KSRTC-067,PIRAVOM,Ernakulam,2023-08,53,39,381855,573922,93580.44357309154,250.79558877588536,51,27,477,9164520,250,200,120,8,0.487,2023
KSRTC-067,PIRAVOM,Ernakulam,2023-09,54,39,389145,603027,95366.98933954173,255.58353142997186,51,27,486,9339480,250,200,120,8,0.4984,2023
KSRTC-067,PIRAVOM,Ernakulam,2023-10,53,39,382629,592135,93770.12621002329,251.30393824286242,51,27,478,9183096,250,200,120,8,0.4991,2023
KSRTC-067,PIRAVOM,Ernakulam,2023-11,54,40,394068,639948,96573.45913490994,258.8168704815586,51,27,493,9457632,250,200,120,8,0.5179,2023
KSRTC-067,PIRAVOM,Ernakulam,2023-12,56,41,417804,667348,102390.39333415023,274.40625413552266,51,27,522,10027296,250,200,120,8,0.5068,2023
KSRTC-067,PIRAVOM,Ernakulam,2024-01,54,39,385451,600018,94461.70812400442,253.15737777233184,51,27,482,9250824,250,200,120,8,0.501,2024
KSRTC-067,PIRAVOM,Ernakulam,2024-02,53,38,376557,555912,92282.07327533391,247.3159563778949,51,27,471,9037368,250,200,120,8,0.4807,2024
KSRTC-067,PIRAVOM,Ernakulam,2024-03,54,40,394927,639420,96783.97255238329,259.38104644038725,51,27,494,9478248,250,200,120,8,0.5164,2024
KSRTC-067,PIRAVOM,Ernakulam,2024-04,49,45,338590,459655,82977.57627741699,222.37990442347754,51,27,423,8126160,250,200,120,8,0.444,2024
KSRTC-067,PIRAVOM,Ernakulam,2024-05,50,47,348745,473442,85466.2418821223,229.04952824408775,51,27,436,8369880,250,200,120,8,0.4476,2024
KSRTC-067,PIRAVOM,Ernakulam,2024-06,48,43,330691,448932,81041.78409508639,217.19198137483156,51,27,413,7936584,250,200,120,8,0.4412,2024
KSRTC-067,PIRAVOM,Ernakulam,2024-07,48,44,334741,454430,82034.30952089206,219.85194951599073,51,27,418,8033784,250,200,120,8,0.4426,2024
KSRTC-067,PIRAVOM,Ernakulam,2024-08,48,44,334976,454749,82091.90050238941,220.00629334640362,51,27,419,8039424,250,200,120,8,0.4427,2024
KSRTC-067,PIRAVOM,Ernakulam,2024-09,47,43,327438,444515,80244.57787035903,215.05546869256221,51,27,409,7858512,250,200,120,8,0.44,2024
KSRTC-067,PIRAVOM,Ernakulam,2024-10,49,46,341435,463518,83674.79475554467,224.24844994485974,51,27,427,8194440,250,200,120,8,0.445,2024
KSRTC-067,PIRAVOM,Ernakulam,2024-11,50,47,348725,473413,85461.34052199486,229.03639259894624,51,27,436,8369400,250,200,120,8,0.4475,2024
KSRTC-067,PIRAVOM,Ernakulam,2024-12,50,47,346094,469842,84816.56659723073,227.30839848057838,51,27,433,8306256,250,200,120,8,0.4466,2024
KSRTC-067,PIRAVOM,Ernakulam,2025-01,49,45,340307,461986,83398.35804435732,223.50759955887762,51,27,425,8167368,250,200,120,8,0.4446,2025
KSRTC-067,PIRAVOM,Ernakulam,2025-02,50,47,348731,473423,85462.81093003308,229.04033329248867,51,27,436,8369544,250,200,120,8,0.4475,2025
KSRTC-067,PIRAVOM,Ernakulam,2025-03,50,47,346440,470312,84901.36012743537,227.5356451415268,51,27,433,8314560,250,200,120,8,0.4467,2025
KSRTC-067,PIRAVOM,Ernakulam,2025-04,49,45,337178,457738,82631.54025242005,221.45252787648576,51,27,421,8092272,250,200,120,8,0.4435,2025
KSRTC-067,PIRAVOM,Ernakulam,2025-05,50,47,345291,468752,84619.7769881142,226.7810023281461,51,27,432,8286984,250,200,120,8,0.4463,2025
KSRTC-067,PIRAVOM,Ernakulam,2025-06,50,46,344910,468235,84526.40607768657,226.53076828820002,51,27,431,8277840,250,200,120,8,0.4462,2025
KSRTC-067,PIRAVOM,Ernakulam,2025-07,50,46,343373,466149,84149.73655189315,225.52129395907363,51,27,429,8240952,250,200,120,8,0.4456,2025
KSRTC-067,PIRAVOM,Ernakulam,2025-08,49,45,340265,461929,83388.0651880897,223.48001470408042,51,27,425,8166360,250,200,120,8,0.4445,2025
KSRTC-067,PIRAVOM,Ernakulam,2025-09,49,46,341131,463104,83600.29408160764,224.04878813870852,51,27,426,8187144,250,200,120,8,0.4449,2025
KSRTC-067,PIRAVOM,Ernakulam,2025-10,49,44,336112,456291,82370.29775762775,220.75239799044238,51,27,420,8066688,250,200,120,8,0.4431,2025
KSRTC-067,PIRAVOM,Ernakulam,2025-11,49,45,339469,460849,83192.99105501777,222.95721602744763,51,27,424,8147256,250,200,120,8,0.4443,2025
KSRTC-067,PIRAVOM,Ernakulam,2025-12,49,45,338507,459542,82957.23563288813,222.32539149614018,51,27,423,8124168,250,200,120,8,0.4439,2025
KSRTC-067,PIRAVOM,Ernakulam,2026-01,48,43,329867,447814,80839.84805783605,216.65079279500063,51,27,412,7916808,250,200,120,8,0.4409,2026
KSRTC-067,PIRAVOM,Ernakulam,2026-02,51,48,351438,477097,86126.21002328147,230.81824286239433,51,27,439,8434512,250,200,120,8,0.4485,2026
KSRTC-067,PIRAVOM,Ernakulam,2026-03,49,45,339365,460708,83167.5039823551,222.88891067271172,51,27,424,8144760,250,200,120,8,0.4442,2026
KSRTC-068,PONKUNNAM,Kottayam,2021-04,56,44,351222,369584,86073.27533390516,230.67637789486585,51,27,439,8429328,250,200,120,8,0.3979,2021
KSRTC-068,PONKUNNAM,Kottayam,2021-05,56,44,348352,352132,85369.93015561819,228.79141281705677,51,27,435,8360448,250,200,120,8,0.387,2021
KSRTC-068,PONKUNNAM,Kottayam,2021-06,56,44,348273,352686,85350.56978311481,228.7395270187477,51,27,435,8358552,250,200,120,8,0.3875,2021
KSRTC-068,PONKUNNAM,Kottayam,2021-07,56,45,352899,363240,86484.25438059062,231.77780173998286,51,27,441,8469576,250,200,120,8,0.3913,2021
KSRTC-068,PONKUNNAM,Kottayam,2021-08,56,44,351211,367692,86070.57958583508,230.66915329003803,51,27,439,8429064,250,200,120,8,0.3964,2021
KSRTC-068,PONKUNNAM,Kottayam,2021-09,56,45,361104,353299,88495.03737287098,237.16670015929424,51,27,451,8666496,250,200,120,8,0.376,2021
KSRTC-068,PONKUNNAM,Kottayam,2021-10,55,44,344041,354690,84313.4419801495,225.96002450680066,51,27,430,8256984,250,200,120,8,0.3933,2021
KSRTC-068,PONKUNNAM,Kottayam,2021-11,57,46,367566,383090,90078.66683004535,241.41082710452153,51,27,459,8821584,250,200,120,8,0.3925,2021
KSRTC-068,PONKUNNAM,Kottayam,2021-12,57,47,374266,376953,91720.62247273618,245.811268226933,51,27,468,8982384,250,200,120,8,0.382,2021
KSRTC-068,PONKUNNAM,Kottayam,2022-01,56,45,353656,367166,86669.77086141404,232.27498590858966,51,27,442,8487744,250,200,120,8,0.3936,2022
KSRTC-068,PONKUNNAM,Kottayam,2022-02,57,46,372609,376763,91314.54478617817,244.72298002695752,51,27,466,8942616,250,200,120,8,0.3833,2022
KSRTC-068,PONKUNNAM,Kottayam,2022-03,57,45,361441,367390,88577.62529101827,237.38803577992897,51,27,452,8674584,250,200,120,8,0.3864,2022
KSRTC-068,PONKUNNAM,Kottayam,2022-04,58,52,502293,531925,123095.94412449455,329.8971302536454,51,27,628,12055032,250,200,120,8,0.331,2022
KSRTC-068,PONKUNNAM,Kottayam,2022-05,56,49,463449,485605,113576.52248498959,304.3850802597721,51,27,579,11122776,250,200,120,8,0.334,2022
KSRTC-068,PONKUNNAM,Kottayam,2022-06,58,52,499304,538224,122363.43585344934,327.93400808724425,51,27,624,11983296,250,200,120,8,0.3366,2022
KSRTC-068,PONKUNNAM,Kottayam,2022-07,58,52,496964,540275,121789.9767185394,326.3971376056856,51,27,621,11927136,250,200,120,8,0.3394,2022
KSRTC-068,PONKUNNAM,Kottayam,2022-08,56,49,465647,473157,114115.18196299474,305.8286876608259,51,27,582,11175528,250,200,120,8,0.325,2022
KSRTC-068,PONKUNNAM,Kottayam,2022-09,63,59,589679,607924,144511.45692929788,387.29070457051836,51,27,737,14152296,250,200,120,8,0.3143,2022
KSRTC-068,PONKUNNAM,Kottayam,2022-10,57,50,471694,514000,115597.10819752482,309.8002499693665,51,27,590,11320656,250,200,120,8,0.3441,2022
KSRTC-068,PONKUNNAM,Kottayam,2022-11,59,52,508193,550817,124541.84536208799,333.7721455703958,51,27,635,12196632,250,200,120,8,0.337,2022
KSRTC-068,PONKUNNAM,Kottayam,2022-12,56,49,460175,466521,112774.16983212842,302.2347751501042,51,27,575,11044200,250,200,120,8,0.3253,2022
KSRTC-068,PONKUNNAM,Kottayam,2023-01,59,53,513168,514240,125761.05869378753,337.03963729935066,51,27,641,12316032,250,200,120,8,0.3139,2023
KSRTC-068,PONKUNNAM,Kottayam,2023-02,58,52,501243,542118,122838.6227178042,329.20750888371526,51,27,627,12029832,250,200,120,8,0.3373,2023
KSRTC-068,PONKUNNAM,Kottayam,2023-03,57,50,480947,473042,117864.7224604828,315.8774561940939,51,27,601,11542728,250,200,120,8,0.3135,2023
KSRTC-068,PONKUNNAM,Kottayam,2023-04,63,54,567905,590839,139175.346158559,372.98992770493817,51,27,710,13629720,250,200,120,8,0.3268,2023
KSRTC-068,PONKUNNAM,Kottayam,2023-05,62,52,543352,582096,133158.19139811298,356.86395294694285,51,27,679,13040448,250,200,120,8,0.338,2023
KSRTC-068,PONKUNNAM,Kottayam,2023-06,62,53,556518,586703,136384.75677000367,365.5111481436099,51,27,696,13356432,250,200,120,8,0.3318,2023
KSRTC-068,PONKUNNAM,Kottayam,2023-07,63,54,570245,598853,139748.80529346893,374.52679818649676,51,27,713,13685880,250,200,120,8,0.3293,2023
KSRTC-068,PONKUNNAM,Kottayam,2023-08,60,50,508809,535732,124692.807254013,334.17672344075487,51,27,636,12211416,250,200,120,8,0.3375,2023
KSRTC-068,PONKUNNAM,Kottayam,2023-09,62,53,555937,577211,136242.37225830168,365.12955765224854,51,27,695,13342488,250,200,120,8,0.3275,2023
KSRTC-068,PONKUNNAM,Kottayam,2023-10,63,54,568994,568464,139442.22521749785,373.7051635828943,51,27,711,13655856,250,200,120,8,0.3154,2023
KSRTC-068,PONKUNNAM,Kottayam,2023-11,62,53,550742,577477,134969.24396520035,361.71757382673695,51,27,688,13217808,250,200,120,8,0.3309,2023
KSRTC-068,PONKUNNAM,Kottayam,2023-12,63,54,567259,600264,139017.03222644285,372.5656463668669,51,27,709,13614216,250,200,120,8,0.3318,2023
KSRTC-068,PONKUNNAM,Kottayam,2024-01,62,52,544917,599432,133541.7228280848,357.8918171792673,51,27,681,13078008,250,200,120,8,0.3456,2024
KSRTC-068,PONKUNNAM,Kottayam,2024-02,61,52,538591,577985,131991.422619777,353.7370126210024,51,27,673,12926184,250,200,120,8,0.339,2024
KSRTC-068,PONKUNNAM,Kottayam,2024-03,61,51,525156,547286,128698.93395417229,344.91314299718175,51,27,656,12603744,250,200,120,8,0.3322,2024
KSRTC-068,PONKUNNAM,Kottayam,2024-04,60,53,415098,563519,101727.23930890823,272.62900134787407,51,27,519,9962352,250,200,120,8,0.4711,2024
KSRTC-068,PONKUNNAM,Kottayam,2024-05,60,53,416815,565850,102148.02107584855,273.7566964832741,51,27,521,10003560,250,200,120,8,0.4717,2024
KSRTC-068,PONKUNNAM,Kottayam,2024-06,59,51,407096,552655,99766.20512192133,267.3734297267492,51,27,509,9770304,250,200,120,8,0.4682,2024
KSRTC-068,PONKUNNAM,Kottayam,2024-07,60,52,412101,559450,100992.77049381204,270.6606249234163,51,27,515,9890424,250,200,120,8,0.47,2024
KSRTC-068,PONKUNNAM,Kottayam,2024-08,60,53,416725,565728,102125.96495527509,273.6975860801373,51,27,521,10001400,250,200,120,8,0.4717,2024
KSRTC-068,PONKUNNAM,Kottayam,2024-09,61,54,419958,570117,102918.26981987501,275.8209631172651,51,27,525,10078992,250,200,120,8,0.4728,2024
KSRTC-068,PONKUNNAM,Kottayam,2024-10,60,53,417016,566123,102197.27974512927,273.8887097169465,51,27,521,10008384,250,200,120,8,0.4718,2024
KSRTC-068,PONKUNNAM,Kottayam,2024-11,60,53,417168,566329,102234.53008209779,273.9885406200221,51,27,521,10012032,250,200,120,8,0.4718,2024
KSRTC-068,PONKUNNAM,Kottayam,2024-12,61,54,419626,569665,102836.90724175959,275.6029114079157,51,27,525,10071024,250,200,120,8,0.4727,2024
KSRTC-068,PONKUNNAM,Kottayam,2025-01,60,53,414517,562730,101584.85479720624,272.2474108565127,51,27,518,9948408,250,200,120,8,0.4709,2025
KSRTC-068,PONKUNNAM,Kottayam,2025-02,61,54,422180,573133,103462.81093003308,277.2803332924887,51,27,528,10132320,250,200,120,8,0.4736,2025
KSRTC-068,PONKUNNAM,Kottayam,2025-03,59,51,405953,551105,99486.09239063841,266.622727606911,51,27,507,9742872,250,200,120,8,0.4678,2025
KSRTC-068,PONKUNNAM,Kottayam,2025-04,59,52,410398,557138,100575.41967896091,269.54212473961525,51,27,513,9849552,250,200,120,8,0.4694,2025
KSRTC-068,PONKUNNAM,Kottayam,2025-05,62,55,427420,580247,104746.96728342115,280.7218723195687,51,27,534,10258080,250,200,120,8,0.4755,2025
KSRTC-068,PONKUNNAM,Kottayam,2025-06,59,51,405690,550748,99421.63950496263,266.44999387329983,51,27,507,9736560,250,200,120,8,0.4677,2025
KSRTC-068,PONKUNNAM,Kottayam,2025-07,59,51,405545,550550,99386.10464403873,266.3547604460238,51,27,507,9733080,250,200,120,8,0.4677,2025
KSRTC-068,PONKUNNAM,Kottayam,2025-08,58,50,401426,544959,98376.66952579342,263.64947432912635,51,27,502,9634224,250,200,120,8,0.4662,2025
KSRTC-068,PONKUNNAM,Kottayam,2025-09,59,51,405116,549968,99280.97046930523,266.073000857738,51,27,506,9722784,250,200,120,8,0.4675,2025
KSRTC-068,PONKUNNAM,Kottayam,2025-10,60,53,415763,564422,101890.20953314545,273.0657615488298,51,27,520,9978312,250,200,120,8,0.4713,2025
KSRTC-068,PONKUNNAM,Kottayam,2025-11,61,55,425074,577062,104172.03774047298,279.1810611444676,51,27,531,10201776,250,200,120,8,0.4746,2025
KSRTC-068,PONKUNNAM,Kottayam,2025-12,60,53,417867,567278,102405.83261855165,274.4476314177184,51,27,522,10028808,250,200,120,8,0.4721,2025
KSRTC-068,PONKUNNAM,Kottayam,2026-01,61,54,421405,572081,103272.88322509496,276.77132704325453,51,27,527,10113720,250,200,120,8,0.4733,2026
KSRTC-068,PONKUNNAM,Kottayam,2026-02,61,55,423821,575361,103864.96752848916,278.3581129763509,51,27,530,10171704,250,200,120,8,0.4742,2026
KSRTC-068,PONKUNNAM,Kottayam,2026-03,61,55,424727,576592,104086.99914226198,278.9531577012621,51,27,531,10193448,250,200,120,8,0.4745,2026
KSRTC-069,PONNANI,Malappuram,2021-04,41,28,232125,191032,56886.41097904669,152.45558142384513,51,27,290,5571000,250,200,120,8,0.326,2021
KSRTC-069,PONNANI,Malappuram,2021-05,43,31,259148,212340,63508.88371523098,170.20380835681902,51,27,324,6219552,250,200,120,8,0.3157,2021
KSRTC-069,PONNANI,Malappuram,2021-06,42,30,247372,193430,60622.96287219704,162.46954049748808,51,27,309,5936928,250,200,120,8,0.3093,2021
KSRTC-069,PONNANI,Malappuram,2021-07,43,30,253637,201328,62158.313932116165,166.58428133807132,51,27,317,6087288,250,200,120,8,0.3104,2021
KSRTC-069,PONNANI,Malappuram,2021-08,43,31,261789,209236,64156.10832005882,171.93837029775764,51,27,327,6282936,250,200,120,8,0.3094,2021
KSRTC-069,PONNANI,Malappuram,2021-09,42,29,244115,186013,59824.77637544419,160.33040068619044,51,27,305,5858760,250,200,120,8,0.3049,2021
KSRTC-069,PONNANI,Malappuram,2021-10,43,31,258228,209399,63283.42114936895,169.59956868030878,51,27,323,6197472,250,200,120,8,0.3137,2021
KSRTC-069,PONNANI,Malappuram,2021-11,42,30,247700,195989,60703.345178286974,162.6849650778091,51,27,310,5944800,250,200,120,8,0.3117,2021
KSRTC-069,PONNANI,Malappuram,2021-12,42,30,247212,191876,60583.75199117755,162.36445533635583,51,27,309,5933088,250,200,120,8,0.3077,2021
KSRTC-069,PONNANI,Malappuram,2022-01,44,32,270115,214982,66196.54454111017,177.40673937017525,51,27,338,6482760,250,200,120,8,0.306,2022
KSRTC-069,PONNANI,Malappuram,2022-02,41,28,231229,187837,56666.830045337585,151.86710452150476,51,27,289,5549496,250,200,120,8,0.3234,2022
KSRTC-069,PONNANI,Malappuram,2022-03,44,32,274414,219908,67250.09190050239,180.23024629334643,51,27,343,6585936,250,200,120,8,0.3063,2022
KSRTC-069,PONNANI,Malappuram,2022-04,42,31,360642,313617,88381.81595392722,236.86326675652495,51,27,451,8655408,250,200,120,8,0.2342,2022
KSRTC-069,PONNANI,Malappuram,2022-05,43,32,371548,323767,91054.52763141772,244.0261340521995,51,27,464,8917152,250,200,120,8,0.2313,2022
KSRTC-069,PONNANI,Malappuram,2022-06,41,30,339033,279942,83086.14140423968,222.67085896336235,51,27,424,8136792,250,200,120,8,0.2296,2022
KSRTC-069,PONNANI,Malappuram,2022-07,42,31,351426,300912,86123.269207205,230.8103614753094,51,27,439,8434224,250,200,120,8,0.2336,2022
KSRTC-069,PONNANI,Malappuram,2022-08,42,30,347812,300032,85237.59343217744,228.43675039823555,51,27,435,8347488,250,200,120,8,0.2366,2022
KSRTC-069,PONNANI,Malappuram,2022-09,40,29,320909,278512,78644.52885675775,210.76733733611078,51,27,401,7701816,250,200,120,8,0.248,2022
KSRTC-069,PONNANI,Malappuram,2022-10,42,31,363477,313162,89076.58375199119,238.7252444553364,51,27,454,8723448,250,200,120,8,0.2311,2022
KSRTC-069,PONNANI,Malappuram,2022-11,43,32,372182,320775,91209.90074745742,244.4425340031859,51,27,465,8932368,250,200,120,8,0.2285,2022
KSRTC-069,PONNANI,Malappuram,2022-12,41,30,342536,292956,83944.61463055998,224.97156720990077,51,27,428,8220864,250,200,120,8,0.2364,2022
KSRTC-069,PONNANI,Malappuram,2023-01,43,32,374915,333739,91879.67160887146,246.23751991177554,51,27,469,8997960,250,200,120,8,0.2354,2023
KSRTC-069,PONNANI,Malappuram,2023-02,42,31,362178,302168,88758.24041171426,237.87208430339422,51,27,453,8692272,250,200,120,8,0.2241,2023
KSRTC-069,PONNANI,Malappuram,2023-03,41,30,343343,294729,84142.384511702,225.50159049136136,51,27,429,8240232,250,200,120,8,0.237,2023
KSRTC-069,PONNANI,Malappuram,2023-04,39,30,337155,297572,82625.9036882735,221.43742188457298,51,27,421,8091720,250,200,120,8,0.2266,2023
KSRTC-069,PONNANI,Malappuram,2023-05,41,31,364716,323915,89380.2230118858,239.53899767185396,51,27,456,8753184,250,200,120,8,0.218,2023
KSRTC-069,PONNANI,Malappuram,2023-06,41,31,362187,329784,88760.4460237716,237.8779953437079,51,27,453,8692488,250,200,120,8,0.225,2023
KSRTC-069,PONNANI,Malappuram,2023-07,40,31,353307,328712,86584.2421271903,232.04576890087003,51,27,442,8479368,250,200,120,8,0.2336,2023
KSRTC-069,PONNANI,Malappuram,2023-08,39,30,336068,283357,82359.51476534738,220.723499571131,51,27,420,8065632,250,200,120,8,0.2163,2023
KSRTC-069,PONNANI,Malappuram,2023-09,40,30,349253,318823,85590.73642935915,229.38317363068253,51,27,437,8382072,250,200,120,8,0.2303,2023
KSRTC-069,PONNANI,Malappuram,2023-10,40,31,351602,308469,86166.40117632643,230.92595515255485,51,27,440,8438448,250,200,120,8,0.2197,2023
KSRTC-069,PONNANI,Malappuram,2023-11,39,29,324137,286979,79435.60838132582,212.8874304619532,51,27,405,7779288,250,200,120,8,0.2327,2023
KSRTC-069,PONNANI,Malappuram,2023-12,41,31,362079,317038,88733.97867908345,237.80706285994367,51,27,453,8689896,250,200,120,8,0.2155,2023
KSRTC-069,PONNANI,Malappuram,2024-01,41,31,361392,313075,88565.61695870604,237.35585344933222,51,27,452,8673408,250,200,120,8,0.2132,2024
KSRTC-069,PONNANI,Malappuram,2024-02,40,30,341478,309931,83685.33267981866,224.27669158191404,51,27,427,8195472,250,200,120,8,0.2318,2024
KSRTC-069,PONNANI,Malappuram,2024-03,40,31,356625,334276,87397.37777233182,234.2249724298493,51,27,446,8559000,250,200,120,8,0.2343,2024
KSRTC-069,PONNANI,Malappuram,2024-04,39,33,269136,365367,65956.6229628722,176.7637495404975,51,27,336,6459264,250,200,120,8,0.4193,2024
KSRTC-069,PONNANI,Malappuram,2024-05,38,31,260953,354259,63951.231466732024,171.38930033084182,51,27,326,6262872,250,200,120,8,0.4164,2024
KSRTC-069,PONNANI,Malappuram,2024-06,39,33,269032,365226,65931.13589020954,176.69544418576157,51,27,336,6456768,250,200,120,8,0.4193,2024
KSRTC-069,PONNANI,Malappuram,2024-07,39,34,272777,370310,66848.91557407181,179.15509373851245,51,27,341,6546648,250,200,120,8,0.4206,2024
KSRTC-069,PONNANI,Malappuram,2024-08,38,32,265017,359775,64947.18784462689,174.05846342360007,51,27,331,6360408,250,200,120,8,0.4179,2024
KSRTC-069,PONNANI,Malappuram,2024-09,38,32,266201,361382,65237.34836417106,174.83609361597846,51,27,333,6388824,250,200,120,8,0.4183,2024
KSRTC-069,PONNANI,Malappuram,2024-10,38,32,262303,356091,64282.07327533391,172.2759563778949,51,27,328,6295272,250,200,120,8,0.4169,2024
KSRTC-069,PONNANI,Malappuram,2024-11,39,33,269281,365564,65992.15782379611,176.85898296777356,51,27,337,6462744,250,200,120,8,0.4194,2024
KSRTC-069,PONNANI,Malappuram,2024-12,38,32,265543,360490,65076.09361597844,174.40393089082224,51,27,332,6373032,250,200,120,8,0.4181,2024
KSRTC-069,PONNANI,Malappuram,2025-01,39,33,270056,366617,66182.08552873423,177.36798921700773,51,27,338,6481344,250,200,120,8,0.4197,2025
KSRTC-069,PONNANI,Malappuram,2025-02,38,31,260939,354240,63947.80051464282,171.38010537924276,51,27,326,6262536,250,200,120,8,0.4164,2025
KSRTC-069,PONNANI,Malappuram,2025-03,39,33,266990,362454,65430.70702119839,175.3542948168117,51,27,334,6407760,250,200,120,8,0.4186,2025
KSRTC-069,PONNANI,Malappuram,2025-04,39,33,266900,362332,65408.650900624925,175.2951844136748,51,27,334,6405600,250,200,120,8,0.4185,2025
KSRTC-069,PONNANI,Malappuram,2025-05,39,34,272860,370423,66869.25621860067,179.2096066658498,51,27,341,6548640,250,200,120,8,0.4206,2025
KSRTC-069,PONNANI,Malappuram,2025-06,38,32,265834,360884,65147.40840583262,174.59505452763145,51,27,332,6380016,250,200,120,8,0.4182,2025
KSRTC-069,PONNANI,Malappuram,2025-07,38,32,266443,361711,65296.654821713026,174.9950349221909,51,27,333,6394632,250,200,120,8,0.4184,2025
KSRTC-069,PONNANI,Malappuram,2025-08,38,32,265591,360555,65087.856880284286,174.4354564391619,51,27,332,6374184,250,200,120,8,0.4181,2025
KSRTC-069,PONNANI,Malappuram,2025-09,39,33,267287,362858,65503.492219090804,175.54935914716336,51,27,334,6414888,250,200,120,8,0.4187,2025
KSRTC-069,PONNANI,Malappuram,2025-10,38,32,264823,359512,64899.644651390765,173.93104766572728,51,27,331,6355752,250,200,120,8,0.4178,2025
KSRTC-069,PONNANI,Malappuram,2025-11,39,33,268506,364512,65802.23011885799,176.34997671853944,51,27,336,6444144,250,200,120,8,0.4191,2025
KSRTC-069,PONNANI,Malappuram,2025-12,37,31,258828,351374,63430.46195319201,169.9936380345546,51,27,324,6211872,250,200,120,8,0.4157,2025
KSRTC-069,PONNANI,Malappuram,2026-01,39,34,272874,370442,66872.68717068987,179.21880161744886,51,27,341,6548976,250,200,120,8,0.4207,2026
KSRTC-069,PONNANI,Malappuram,2026-02,38,31,261092,354447,63985.295919617696,171.48059306457543,51,27,326,6266208,250,200,120,8,0.4165,2026
KSRTC-069,PONNANI,Malappuram,2026-03,39,33,267191,362726,65479.96569047911,175.486308050484,51,27,334,6412584,250,200,120,8,0.4186,2026
KSRTC-070,POOVAR,Thiruvananthapuram,2021-04,53,49,218730,384100,53603.72503369685,143.65798309030757,51,27,273,5249520,250,200,120,8,0.6558,2021
KSRTC-070,POOVAR,Thiruvananthapuram,2021-05,55,53,244967,427713,60033.57431687294,160.8899791692195,51,27,306,5879208,250,200,120,8,0.6477,2021
KSRTC-070,POOVAR,Thiruvananthapuram,2021-06,57,57,268279,498275,65746.5996814116,176.20088714618308,51,27,335,6438696,250,200,120,8,0.6746,2021
KSRTC-070,POOVAR,Thiruvananthapuram,2021-07,56,54,250499,455137,61389.29052812156,164.52329861536577,51,27,313,6011976,250,200,120,8,0.6662,2021
KSRTC-070,POOVAR,Thiruvananthapuram,2021-08,58,57,273135,499260,66936.6499203529,179.39022178654577,51,27,341,6555240,250,200,120,8,0.6659,2021
KSRTC-070,POOVAR,Thiruvananthapuram,2021-09,56,55,256660,465989,62899.15451537802,168.5697341012131,51,27,321,6159840,250,200,120,8,0.6649,2021
KSRTC-070,POOVAR,Thiruvananthapuram,2021-10,56,55,256962,460714,62973.16505330229,168.76808234285016,51,27,321,6167088,250,200,120,8,0.6586,2021
KSRTC-070,POOVAR,Thiruvananthapuram,2021-11,57,55,258797,469766,63422.86484499449,169.97327778458524,51,27,324,6211128,250,200,120,8,0.6644,2021
KSRTC-070,POOVAR,Thiruvananthapuram,2021-12,55,52,239033,423507,58579.340767062866,156.9926332557285,51,27,299,5736792,250,200,120,8,0.6559,2021
KSRTC-070,POOVAR,Thiruvananthapuram,2022-01,55,52,241877,427464,59276.31417718417,158.8605219948536,51,27,302,5805048,250,200,120,8,0.6541,2022
KSRTC-070,POOVAR,Thiruvananthapuram,2022-02,56,54,248529,446252,60906.506555569176,163.22943756892542,51,27,311,5964696,250,200,120,8,0.6607,2022
KSRTC-070,POOVAR,Thiruvananthapuram,2022-03,56,55,254817,435680,62447.49417963485,167.3592844014214,51,27,319,6115608,250,200,120,8,0.6362,2022
KSRTC-070,POOVAR,Thiruvananthapuram,2022-04,58,57,402192,778381,98564.39161867418,264.15256953804686,51,27,503,9652608,250,200,120,8,0.6215,2022
KSRTC-070,POOVAR,Thiruvananthapuram,2022-05,56,54,373017,777999,91414.53253277786,244.99094718784465,51,27,466,8952408,250,200,120,8,0.6672,2022
KSRTC-070,POOVAR,Thiruvananthapuram,2022-06,54,52,354662,700941,86916.30927582405,232.9357088592085,51,27,443,8511888,250,200,120,8,0.6406,2022
KSRTC-070,POOVAR,Thiruvananthapuram,2022-07,55,53,364245,738913,89264.7959808847,239.229653228771,51,27,455,8741880,250,200,120,8,0.6531,2022
KSRTC-070,POOVAR,Thiruvananthapuram,2022-08,57,56,389736,797066,95511.82453130744,255.97168974390397,51,27,487,9353664,250,200,120,8,0.6534,2022
KSRTC-070,POOVAR,Thiruvananthapuram,2022-09,58,58,414093,879082,101480.9459625046,271.96893517951236,51,27,518,9938232,250,200,120,8,0.6713,2022
KSRTC-070,POOVAR,Thiruvananthapuram,2022-10,57,55,387387,792476,94936.15978434015,254.42890822203162,51,27,484,9297288,250,200,120,8,0.6539,2022
KSRTC-070,POOVAR,Thiruvananthapuram,2022-11,58,57,401115,762654,98300.45337581179,263.44521504717557,51,27,501,9626760,250,200,120,8,0.6124,2022
KSRTC-070,POOVAR,Thiruvananthapuram,2022-12,57,57,397760,757693,97478.2502144345,261.2417105746845,51,27,497,9546240,250,200,120,8,0.6138,2022
KSRTC-070,POOVAR,Thiruvananthapuram,2023-01,56,54,370674,791939,90840.3381938488,243.45210635951483,51,27,463,8896176,250,200,120,8,0.6815,2023
KSRTC-070,POOVAR,Thiruvananthapuram,2023-02,56,55,380215,757850,93178.53204264183,249.71846587428013,51,27,475,9125160,250,200,120,8,0.6407,2023
KSRTC-070,POOVAR,Thiruvananthapuram,2023-03,54,52,354051,708854,86766.57272393089,232.5344149001348,51,27,443,8497224,250,200,120,8,0.6478,2023
KSRTC-070,POOVAR,Thiruvananthapuram,2023-04,64,41,371464,752657,91033.9419188825,243.97096434260513,51,27,464,8915136,250,200,120,8,0.6966,2023
KSRTC-070,POOVAR,Thiruvananthapuram,2023-05,65,43,391148,804102,95857.86055630438,256.89906629089575,51,27,489,9387552,250,200,120,8,0.7027,2023
KSRTC-070,POOVAR,Thiruvananthapuram,2023-06,68,45,422204,875821,103468.69256218601,277.29609606665855,51,27,528,10132896,250,200,120,8,0.7055,2023
KSRTC-070,POOVAR,Thiruvananthapuram,2023-07,67,44,408522,833819,100115.67209900748,268.31000122534005,51,27,511,9804528,250,200,120,8,0.6973,2023
KSRTC-070,POOVAR,Thiruvananthapuram,2023-08,64,41,373460,762822,91523.09765960055,245.2819017277295,51,27,467,8963040,250,200,120,8,0.7009,2023
KSRTC-070,POOVAR,Thiruvananthapuram,2023-09,66,44,405875,847724,99466.97708614141,266.571498590859,51,27,507,9741000,250,200,120,8,0.7105,2023
KSRTC-070,POOVAR,Thiruvananthapuram,2023-10,65,42,383009,788148,93863.25205244456,251.55351550055144,51,27,479,9192216,250,200,120,8,0.7041,2023
KSRTC-070,POOVAR,Thiruvananthapuram,2023-11,65,42,384279,764031,94174.4884205367,252.38762896703835,51,27,480,9222696,250,200,120,8,0.6849,2023
KSRTC-070,POOVAR,Thiruvananthapuram,2023-12,67,44,410027,866021,100484.499448597,269.2984585222399,51,27,513,9840648,250,200,120,8,0.7166,2023
KSRTC-070,POOVAR,Thiruvananthapuram,2024-01,67,45,414751,819292,101642.20071069723,272.4010979046686,51,27,518,9954024,250,200,120,8,0.6789,2024
KSRTC-070,POOVAR,Thiruvananthapuram,2024-02,65,43,393316,799786,96389.16799411837,258.3229702242372,51,27,492,9439584,250,200,120,8,0.6964,2024
KSRTC-070,POOVAR,Thiruvananthapuram,2024-03,65,42,386131,786668,94628.35436833721,253.60398970714374,51,27,483,9267144,250,200,120,8,0.6982,2024
KSRTC-070,POOVAR,Thiruvananthapuram,2024-04,48,61,329203,446912,80677.1229016052,216.21468937630195,51,27,412,7900872,250,200,120,8,0.4406,2024
KSRTC-070,POOVAR,Thiruvananthapuram,2024-05,48,62,331557,450107,81254.01298860434,217.76075480945966,51,27,414,7957368,250,200,120,8,0.4415,2024
KSRTC-070,POOVAR,Thiruvananthapuram,2024-06,47,61,327659,444816,80298.73789976719,215.20061757137609,51,27,410,7863816,250,200,120,8,0.4401,2024
KSRTC-070,POOVAR,Thiruvananthapuram,2024-07,49,65,339981,461544,83318.46587428011,223.2934885430707,51,27,425,8159544,250,200,120,8,0.4444,2024
KSRTC-070,POOVAR,Thiruvananthapuram,2024-08,47,61,327029,443961,80144.34505575297,214.78684474941798,51,27,409,7848696,250,200,120,8,0.4399,2024
KSRTC-070,POOVAR,Thiruvananthapuram,2024-09,46,58,319117,433219,78205.36698933954,209.59038353142998,51,27,399,7658808,250,200,120,8,0.437,2024
KSRTC-070,POOVAR,Thiruvananthapuram,2024-10,49,65,341449,463536,83678.22570763387,224.25764489645877,51,27,427,8194776,250,200,120,8,0.445,2024
KSRTC-070,POOVAR,Thiruvananthapuram,2024-11,46,59,320868,435597,78634.4810684965,210.74040926357065,51,27,401,7700832,250,200,120,8,0.4377,2024
KSRTC-070,POOVAR,Thiruvananthapuram,2024-12,47,61,326648,443444,80050.97414532534,214.53661070947192,51,27,408,7839552,250,200,120,8,0.4397,2024
KSRTC-070,POOVAR,Thiruvananthapuram,2025-01,47,61,327742,444929,80319.07854429605,215.25513049871344,51,27,410,7865808,250,200,120,8,0.4401,2025
KSRTC-070,POOVAR,Thiruvananthapuram,2025-02,48,61,329681,447560,80794.2654086509,216.52863129518443,51,27,412,7912344,250,200,120,8,0.4408,2025
KSRTC-070,POOVAR,Thiruvananthapuram,2025-03,47,61,328691,446216,80551.64808234286,215.87841686067887,51,27,411,7888584,250,200,120,8,0.4404,2025
KSRTC-070,POOVAR,Thiruvananthapuram,2025-04,48,63,335461,455407,82210.75848547973,220.32483274108571,51,27,419,8051064,250,200,120,8,0.4428,2025
KSRTC-070,POOVAR,Thiruvananthapuram,2025-05,48,62,331030,449393,81124.86214924642,217.4146305599804,51,27,414,7944720,250,200,120,8,0.4413,2025
KSRTC-070,POOVAR,Thiruvananthapuram,2025-06,47,60,323478,439140,79274.10856512682,212.4546109545399,51,27,404,7763472,250,200,120,8,0.4386,2025
KSRTC-070,POOVAR,Thiruvananthapuram,2025-07,48,61,328850,446432,80590.61389535597,215.982845239554,51,27,411,7892400,250,200,120,8,0.4405,2025
KSRTC-070,POOVAR,Thiruvananthapuram,2025-08,47,61,327763,444957,80324.22497242986,215.26892292611205,51,27,410,7866312,250,200,120,8,0.4401,2025
KSRTC-070,POOVAR,Thiruvananthapuram,2025-09,49,63,335925,456037,82324.47004043622,220.6295797083691,51,27,420,8062200,250,200,120,8,0.443,2025
KSRTC-070,POOVAR,Thiruvananthapuram,2025-10,47,60,326164,442786,79932.3612302414,214.21872809704695,51,27,408,7827936,250,200,120,8,0.4395,2025
KSRTC-070,POOVAR,Thiruvananthapuram,2025-11,47,60,325603,442025,79794.87807866684,213.85027325082712,51,27,407,7814472,250,200,120,8,0.4393,2025
KSRTC-070,POOVAR,Thiruvananthapuram,2025-12,47,61,327188,444177,80183.31086876609,214.89127312829314,51,27,409,7852512,250,200,120,8,0.4399,2025
KSRTC-070,POOVAR,Thiruvananthapuram,2026-01,46,59,320148,434619,78458.03210390884,210.26752603847572,51,27,400,7683552,250,200,120,8,0.4374,2026
KSRTC-070,POOVAR,Thiruvananthapuram,2026-02,49,63,336160,456356,82382.0610219336,220.78392353878206,51,27,420,8067840,250,200,120,8,0.4431,2026
KSRTC-070,POOVAR,Thiruvananthapuram,2026-03,48,62,331854,450511,81326.79818649676,217.95581913981133,51,27,415,7964496,250,200,120,8,0.4416,2026
KSRTC-071,PUNALUR,Kollam,2021-04,64,57,307279,505639,75304.25192991055,201.8153951721603,51,27,384,7374696,250,200,120,8,0.6245,2021
KSRTC-071,PUNALUR,Kollam,2021-05,64,57,304734,511925,74680.55385369441,200.14388432790102,51,27,381,7313616,250,200,120,8,0.6341,2021
KSRTC-071,PUNALUR,Kollam,2021-06,65,59,318188,532404,77977.69881142017,208.98023281460604,51,27,398,7636512,250,200,120,8,0.6311,2021
KSRTC-071,PUNALUR,Kollam,2021-07,63,56,298982,508594,73270.92268104399,196.3660727851979,51,27,374,7175568,250,200,120,8,0.6405,2021
KSRTC-071,PUNALUR,Kollam,2021-08,66,59,320271,514263,78488.17546869257,210.34831025609608,51,27,400,7686504,250,200,120,8,0.6125,2021
KSRTC-071,PUNALUR,Kollam,2021-09,63,56,298719,490155,73206.46979536822,196.19333905158683,51,27,373,7169256,250,200,120,8,0.6241,2021
KSRTC-071,PUNALUR,Kollam,2021-10,61,53,277423,483574,67987.50153167505,182.20650410488915,51,27,347,6658152,250,200,120,8,0.6546,2021
KSRTC-071,PUNALUR,Kollam,2021-11,64,57,307492,534007,75356.45141526774,201.95528979291754,51,27,384,7379808,250,200,120,8,0.6494,2021
KSRTC-071,PUNALUR,Kollam,2021-12,64,56,300521,529630,73648.08234285015,197.3768606788384,51,27,376,7212504,250,200,120,8,0.6572,2021
KSRTC-071,PUNALUR,Kollam,2022-01,65,58,311760,525641,76402.40166646245,204.75843646611938,51,27,390,7482240,250,200,120,8,0.6352,2022
KSRTC-071,PUNALUR,Kollam,2022-02,63,54,288870,464262,70792.79500061268,189.72469060164198,51,27,361,6932880,250,200,120,8,0.6159,2022
KSRTC-071,PUNALUR,Kollam,2022-03,65,58,311083,507615,76236.49062614876,204.31379487807868,51,27,389,7465992,250,200,120,8,0.6204,2022
KSRTC-071,PUNALUR,Kollam,2022-04,68,48,496341,930276,121637.2993505698,325.9879622595271,51,27,620,11912184,250,200,120,8,0.6229,2022
KSRTC-071,PUNALUR,Kollam,2022-05,66,46,461036,840562,112985.17338561451,302.8002646734469,51,27,576,11064864,250,200,120,8,0.6112,2022
KSRTC-071,PUNALUR,Kollam,2022-06,65,44,440677,787318,107995.83384389168,289.4288347016297,51,27,551,10576248,250,200,120,8,0.603,2022
KSRTC-071,PUNALUR,Kollam,2022-07,64,44,438464,804124,107453.49834579097,287.9753755667198,51,27,548,10523136,250,200,120,8,0.6162,2022
KSRTC-071,PUNALUR,Kollam,2022-08,64,43,429124,786693,105164.56316627865,281.8410292856268,51,27,536,10298976,250,200,120,8,0.6169,2022
KSRTC-071,PUNALUR,Kollam,2022-09,64,43,427184,759383,104689.13123391742,280.56687170689867,51,27,534,10252416,250,200,120,8,0.6019,2022
KSRTC-071,PUNALUR,Kollam,2022-10,66,45,456760,849277,111937.26259036883,299.9918637421885,51,27,571,10962240,250,200,120,8,0.6215,2022
KSRTC-071,PUNALUR,Kollam,2022-11,65,44,440795,789243,108024.75186864355,289.50633500796476,51,27,551,10579080,250,200,120,8,0.604,2022
KSRTC-071,PUNALUR,Kollam,2022-12,64,44,439024,756145,107590.73642935915,288.34317363068254,51,27,549,10536576,250,200,120,8,0.5855,2022
KSRTC-071,PUNALUR,Kollam,2023-01,66,46,463549,844688,113601.02928562676,304.45075848547975,51,27,579,11125176,250,200,120,8,0.6107,2023
KSRTC-071,PUNALUR,Kollam,2023-02,66,46,460329,845251,112811.91030510968,302.33591961769395,51,27,575,11047896,250,200,120,8,0.6148,2023
KSRTC-071,PUNALUR,Kollam,2023-03,64,44,435939,807365,106834.70162970225,286.317000367602,51,27,545,10462536,250,200,120,8,0.6214,2023
KSRTC-071,PUNALUR,Kollam,2023-04,69,47,515398,908526,126307.56034799658,338.5042617326308,51,27,644,12369552,250,200,120,8,0.5892,2023
KSRTC-071,PUNALUR,Kollam,2023-05,68,46,494542,870683,121196.42200710697,324.80641097904675,51,27,618,11869008,250,200,120,8,0.5899,2023
KSRTC-071,PUNALUR,Kollam,2023-06,68,45,491744,874811,120510.72172527877,322.9687342237471,51,27,615,11801856,250,200,120,8,0.5951,2023
KSRTC-071,PUNALUR,Kollam,2023-07,69,47,507922,913900,124475.43193236124,333.5941575787282,51,27,635,12190128,250,200,120,8,0.5996,2023
KSRTC-071,PUNALUR,Kollam,2023-08,68,46,495017,877867,121312.82931013357,325.11838255115805,51,27,619,11880408,250,200,120,8,0.5934,2023
KSRTC-071,PUNALUR,Kollam,2023-09,66,43,461242,814492,113035.6573949271,302.93556181840466,51,27,577,11069808,250,200,120,8,0.5941,2023
KSRTC-071,PUNALUR,Kollam,2023-10,70,48,522840,951694,128131.35645141527,343.39203528979294,51,27,654,12548160,250,200,120,8,0.6045,2023
KSRTC-071,PUNALUR,Kollam,2023-11,67,45,480284,834816,117702.2423722583,315.4420095576523,51,27,600,11526816,250,200,120,8,0.5848,2023
KSRTC-071,PUNALUR,Kollam,2023-12,68,46,494389,833819,121158.9266021321,324.705923293714,51,27,618,11865336,250,200,120,8,0.5696,2023
KSRTC-071,PUNALUR,Kollam,2024-01,67,45,480290,901525,117703.71278029654,315.44595025119474,51,27,600,11526960,250,200,120,8,0.6229,2024
KSRTC-071,PUNALUR,Kollam,2024-02,65,43,449194,796461,110083.07805416004,295.02264918514896,51,27,562,10780656,250,200,120,8,0.5973,2024
KSRTC-071,PUNALUR,Kollam,2024-03,67,44,475401,874160,116505.57529714497,312.23494179634855,51,27,594,11409624,250,200,120,8,0.6128,2024
KSRTC-071,PUNALUR,Kollam,2024-04,67,64,466817,633730,114401.91153044971,306.59712290160525,51,27,584,11203608,250,200,120,8,0.4894,2024
KSRTC-071,PUNALUR,Kollam,2024-05,66,62,457741,621410,112177.67430461953,300.6361671363804,51,27,572,10985784,250,200,120,8,0.4862,2024
KSRTC-071,PUNALUR,Kollam,2024-06,67,63,463065,628637,113482.41637054284,304.13287587305484,51,27,579,11113560,250,200,120,8,0.4881,2024
KSRTC-071,PUNALUR,Kollam,2024-07,64,58,443356,601881,108652.37103296166,291.18835436833723,51,27,554,10640544,250,200,120,8,0.4811,2024
KSRTC-071,PUNALUR,Kollam,2024-08,67,63,465093,631390,113979.41428746478,305.4648302904056,51,27,581,11162232,250,200,120,8,0.4888,2024
KSRTC-071,PUNALUR,Kollam,2024-09,66,61,453948,616260,111248.13135645143,298.1449920352898,51,27,567,10894752,250,200,120,8,0.4849,2024
KSRTC-071,PUNALUR,Kollam,2024-10,67,63,464768,630948,113899.76718539395,305.25137605685586,51,27,581,11154432,250,200,120,8,0.4887,2024
KSRTC-071,PUNALUR,Kollam,2024-11,69,66,478488,649575,117262.10023281461,314.2624286239432,51,27,598,11483712,250,200,120,8,0.4936,2024
KSRTC-071,PUNALUR,Kollam,2024-12,66,61,456121,619211,111780.66413429727,299.5721798799167,51,27,570,10946904,250,200,120,8,0.4856,2024
KSRTC-071,PUNALUR,Kollam,2025-01,65,60,449289,609935,110106.35951476535,295.08504349957116,51,27,562,10782936,250,200,120,8,0.4832,2025
KSRTC-071,PUNALUR,Kollam,2025-02,66,61,453657,615865,111176.81656659723,297.9538683984806,51,27,567,10887768,250,200,120,8,0.4848,2025
KSRTC-071,PUNALUR,Kollam,2025-03,69,66,479084,650383,117408.16076461218,314.6538708491606,51,27,599,11498016,250,200,120,8,0.4938,2025
KSRTC-071,PUNALUR,Kollam,2025-04,67,63,463445,629153,113575.54221296411,304.38245313074384,51,27,579,11122680,250,200,120,8,0.4882,2025
KSRTC-071,PUNALUR,Kollam,2025-05,65,60,451317,612689,110603.3574316873,296.41699791692196,51,27,564,10831608,250,200,120,8,0.4839,2025
KSRTC-071,PUNALUR,Kollam,2025-06,66,62,458530,622481,112371.03296164687,301.15436833721367,51,27,573,11004720,250,200,120,8,0.4865,2025
KSRTC-071,PUNALUR,Kollam,2025-07,66,61,455810,618788,111704.44798431566,299.367920597966,51,27,570,10939440,250,200,120,8,0.4855,2025
KSRTC-071,PUNALUR,Kollam,2025-08,68,65,471822,640525,115628.47690234041,309.88431809827233,51,27,590,11323728,250,200,120,8,0.4912,2025
KSRTC-071,PUNALUR,Kollam,2025-09,67,62,460905,625704,112953.06947677981,302.7142261977699,51,27,576,11061720,250,200,120,8,0.4873,2025
KSRTC-071,PUNALUR,Kollam,2025-10,68,64,469890,637903,115155.00551403016,308.61541477760085,51,27,587,11277360,250,200,120,8,0.4905,2025
KSRTC-071,PUNALUR,Kollam,2025-11,66,62,459742,624126,112668.05538536944,301.95038843279013,51,27,575,11033808,250,200,120,8,0.4869,2025
KSRTC-071,PUNALUR,Kollam,2025-12,68,64,467357,634463,114534.24825389046,306.95178532042644,51,27,584,11216568,250,200,120,8,0.4896,2025
KSRTC-071,PUNALUR,Kollam,2026-01,65,60,450632,611758,110435.48584732263,295.96710207082464,51,27,563,10815168,250,200,120,8,0.4837,2026
KSRTC-071,PUNALUR,Kollam,2026-02,65,60,452722,614596,110947.67798063964,297.33977698811424,51,27,566,10865328,250,200,120,8,0.4844,2026
KSRTC-071,PUNALUR,Kollam,2026-03,68,64,469253,637038,114998.89719397134,308.1970444798432,51,27,587,11262072,250,200,120,8,0.4903,2026
KSRTC-072,PUTHUKKAD,Thrissur,2021-04,38,27,221687,230370,54328.39112853817,145.6000882244823,51,27,277,5320488,250,200,120,8,0.3698,2021
KSRTC-072,PUTHUKKAD,Thrissur,2021-05,37,27,214163,221450,52484.49944859699,140.65845852223993,51,27,268,5139912,250,200,120,8,0.3716,2021
KSRTC-072,PUTHUKKAD,Thrissur,2021-06,38,27,219985,230016,53911.28538169342,144.48224482293838,51,27,275,5279640,250,200,120,8,0.3723,2021
KSRTC-072,PUTHUKKAD,Thrissur,2021-07,37,27,215095,226747,52712.90283053547,141.27057958583507,51,27,269,5162280,250,200,120,8,0.3767,2021
KSRTC-072,PUTHUKKAD,Thrissur,2021-08,36,26,203899,212376,49969.121431197156,133.91724543560838,51,27,255,4893576,250,200,120,8,0.3782,2021
KSRTC-072,PUTHUKKAD,Thrissur,2021-09,37,26,211277,220627,51777.23318220807,138.76298492831762,51,27,264,5070648,250,200,120,8,0.3756,2021
KSRTC-072,PUTHUKKAD,Thrissur,2021-10,36,26,203337,212456,49831.393211616225,133.5481338071315,51,27,254,4880088,250,200,120,8,0.3794,2021
KSRTC-072,PUTHUKKAD,Thrissur,2021-11,37,27,218943,220333,53655.92451905404,143.7978777110648,51,27,274,5254632,250,200,120,8,0.362,2021
KSRTC-072,PUTHUKKAD,Thrissur,2021-12,38,28,224745,228422,55077.80909202304,147.60852836662175,51,27,281,5393880,250,200,120,8,0.3624,2021
KSRTC-072,PUTHUKKAD,Thrissur,2022-01,37,27,214435,219369,52551.15794633011,140.8371032961647,51,27,268,5146440,250,200,120,8,0.3684,2022
KSRTC-072,PUTHUKKAD,Thrissur,2022-02,39,28,234111,243767,57373.11603970102,153.75995098639874,51,27,293,5618664,250,200,120,8,0.3656,2022
KSRTC-072,PUTHUKKAD,Thrissur,2022-03,36,25,198366,213796,48613.16015194217,130.28326920720502,51,27,248,4760784,250,200,120,8,0.3907,2022
KSRTC-072,PUTHUKKAD,Thrissur,2022-04,35,32,265379,295364,65035.90246293347,174.2962186006617,51,27,332,6369096,250,200,120,8,0.3199,2022
KSRTC-072,PUTHUKKAD,Thrissur,2022-05,37,35,296097,330270,72563.90148266144,194.4712559735327,51,27,370,7106328,250,200,120,8,0.3071,2022
KSRTC-072,PUTHUKKAD,Thrissur,2022-06,35,32,257556,282042,63118.73544908712,169.1582110035535,51,27,322,6181344,250,200,120,8,0.3189,2022
KSRTC-072,PUTHUKKAD,Thrissur,2022-07,36,34,282807,318021,69306.94767798064,185.74261977698814,51,27,354,6787368,250,200,120,8,0.3152,2022
KSRTC-072,PUTHUKKAD,Thrissur,2022-08,36,34,285361,322882,69932.85136625414,187.4200416615611,51,27,357,6848664,250,200,120,8,0.316,2022
KSRTC-072,PUTHUKKAD,Thrissur,2022-09,36,33,275527,309169,67522.85259159417,180.9612449454724,51,27,344,6612648,250,200,120,8,0.3177,2022
KSRTC-072,PUTHUKKAD,Thrissur,2022-10,35,32,257171,284032,63024.38426663399,168.9053498345791,51,27,321,6172104,250,200,120,8,0.3216,2022
KSRTC-072,PUTHUKKAD,Thrissur,2022-11,36,33,273434,301775,67009.92525425807,179.58659968141163,51,27,342,6562416,250,200,120,8,0.3136,2022
KSRTC-072,PUTHUKKAD,Thrissur,2022-12,36,33,274284,315003,67218.23305967406,180.1448645999265,51,27,343,6582816,250,200,120,8,0.3255,2022
KSRTC-072,PUTHUKKAD,Thrissur,2023-01,36,33,273421,308874,67006.73937017523,179.57806151206964,51,27,342,6562104,250,200,120,8,0.3208,2023
KSRTC-072,PUTHUKKAD,Thrissur,2023-02,36,33,275161,311684,67433.1577012621,180.72086263938243,51,27,344,6603864,250,200,120,8,0.3208,2023
KSRTC-072,PUTHUKKAD,Thrissur,2023-03,37,35,289923,323424,71050.85161132214,190.41628231834335,51,27,362,6958152,250,200,120,8,0.3097,2023
KSRTC-072,PUTHUKKAD,Thrissur,2023-04,38,28,289968,339458,71061.87967160887,190.44583751991178,51,27,362,6959232,250,200,120,8,0.3354,2023
KSRTC-072,PUTHUKKAD,Thrissur,2023-05,36,26,258986,297368,63469.182698198754,170.09740963117267,51,27,324,6215664,250,200,120,8,0.343,2023
KSRTC-072,PUTHUKKAD,Thrissur,2023-06,37,27,280317,313588,68696.72834211493,184.10723195686802,51,27,350,6727608,250,200,120,8,0.3252,2023
KSRTC-072,PUTHUKKAD,Thrissur,2023-07,38,29,299022,342171,73280.72540129887,196.39234407548096,51,27,374,7176528,250,200,120,8,0.3246,2023
KSRTC-072,PUTHUKKAD,Thrissur,2023-08,36,26,267376,298364,65525.30327165789,175.60781276804317,51,27,334,6417024,250,200,120,8,0.3302,2023
KSRTC-072,PUTHUKKAD,Thrissur,2023-09,38,28,297154,351976,72822.9383653964,195.16547481926236,51,27,371,7131696,250,200,120,8,0.3364,2023
KSRTC-072,PUTHUKKAD,Thrissur,2023-10,37,27,283271,334495,69420.65923293715,186.04736674427156,51,27,354,6798504,250,200,120,8,0.341,2023
KSRTC-072,PUTHUKKAD,Thrissur,2023-11,37,27,284227,328648,69654.94424702856,186.67525058203654,51,27,355,6821448,250,200,120,8,0.3338,2023
KSRTC-072,PUTHUKKAD,Thrissur,2023-12,38,28,286712,337549,70263.9382428624,188.30735449087123,51,27,358,6881088,250,200,120,8,0.3386,2023
KSRTC-072,PUTHUKKAD,Thrissur,2024-01,37,27,282299,326160,69182.45313074379,185.40897439039335,51,27,353,6775176,250,200,120,8,0.3344,2024
KSRTC-072,PUTHUKKAD,Thrissur,2024-02,37,27,280187,322466,68664.86950128661,184.0218502634481,51,27,350,6724488,250,200,120,8,0.3341,2024
KSRTC-072,PUTHUKKAD,Thrissur,2024-03,37,27,278236,316896,68186.74182085528,182.74046807989217,51,27,348,6677664,250,200,120,8,0.3316,2024
KSRTC-072,PUTHUKKAD,Thrissur,2024-04,36,30,247094,335445,60554.833966425686,162.28695503002086,51,27,309,5930256,250,200,120,8,0.4115,2024
KSRTC-072,PUTHUKKAD,Thrissur,2024-05,36,30,247697,336262,60702.60997426786,162.68299473103787,51,27,310,5944728,250,200,120,8,0.4117,2024
KSRTC-072,PUTHUKKAD,Thrissur,2024-06,36,30,247496,335990,60653.35130498714,162.55098149736554,51,27,309,5939904,250,200,120,8,0.4117,2024
KSRTC-072,PUTHUKKAD,Thrissur,2024-07,36,30,247766,336356,60719.519666707514,162.72831270677614,51,27,310,5946384,250,200,120,8,0.4117,2024
KSRTC-072,PUTHUKKAD,Thrissur,2024-08,36,30,246596,334768,60432.79009925255,161.95987746599684,51,27,308,5918304,250,200,120,8,0.4113,2024
KSRTC-072,PUTHUKKAD,Thrissur,2024-09,36,31,249240,338358,61080.749908099504,163.6964097537067,51,27,312,5981760,250,200,120,8,0.4123,2024
KSRTC-072,PUTHUKKAD,Thrissur,2024-10,35,30,243848,331037,59759.34321774293,160.15503982355105,51,27,305,5852352,250,200,120,8,0.4104,2024
KSRTC-072,PUTHUKKAD,Thrissur,2024-11,35,29,243405,330435,59650.778090920234,159.86408528366624,51,27,304,5841720,250,200,120,8,0.4102,2024
KSRTC-072,PUTHUKKAD,Thrissur,2024-12,36,30,248209,336958,60828.08479353021,163.01926724666097,51,27,310,5957016,250,200,120,8,0.4119,2024
KSRTC-072,PUTHUKKAD,Thrissur,2025-01,37,32,255221,346478,62546.501654209045,167.62462443328025,51,27,319,6125304,250,200,120,8,0.4144,2025
KSRTC-072,PUTHUKKAD,Thrissur,2025-02,36,31,249081,338142,61041.78409508639,163.59198137483153,51,27,311,5977944,250,200,120,8,0.4122,2025
KSRTC-072,PUTHUKKAD,Thrissur,2025-03,36,30,246824,335078,60488.66560470531,162.10962382061027,51,27,309,5923776,250,200,120,8,0.4114,2025
KSRTC-072,PUTHUKKAD,Thrissur,2025-04,35,30,245724,333584,60219.090797696364,161.38716333782625,51,27,307,5897376,250,200,120,8,0.411,2025
KSRTC-072,PUTHUKKAD,Thrissur,2025-05,35,29,242962,329834,59542.21296409754,159.57313074378143,51,27,304,5831088,250,200,120,8,0.41,2025
KSRTC-072,PUTHUKKAD,Thrissur,2025-06,35,30,244796,332324,59991.66768778336,160.7776694032594,51,27,306,5875104,250,200,120,8,0.4107,2025
KSRTC-072,PUTHUKKAD,Thrissur,2025-07,36,31,248783,337738,60968.753829187604,163.3962602622228,51,27,311,5970792,250,200,120,8,0.4121,2025
KSRTC-072,PUTHUKKAD,Thrissur,2025-08,36,30,247046,335379,60543.07070211984,162.25542948168118,51,27,309,5929104,250,200,120,8,0.4115,2025
KSRTC-072,PUTHUKKAD,Thrissur,2025-09,36,31,252120,342267,61786.545766450196,165.58794265408653,51,27,315,6050880,250,200,120,8,0.4133,2025
KSRTC-072,PUTHUKKAD,Thrissur,2025-10,36,31,251767,341788,61700.03676020096,165.35609851733858,51,27,315,6042408,250,200,120,8,0.4132,2025
KSRTC-072,PUTHUKKAD,Thrissur,2025-11,35,29,243425,330464,59655.67945104767,159.87722092880776,51,27,304,5842200,250,200,120,8,0.4102,2025
KSRTC-072,PUTHUKKAD,Thrissur,2025-12,33,27,231816,314704,56810.68496507781,152.25263570640854,51,27,290,5563584,250,200,120,8,0.4061,2025
KSRTC-072,PUTHUKKAD,Thrissur,2026-01,38,33,261334,354776,64044.60237715967,171.6395343707879,51,27,327,6272016,250,200,120,8,0.4166,2026
KSRTC-072,PUTHUKKAD,Thrissur,2026-02,37,32,254550,345566,62382.06102193359,167.183923538782,51,27,318,6109200,250,200,120,8,0.4142,2026
KSRTC-072,PUTHUKKAD,Thrissur,2026-03,36,30,248147,336873,60812.89057713516,162.97854674672223,51,27,310,5955528,250,200,120,8,0.4119,2026
KSRTC-073,RANNI,Pathanamthitta,2021-04,30,24,130249,167238,31919.862761916433,85.54523220193605,51,27,163,3125976,250,200,120,8,0.4866,2021
KSRTC-073,RANNI,Pathanamthitta,2021-05,30,23,126113,157679,30906.2614875628,82.8287807866683,51,27,158,3026712,250,200,120,8,0.4799,2021
KSRTC-073,RANNI,Pathanamthitta,2021-06,29,22,119604,157676,29311.113834088963,78.55378507535842,51,27,150,2870496,250,200,120,8,0.5028,2021
KSRTC-073,RANNI,Pathanamthitta,2021-07,31,24,134369,178132,32929.54294816812,88.25117510109057,51,27,168,3224856,250,200,120,8,0.4956,2021
KSRTC-073,RANNI,Pathanamthitta,2021-08,30,24,131446,173007,32213.20916554344,86.33140056365643,51,27,164,3154704,250,200,120,8,0.4947,2021
KSRTC-073,RANNI,Pathanamthitta,2021-09,31,25,136136,173305,33362.57811542703,89.41170934934443,51,27,170,3267264,250,200,120,8,0.4801,2021
KSRTC-073,RANNI,Pathanamthitta,2021-10,30,23,127145,166769,31159.171670138465,83.50658007597109,51,27,159,3051480,250,200,120,8,0.4961,2021
KSRTC-073,RANNI,Pathanamthitta,2021-11,31,25,135098,171670,33108.197524813135,88.7299693664992,51,27,169,3242352,250,200,120,8,0.4801,2021
KSRTC-073,RANNI,Pathanamthitta,2021-12,30,24,132539,171834,32481.06849650778,87.04926357064086,51,27,166,3180936,250,200,120,8,0.4886,2021
KSRTC-073,RANNI,Pathanamthitta,2022-01,29,23,120664,149132,29570.885920843037,79.24997426785934,51,27,151,2895936,250,200,120,8,0.4795,2022
KSRTC-073,RANNI,Pathanamthitta,2022-02,30,24,131887,176934,32321.28415635339,86.62104153902709,51,27,165,3165288,250,200,120,8,0.5014,2022
KSRTC-073,RANNI,Pathanamthitta,2022-03,30,24,132446,173547,32458.277171915208,86.98818282073276,51,27,166,3178704,250,200,120,8,0.4925,2022
KSRTC-073,RANNI,Pathanamthitta,2022-04,29,25,222009,318997,54407.30302658988,145.8115721112609,51,27,278,5328216,250,200,120,8,0.3813,2022
KSRTC-073,RANNI,Pathanamthitta,2022-05,29,26,233049,322656,57112.8538169342,153.06244822938368,51,27,291,5593176,250,200,120,8,0.3597,2022
KSRTC-073,RANNI,Pathanamthitta,2022-06,30,26,241319,325189,59139.56622962873,158.494037495405,51,27,302,5791656,250,200,120,8,0.3445,2022
KSRTC-073,RANNI,Pathanamthitta,2022-07,31,27,254943,356938,62478.372748437694,167.44203896581303,51,27,319,6118632,250,200,120,8,0.3511,2022
KSRTC-073,RANNI,Pathanamthitta,2022-08,29,25,222925,318865,54631.78532042642,146.4131846587428,51,27,279,5350200,250,200,120,8,0.3789,2022
KSRTC-073,RANNI,Pathanamthitta,2022-09,29,25,223809,312040,54848.425438059065,146.9937801739983,51,27,280,5371416,250,200,120,8,0.3684,2022
KSRTC-073,RANNI,Pathanamthitta,2022-10,30,27,245985,328106,60283.05354735939,161.55858350692316,51,27,308,5903640,250,200,120,8,0.338,2022
KSRTC-073,RANNI,Pathanamthitta,2022-11,29,25,223592,326763,54795.24568067639,146.85125842421272,51,27,280,5366208,250,200,120,8,0.3869,2022
KSRTC-073,RANNI,Pathanamthitta,2022-12,28,24,209932,283680,51447.61671363804,137.87961279254995,51,27,262,5038368,250,200,120,8,0.3663,2022
KSRTC-073,RANNI,Pathanamthitta,2023-01,29,25,220520,314809,54042.39676510232,144.8336233304742,51,27,276,5292480,250,200,120,8,0.3797,2023
KSRTC-073,RANNI,Pathanamthitta,2023-02,29,26,236370,333380,57926.724666094844,155.2436221051342,51,27,295,5672880,250,200,120,8,0.3648,2023
KSRTC-073,RANNI,Pathanamthitta,2023-03,30,27,243989,336608,59793.89780664135,160.24764612179882,51,27,305,5855736,250,200,120,8,0.3517,2023
KSRTC-073,RANNI,Pathanamthitta,2023-04,29,25,249661,316667,61183.923538782015,163.97291508393582,51,27,312,5991864,250,200,120,8,0.3007,2023
KSRTC-073,RANNI,Pathanamthitta,2023-05,30,26,260294,331056,63789.731650533024,170.9564808234285,51,27,325,6247056,250,200,120,8,0.2949,2023
KSRTC-073,RANNI,Pathanamthitta,2023-06,30,27,272045,349153,66669.52579340768,178.6743291263326,51,27,340,6529080,250,200,120,8,0.2909,2023
KSRTC-073,RANNI,Pathanamthitta,2023-07,30,26,257822,323150,63183.923538782015,169.3329150839358,51,27,322,6187728,250,200,120,8,0.2914,2023
KSRTC-073,RANNI,Pathanamthitta,2023-08,28,24,235434,317194,57697.34101213087,154.62887391251076,51,27,294,5650416,250,200,120,8,0.3321,2023
KSRTC-073,RANNI,Pathanamthitta,2023-09,30,26,266513,355917,65313.809582159054,175.04100968018628,51,27,333,6396312,250,200,120,8,0.3085,2023
KSRTC-073,RANNI,Pathanamthitta,2023-10,31,27,278962,357766,68364.6611934812,183.2172919985296,51,27,349,6695088,250,200,120,8,0.2867,2023
KSRTC-073,RANNI,Pathanamthitta,2023-11,29,25,244443,320023,59905.15868153413,160.54582526651146,51,27,306,5866632,250,200,120,8,0.3154,2023
KSRTC-073,RANNI,Pathanamthitta,2023-12,29,26,255731,327534,62671.48633745865,167.9595833843892,51,27,320,6137544,250,200,120,8,0.3002,2023
KSRTC-073,RANNI,Pathanamthitta,2024-01,30,27,275178,343930,67437.32385737043,180.73202793775275,51,27,344,6604272,250,200,120,8,0.2799,2024
KSRTC-073,RANNI,Pathanamthitta,2024-02,31,27,278247,364759,68189.43756892538,182.74769268472005,51,27,348,6677928,250,200,120,8,0.2949,2024
KSRTC-073,RANNI,Pathanamthitta,2024-03,30,26,263395,363378,64549.68753829188,172.99316260262225,51,27,329,6321480,250,200,120,8,0.3225,2024
KSRTC-073,RANNI,Pathanamthitta,2024-04,29,28,203427,276163,49853.44933218969,133.60724421026836,51,27,254,4882248,250,200,120,8,0.396,2024
KSRTC-073,RANNI,Pathanamthitta,2024-05,29,26,198006,268805,48524.93566964833,130.04682759465754,51,27,248,4752144,250,200,120,8,0.3941,2024
KSRTC-073,RANNI,Pathanamthitta,2024-06,29,27,198484,269453,48642.078176694034,130.36076951354002,51,27,248,4763616,250,200,120,8,0.3943,2024
KSRTC-073,RANNI,Pathanamthitta,2024-07,28,26,195853,265882,47997.30425192991,128.63277539517216,51,27,245,4700472,250,200,120,8,0.3933,2024
KSRTC-073,RANNI,Pathanamthitta,2024-08,29,27,198352,269275,48609.72919985296,130.27407425560594,51,27,248,4760448,250,200,120,8,0.3942,2024
KSRTC-073,RANNI,Pathanamthitta,2024-09,29,26,197667,268344,48441.8576154883,129.82417840950865,51,27,247,4744008,250,200,120,8,0.394,2024
KSRTC-073,RANNI,Pathanamthitta,2024-10,28,26,197016,267461,48282.31834334028,129.39661316015196,51,27,246,4728384,250,200,120,8,0.3938,2024
KSRTC-073,RANNI,Pathanamthitta,2024-11,28,25,191624,260140,46960.911652983705,125.85524322999635,51,27,240,4598976,250,200,120,8,0.3918,2024
KSRTC-073,RANNI,Pathanamthitta,2024-12,29,28,203046,275646,49760.07842176204,133.35701017032227,51,27,254,4873104,250,200,120,8,0.3959,2024
KSRTC-073,RANNI,Pathanamthitta,2025-01,29,28,202790,275299,49697.34101213087,133.18887391251076,51,27,254,4866960,250,200,120,8,0.3958,2025
KSRTC-073,RANNI,Pathanamthitta,2025-02,28,26,195092,264848,47810.807499081,128.1329640975371,51,27,244,4682208,250,200,120,8,0.3931,2025
KSRTC-073,RANNI,Pathanamthitta,2025-03,28,26,196359,266568,48121.30866315403,128.9651072172528,51,27,245,4712616,250,200,120,8,0.3935,2025
KSRTC-073,RANNI,Pathanamthitta,2025-04,28,26,195563,265487,47926.2345300821,128.44230854062005,51,27,244,4693512,250,200,120,8,0.3932,2025
KSRTC-073,RANNI,Pathanamthitta,2025-05,29,26,197681,268363,48445.2885675775,129.83337336110773,51,27,247,4744344,250,200,120,8,0.394,2025
KSRTC-073,RANNI,Pathanamthitta,2025-06,29,27,199052,270224,48781.2768043132,130.73382183555938,51,27,249,4777248,250,200,120,8,0.3945,2025
KSRTC-073,RANNI,Pathanamthitta,2025-07,29,27,199834,271286,48972.91998529592,131.2474255605931,51,27,250,4796016,250,200,120,8,0.3948,2025
KSRTC-073,RANNI,Pathanamthitta,2025-08,29,27,200402,272056,49112.11861291509,131.62047788261245,51,27,251,4809648,250,200,120,8,0.395,2025
KSRTC-073,RANNI,Pathanamthitta,2025-09,28,26,197141,267630,48312.95184413675,129.47871094228648,51,27,246,4731384,250,200,120,8,0.3938,2025
KSRTC-073,RANNI,Pathanamthitta,2025-10,28,26,195826,265845,47990.68741575788,128.61504227423112,51,27,245,4699824,250,200,120,8,0.3933,2025
KSRTC-073,RANNI,Pathanamthitta,2025-11,29,26,197549,268185,48412.93959073643,129.74667810317365,51,27,247,4741176,250,200,120,8,0.3939,2025
KSRTC-073,RANNI,Pathanamthitta,2025-12,29,27,198775,269848,48713.39296654822,130.55189315034923,51,27,248,4770600,250,200,120,8,0.3944,2025
KSRTC-073,RANNI,Pathanamthitta,2026-01,29,26,197522,268147,48406.3227545644,129.72894498223258,51,27,247,4740528,250,200,120,8,0.3939,2026
KSRTC-073,RANNI,Pathanamthitta,2026-02,28,26,196449,266690,48143.364783727484,129.02421762038966,51,27,246,4714776,250,200,120,8,0.3936,2026
KSRTC-073,RANNI,Pathanamthitta,2026-03,29,27,201918,274115,49483.64171057469,132.61615978434017,51,27,252,4846032,250,200,120,8,0.3955,2026
KSRTC-074,SULTHAN BATHERY,Wayanad,2021-04,84,61,414174,445200,101500.79647102072,272.02213454233555,51,27,518,9940176,250,200,120,8,0.4981,2021
KSRTC-074,SULTHAN BATHERY,Wayanad,2021-05,82,59,396646,438375,97205.24445533636,260.51005514030146,51,27,496,9519504,250,200,120,8,0.5063,2021
KSRTC-074,SULTHAN BATHERY,Wayanad,2021-06,87,64,442588,494313,108464.15880406814,290.68394559490264,51,27,553,10622112,250,200,120,8,0.5102,2021
KSRTC-074,SULTHAN BATHERY,Wayanad,2021-07,82,59,393935,417012,96540.86509006249,258.7295184413675,51,27,492,9454440,250,200,120,8,0.4935,2021
KSRTC-074,SULTHAN BATHERY,Wayanad,2021-08,85,62,424782,445612,104100.47788261242,278.98928072540133,51,27,531,10194768,250,200,120,8,0.4911,2021
KSRTC-074,SULTHAN BATHERY,Wayanad,2021-09,84,61,415039,463501,101712.78029653229,272.5902511947065,51,27,519,9960936,250,200,120,8,0.5095,2021
KSRTC-074,SULTHAN BATHERY,Wayanad,2021-10,84,61,412289,460434,101038.84327900993,270.78409998774663,51,27,515,9894936,250,200,120,8,0.5095,2021
KSRTC-074,SULTHAN BATHERY,Wayanad,2021-11,83,60,408789,450549,100181.10525670875,268.48536208797947,51,27,511,9810936,250,200,120,8,0.5055,2021
KSRTC-074,SULTHAN BATHERY,Wayanad,2021-12,85,63,430744,498098,105561.57333660091,282.90501654209044,51,27,538,10337856,250,200,120,8,0.5207,2021
KSRTC-074,SULTHAN BATHERY,Wayanad,2022-01,84,61,411533,453531,100853.57186619287,270.2875726013969,51,27,514,9876792,250,200,120,8,0.5055,2022
KSRTC-074,SULTHAN BATHERY,Wayanad,2022-02,82,59,395682,422311,96968.99889719397,259.87691704447985,51,27,495,9496368,250,200,120,8,0.4959,2022
KSRTC-074,SULTHAN BATHERY,Wayanad,2022-03,81,58,385133,428535,94383.7764979782,252.9485210145816,51,27,481,9243192,250,200,120,8,0.5084,2022
KSRTC-074,SULTHAN BATHERY,Wayanad,2022-04,82,65,570695,731989,139859.08589633624,374.82235020218116,51,27,713,13696680,250,200,120,8,0.5033,2022
KSRTC-074,SULTHAN BATHERY,Wayanad,2022-05,81,64,557848,775422,136710.69721847813,366.38466854552144,51,27,697,13388352,250,200,120,8,0.5328,2022
KSRTC-074,SULTHAN BATHERY,Wayanad,2022-06,84,68,607915,820761,148980.51709349346,399.2677858105625,51,27,760,14589960,250,200,120,8,0.5222,2022
KSRTC-074,SULTHAN BATHERY,Wayanad,2022-07,83,67,593770,787458,145514.0301433648,389.9776007842177,51,27,742,14250480,250,200,120,8,0.5154,2022
KSRTC-074,SULTHAN BATHERY,Wayanad,2022-08,81,65,563649,774706,138132.33672344076,370.1946624188212,51,27,705,13527576,250,200,120,8,0.5285,2022
KSRTC-074,SULTHAN BATHERY,Wayanad,2022-09,81,64,552757,727553,135463.05599803946,363.04099007474576,51,27,691,13266168,250,200,120,8,0.5126,2022
KSRTC-074,SULTHAN BATHERY,Wayanad,2022-10,82,65,573022,743362,140429.35914716334,376.35068251439776,51,27,716,13752528,250,200,120,8,0.5074,2022
KSRTC-074,SULTHAN BATHERY,Wayanad,2022-11,80,63,547640,723492,134209.04300943512,359.6802352652861,51,27,685,13143360,250,200,120,8,0.514,2022
KSRTC-074,SULTHAN BATHERY,Wayanad,2022-12,83,67,589501,791756,144467.8348241637,387.1737973287587,51,27,737,14148024,250,200,120,8,0.52,2022
KSRTC-074,SULTHAN BATHERY,Wayanad,2023-01,82,65,568940,761029,139428.99154515378,373.6696973410122,51,27,711,13654560,250,200,120,8,0.5184,2023
KSRTC-074,SULTHAN BATHERY,Wayanad,2023-02,81,64,559306,741538,137068.00637176816,367.3422570763387,51,27,699,13423344,250,200,120,8,0.5152,2023
KSRTC-074,SULTHAN BATHERY,Wayanad,2023-03,83,66,581623,748165,142537.18906996693,381.99966670751144,51,27,727,13958952,250,200,120,8,0.5044,2023
KSRTC-074,SULTHAN BATHERY,Wayanad,2023-04,78,63,620582,830117,152084.79353020465,407.5872466609485,51,27,776,14893968,250,200,120,8,0.4867,2023
KSRTC-074,SULTHAN BATHERY,Wayanad,2023-05,80,66,653902,822679,160250.45950251195,429.47123146673204,51,27,817,15693648,250,200,120,8,0.4645,2023
KSRTC-074,SULTHAN BATHERY,Wayanad,2023-06,78,63,610751,824200,149675.52995956378,401.13042029163097,51,27,763,14658024,250,200,120,8,0.4902,2023
KSRTC-074,SULTHAN BATHERY,Wayanad,2023-07,80,65,647474,844368,158675.16235755422,425.2494351182453,51,27,809,15539376,250,200,120,8,0.4772,2023
KSRTC-074,SULTHAN BATHERY,Wayanad,2023-08,79,64,630288,807119,154463.42360004902,413.96197524813135,51,27,788,15126912,250,200,120,8,0.4709,2023
KSRTC-074,SULTHAN BATHERY,Wayanad,2023-09,82,68,681963,885140,167127.31282931013,447.9011983825512,51,27,853,16367112,250,200,120,8,0.4756,2023
KSRTC-074,SULTHAN BATHERY,Wayanad,2023-10,77,62,601511,754332,147411.10158068864,395.0617522362456,51,27,752,14436264,250,200,120,8,0.4643,2023
KSRTC-074,SULTHAN BATHERY,Wayanad,2023-11,80,65,639471,811000,156713.88310256097,419.99320671486345,51,27,799,15347304,250,200,120,8,0.4674,2023
KSRTC-074,SULTHAN BATHERY,Wayanad,2023-12,80,65,644526,833585,157952.70187477025,423.3132410243843,51,27,806,15468624,250,200,120,8,0.4742,2023
KSRTC-074,SULTHAN BATHERY,Wayanad,2024-01,82,68,678570,857761,166295.79708369073,445.6727361842912,51,27,848,16285680,250,200,120,8,0.4663,2024
KSRTC-074,SULTHAN BATHERY,Wayanad,2024-02,82,68,676590,882626,165810.56243107462,444.37230731528,51,27,846,16238160,250,200,120,8,0.4773,2024
KSRTC-074,SULTHAN BATHERY,Wayanad,2024-03,78,63,614373,794929,150563.16627864234,403.5092856267615,51,27,768,14744952,250,200,120,8,0.4748,2024
KSRTC-074,SULTHAN BATHERY,Wayanad,2024-04,83,69,571867,776342,140146.30559980395,375.5920990074746,51,27,715,13724808,250,200,120,8,0.5267,2024
KSRTC-074,SULTHAN BATHERY,Wayanad,2024-05,80,65,550781,747716,134978.80161744886,361.7431883347629,51,27,689,13218744,250,200,120,8,0.5192,2024
KSRTC-074,SULTHAN BATHERY,Wayanad,2024-06,82,69,567748,770750,139136.87048155864,372.8868128905772,51,27,710,13625952,250,200,120,8,0.5252,2024
KSRTC-074,SULTHAN BATHERY,Wayanad,2024-07,80,66,553647,751607,135681.16652371033,363.6255262835437,51,27,692,13287528,250,200,120,8,0.5202,2024
KSRTC-074,SULTHAN BATHERY,Wayanad,2024-08,83,70,573487,778541,140543.3157701262,376.6560862639383,51,27,717,13763688,250,200,120,8,0.5272,2024
KSRTC-074,SULTHAN BATHERY,Wayanad,2024-09,85,73,589242,799930,144404.3622105134,387.00369072417595,51,27,737,14141808,250,200,120,8,0.5328,2024
KSRTC-074,SULTHAN BATHERY,Wayanad,2024-10,85,72,585594,794977,143510.3541232692,384.6077490503615,51,27,732,14054256,250,200,120,8,0.5315,2024
KSRTC-074,SULTHAN BATHERY,Wayanad,2024-11,80,66,553529,751447,135652.24849895848,363.54802597720874,51,27,692,13284696,250,200,120,8,0.5202,2024
KSRTC-074,SULTHAN BATHERY,Wayanad,2024-12,83,70,577086,783427,141425.31552505822,379.01984560715607,51,27,721,13850064,250,200,120,8,0.5285,2024
KSRTC-074,SULTHAN BATHERY,Wayanad,2025-01,76,61,528968,718103,129633.13319446146,347.41679696115676,51,27,661,12695232,250,200,120,8,0.5115,2025
KSRTC-074,SULTHAN BATHERY,Wayanad,2025-02,78,63,541968,735753,132819.01727729445,355.95496630314915,51,27,678,13007232,250,200,120,8,0.5161,2025
KSRTC-074,SULTHAN BATHERY,Wayanad,2025-03,81,68,562514,763645,137854.1845362088,369.4492145570396,51,27,703,13500336,250,200,120,8,0.5234,2025
KSRTC-074,SULTHAN BATHERY,Wayanad,2025-04,81,68,563670,765215,138137.48315157456,370.20845484621987,51,27,705,13528080,250,200,120,8,0.5238,2025
KSRTC-074,SULTHAN BATHERY,Wayanad,2025-05,82,68,565152,767226,138500.67393701753,371.181806151207,51,27,706,13563648,250,200,120,8,0.5243,2025
KSRTC-074,SULTHAN BATHERY,Wayanad,2025-06,82,69,570351,774283,139774.78250214434,374.59641710574687,51,27,713,13688424,250,200,120,8,0.5261,2025
KSRTC-074,SULTHAN BATHERY,Wayanad,2025-07,82,69,568779,772150,139389.53559612794,373.5639553976229,51,27,711,13650696,250,200,120,8,0.5256,2025
KSRTC-074,SULTHAN BATHERY,Wayanad,2025-08,80,66,557142,756352,136537.67920597966,365.92098027202553,51,27,696,13371408,250,200,120,8,0.5215,2025
KSRTC-074,SULTHAN BATHERY,Wayanad,2025-09,83,69,572185,776774,140224.23722583018,375.8009557652249,51,27,715,13732440,250,200,120,8,0.5268,2025
KSRTC-074,SULTHAN BATHERY,Wayanad,2025-10,82,69,568966,772404,139435.36331331945,373.68677367969616,51,27,711,13655184,250,200,120,8,0.5256,2025
KSRTC-074,SULTHAN BATHERY,Wayanad,2025-11,81,67,559815,759980,137192.7459870114,367.67655924519056,51,27,700,13435560,250,200,120,8,0.5224,2025
KSRTC-074,SULTHAN BATHERY,Wayanad,2025-12,79,65,548662,744840,134459.50251194707,360.35146673201814,51,27,686,13167888,250,200,120,8,0.5184,2025
KSRTC-074,SULTHAN BATHERY,Wayanad,2026-01,82,69,569811,773550,139642.4457787036,374.2417546869257,51,27,712,13675464,250,200,120,8,0.5259,2026
KSRTC-074,SULTHAN BATHERY,Wayanad,2026-02,78,63,538306,730781,131921.57823796105,353.5498296777356,51,27,673,12919344,250,200,120,8,0.5148,2026
KSRTC-074,SULTHAN BATHERY,Wayanad,2026-03,83,70,573604,778700,140571.98872687173,376.73292978801624,51,27,717,13766496,250,200,120,8,0.5273,2026
KSRTC-075,THALASSERY,Kannur,2021-04,76,57,403796,458804,98957.4807008945,265.2060482783973,51,27,505,9691104,250,200,120,8,0.4917,2021
KSRTC-075,THALASSERY,Kannur,2021-05,75,55,387582,465595,94983.94804558266,254.55698076216154,51,27,485,9301968,250,200,120,8,0.5101,2021
KSRTC-075,THALASSERY,Kannur,2021-06,73,53,365935,407715,89678.96091165299,240.33961524323,51,27,457,8782440,250,200,120,8,0.4873,2021
KSRTC-075,THALASSERY,Kannur,2021-07,77,58,412804,487816,101165.05330229139,271.1223428501409,51,27,516,9907296,250,200,120,8,0.504,2021
KSRTC-075,THALASSERY,Kannur,2021-08,77,58,411742,496519,100904.79107952457,270.4248400931259,51,27,515,9881808,250,200,120,8,0.5106,2021
KSRTC-075,THALASSERY,Kannur,2021-09,76,56,399647,478795,97940.69354245804,262.48105869378753,51,27,500,9591528,250,200,120,8,0.5088,2021
KSRTC-075,THALASSERY,Kannur,2021-10,76,57,406099,477419,99521.87231956869,266.71861781644407,51,27,508,9746376,250,200,120,8,0.5025,2021
KSRTC-075,THALASSERY,Kannur,2021-11,76,57,405346,479746,99337.33611077075,266.22406077686566,51,27,507,9728304,250,200,120,8,0.5047,2021
KSRTC-075,THALASSERY,Kannur,2021-12,77,58,415959,495037,101938.24286239431,273.1944908712168,51,27,520,9983016,250,200,120,8,0.5062,2021
KSRTC-075,THALASSERY,Kannur,2022-01,75,56,395690,469796,96970.95944124495,259.88217130253645,51,27,495,9496560,250,200,120,8,0.5059,2022
KSRTC-075,THALASSERY,Kannur,2022-02,77,58,417911,496949,102416.61561083201,274.47652983702983,51,27,522,10029864,250,200,120,8,0.5059,2022
KSRTC-075,THALASSERY,Kannur,2022-03,77,58,418110,495264,102465.3841441,274.607229506188,51,27,523,10034640,250,200,120,8,0.5047,2022
KSRTC-075,THALASSERY,Kannur,2022-04,79,69,598543,797633,146683.73973777724,393.112422497243,51,27,748,14365032,250,200,120,8,0.494,2022
KSRTC-075,THALASSERY,Kannur,2022-05,74,62,525993,730656,128904.05587550547,345.4628697463546,51,27,658,12623832,250,200,120,8,0.511,2022
KSRTC-075,THALASSERY,Kannur,2022-06,77,65,561614,729260,137633.62333047422,368.85811052567095,51,27,702,13478736,250,200,120,8,0.485,2022
KSRTC-075,THALASSERY,Kannur,2022-07,75,63,539182,701595,132136.25781154272,354.12517093493454,51,27,674,12940368,250,200,120,8,0.4864,2022
KSRTC-075,THALASSERY,Kannur,2022-08,77,66,572271,754140,140245.31307437815,375.8574390393335,51,27,715,13734504,250,200,120,8,0.4901,2022
KSRTC-075,THALASSERY,Kannur,2022-09,77,66,566753,779934,138893.02781521872,372.2333145447862,51,27,708,13602072,250,200,120,8,0.5062,2022
KSRTC-075,THALASSERY,Kannur,2022-10,75,63,539216,740339,132144.59012375935,354.14750153167506,51,27,674,12941184,250,200,120,8,0.5061,2022
KSRTC-075,THALASSERY,Kannur,2022-11,76,65,560842,738074,137444.4308295552,368.351074623208,51,27,701,13460208,250,200,120,8,0.4899,2022
KSRTC-075,THALASSERY,Kannur,2022-12,75,63,529608,703797,129789.9767185394,347.8371376056856,51,27,662,12710592,250,200,120,8,0.4944,2022
KSRTC-075,THALASSERY,Kannur,2023-01,76,65,552089,711014,135299.35056978313,362.6022595270188,51,27,690,13250136,250,200,120,8,0.4824,2023
KSRTC-075,THALASSERY,Kannur,2023-02,78,67,585003,811872,143365.5189315035,384.2195907364294,51,27,731,14040072,250,200,120,8,0.5092,2023
KSRTC-075,THALASSERY,Kannur,2023-03,74,62,525602,687328,128808.2342850141,345.2060678838378,51,27,657,12614448,250,200,120,8,0.4887,2023
KSRTC-075,THALASSERY,Kannur,2023-04,69,58,554165,805888,135808.1117510109,363.96573949270925,51,27,693,13299960,250,200,120,8,0.4905,2023
KSRTC-075,THALASSERY,Kannur,2023-05,69,58,556515,756592,136384.02156598456,365.5091777968386,51,27,696,13356360,250,200,120,8,0.4644,2023
KSRTC-075,THALASSERY,Kannur,2023-06,72,62,600289,859746,147111.62847690235,394.2591643180983,51,27,750,14406936,250,200,120,8,0.4819,2023
KSRTC-075,THALASSERY,Kannur,2023-07,75,66,658322,878373,161333.66009067517,432.3742090430095,51,27,823,15799728,250,200,120,8,0.4537,2023
KSRTC-075,THALASSERY,Kannur,2023-08,70,59,567528,793856,139082.95552015686,372.74232079402043,51,27,709,13620672,250,200,120,8,0.4744,2023
KSRTC-075,THALASSERY,Kannur,2023-09,71,61,584980,810737,143359.88236735694,384.2044847445166,51,27,731,14039520,250,200,120,8,0.4699,2023
KSRTC-075,THALASSERY,Kannur,2023-10,68,57,536561,724998,131493.9345668423,352.4037446391374,51,27,671,12877464,250,200,120,8,0.4636,2023
KSRTC-075,THALASSERY,Kannur,2023-11,70,59,569902,829518,139664.74696728343,374.30152187231965,51,27,712,13677648,250,200,120,8,0.4898,2023
KSRTC-075,THALASSERY,Kannur,2023-12,71,61,585197,845325,143413.06212473963,384.34700649430226,51,27,732,14044728,250,200,120,8,0.4859,2023
KSRTC-075,THALASSERY,Kannur,2024-01,70,60,572898,835217,140398.97071437325,376.26924151452033,51,27,716,13749552,250,200,120,8,0.4903,2024
KSRTC-075,THALASSERY,Kannur,2024-02,71,61,592185,815883,145125.59735326553,388.93660090675166,51,27,740,14212440,250,200,120,8,0.4673,2024
KSRTC-075,THALASSERY,Kannur,2024-03,67,55,516979,743946,126695.01286607033,339.54263448106855,51,27,646,12407496,250,200,120,8,0.4894,2024
KSRTC-075,THALASSERY,Kannur,2024-04,70,64,484552,657807,118748.19262345301,318.2451562308541,51,27,606,11629248,250,200,120,8,0.4957,2024
KSRTC-075,THALASSERY,Kannur,2024-05,69,63,480870,652808,117845.85222399216,315.826883960299,51,27,601,11540880,250,200,120,8,0.4944,2024
KSRTC-075,THALASSERY,Kannur,2024-06,66,58,456786,620113,111943.6343585345,300.0089400808725,51,27,571,10962864,250,200,120,8,0.4859,2024
KSRTC-075,THALASSERY,Kannur,2024-07,71,65,490769,666247,120271.7804190663,322.3283715230977,51,27,613,11778456,250,200,120,8,0.4979,2024
KSRTC-075,THALASSERY,Kannur,2024-08,72,66,496002,673351,121554.22129640976,325.7653130743782,51,27,620,11904048,250,200,120,8,0.4998,2024
KSRTC-075,THALASSERY,Kannur,2024-09,68,61,471593,640215,115572.35632888127,309.73391496140187,51,27,590,11318232,250,200,120,8,0.4911,2024
KSRTC-075,THALASSERY,Kannur,2024-10,70,63,481340,653447,117961.0341869869,316.13557162112494,51,27,602,11552160,250,200,120,8,0.4946,2024
KSRTC-075,THALASSERY,Kannur,2024-11,67,60,465668,632170,114120.32839112854,305.84248008822453,51,27,582,11176032,250,200,120,8,0.489,2024
KSRTC-075,THALASSERY,Kannur,2024-12,71,66,494867,671810,121276.0691091778,325.0198652125965,51,27,619,11876808,250,200,120,8,0.4994,2024
KSRTC-075,THALASSERY,Kannur,2025-01,69,62,478634,649772,117297.88016174489,314.35831883347635,51,27,598,11487216,250,200,120,8,0.4936,2025
KSRTC-075,THALASSERY,Kannur,2025-02,69,62,478820,650026,117343.46281093004,314.4804803332925,51,27,599,11491680,250,200,120,8,0.4937,2025
KSRTC-075,THALASSERY,Kannur,2025-03,72,67,497871,675889,122012.2534003186,326.99283911285386,51,27,622,11948904,250,200,120,8,0.5004,2025
KSRTC-075,THALASSERY,Kannur,2025-04,67,60,466097,632753,114225.46256586204,306.1242396765103,51,27,583,11186328,250,200,120,8,0.4892,2025
KSRTC-075,THALASSERY,Kannur,2025-05,74,69,509051,691066,124752.11371155496,334.3356647469673,51,27,636,12217224,250,200,120,8,0.5044,2025
KSRTC-075,THALASSERY,Kannur,2025-06,71,64,488311,662910,119669.40325940448,320.714000735204,51,27,610,11719464,250,200,120,8,0.497,2025
KSRTC-075,THALASSERY,Kannur,2025-07,68,61,470638,638918,115338.31638279623,309.1066879058939,51,27,588,11295312,250,200,120,8,0.4908,2025
KSRTC-075,THALASSERY,Kannur,2025-08,70,64,484871,658240,118826.3693174856,318.45466977086147,51,27,606,11636904,250,200,120,8,0.4958,2025
KSRTC-075,THALASSERY,Kannur,2025-09,67,59,464207,630187,113762.2840338194,304.88292121063597,51,27,580,11140968,250,200,120,8,0.4885,2025
KSRTC-075,THALASSERY,Kannur,2025-10,69,63,479727,651257,117565.73949270924,315.07618184046083,51,27,600,11513448,250,200,120,8,0.494,2025
KSRTC-075,THALASSERY,Kannur,2025-11,69,62,476868,647376,116865.09006249235,313.1984413674795,51,27,596,11444832,250,200,120,8,0.493,2025
KSRTC-075,THALASSERY,Kannur,2025-12,73,68,504489,684873,123634.11346648696,331.3394240901851,51,27,631,12107736,250,200,120,8,0.5028,2025
KSRTC-075,THALASSERY,Kannur,2026-01,70,63,482593,655148,118268.10439897073,316.95851978924156,51,27,603,11582232,250,200,120,8,0.495,2026
KSRTC-075,THALASSERY,Kannur,2026-02,70,64,484718,658033,118788.87391251072,318.35418208552875,51,27,606,11633232,250,200,120,8,0.4958,2026
KSRTC-075,THALASSERY,Kannur,2026-03,67,60,466187,632875,114247.51868643549,306.18335007964714,51,27,583,11188488,250,200,120,8,0.4892,2026
KSRTC-076,THAMARASSERY,Kozhikode,2021-04,46,38,234832,235501,57549.81007229506,154.23349099375076,51,27,294,5635968,250,200,120,8,0.4041,2021
KSRTC-076,THAMARASSERY,Kozhikode,2021-05,45,36,221746,231368,54342.85014091411,145.63883837764985,51,27,277,5321904,250,200,120,8,0.4189,2021
KSRTC-076,THAMARASSERY,Kozhikode,2021-06,45,37,227953,239099,55863.98725646367,149.71548584732264,51,27,285,5470872,250,200,120,8,0.4186,2021
KSRTC-076,THAMARASSERY,Kozhikode,2021-07,45,37,225869,221134,55353.26553118491,148.34675162357559,51,27,282,5420856,250,200,120,8,0.4001,2021
KSRTC-076,THAMARASSERY,Kozhikode,2021-08,44,36,220618,229630,54066.41342972675,144.8979879916677,51,27,276,5294832,250,200,120,8,0.4186,2021
KSRTC-076,THAMARASSERY,Kozhikode,2021-09,45,36,223738,232310,54831.025609606666,146.94714863374588,51,27,280,5369712,250,200,120,8,0.4169,2021
KSRTC-076,THAMARASSERY,Kozhikode,2021-10,46,38,236732,239558,58015.43928440142,155.4813772821958,51,27,296,5681568,250,200,120,8,0.4061,2021
KSRTC-076,THAMARASSERY,Kozhikode,2021-11,45,37,225690,227556,55309.39835804436,148.2291875995589,51,27,282,5416560,250,200,120,8,0.4081,2021
KSRTC-076,THAMARASSERY,Kozhikode,2021-12,46,38,236375,229742,57927.9500061267,155.2469060164196,51,27,295,5673000,250,200,120,8,0.3952,2021
KSRTC-076,THAMARASSERY,Kozhikode,2022-01,45,37,231593,233931,56756.03479965691,152.10617326308054,51,27,290,5558232,250,200,120,8,0.407,2022
KSRTC-076,THAMARASSERY,Kozhikode,2022-02,44,36,217416,218551,53281.70567332435,142.79497120450927,51,27,272,5217984,250,200,120,8,0.4098,2022
KSRTC-076,THAMARASSERY,Kozhikode,2022-03,45,36,223176,224281,54693.297390025735,146.57803700526898,51,27,279,5356224,250,200,120,8,0.408,2022
KSRTC-076,THAMARASSERY,Kozhikode,2022-04,44,35,323923,352254,79383.16382796226,212.74687905893884,51,27,405,7774152,250,200,120,8,0.3435,2022
KSRTC-076,THAMARASSERY,Kozhikode,2022-05,44,34,315028,351592,77203.28391128538,206.90480088224484,51,27,394,7560672,250,200,120,8,0.354,2022
KSRTC-076,THAMARASSERY,Kozhikode,2022-06,44,35,316997,361707,77685.8228158314,208.19800514642816,51,27,396,7607928,250,200,120,8,0.3603,2022
KSRTC-076,THAMARASSERY,Kozhikode,2022-07,45,36,332153,372671,81400.07352040191,218.15219703467713,51,27,415,7971672,250,200,120,8,0.3506,2022
KSRTC-076,THAMARASSERY,Kozhikode,2022-08,42,32,288748,328184,70762.89670383531,189.64456316627866,51,27,361,6929952,250,200,120,8,0.3685,2022
KSRTC-076,THAMARASSERY,Kozhikode,2022-09,44,35,322329,378684,78992.52542580567,211.6999681411592,51,27,403,7735896,250,200,120,8,0.3679,2022
KSRTC-076,THAMARASSERY,Kozhikode,2022-10,45,36,332010,388662,81365.02879549075,218.05827717191522,51,27,415,7968240,250,200,120,8,0.3639,2022
KSRTC-076,THAMARASSERY,Kozhikode,2022-11,45,36,334550,379232,81987.50153167505,219.72650410488913,51,27,418,8029200,250,200,120,8,0.3531,2022
KSRTC-076,THAMARASSERY,Kozhikode,2022-12,43,33,303782,334448,74447.24911162848,199.51862761916433,51,27,380,7290768,250,200,120,8,0.3535,2022
KSRTC-076,THAMARASSERY,Kozhikode,2023-01,44,35,326325,369148,79971.81717926725,214.32447004043624,51,27,408,7831800,250,200,120,8,0.3548,2023
KSRTC-076,THAMARASSERY,Kozhikode,2023-02,43,34,307689,355508,75404.72981252297,202.08467589756157,51,27,385,7384536,250,200,120,8,0.3672,2023
KSRTC-076,THAMARASSERY,Kozhikode,2023-03,44,35,328241,364516,80441.36747947556,215.58286484499453,51,27,410,7877784,250,200,120,8,0.3486,2023
KSRTC-076,THAMARASSERY,Kozhikode,2023-04,52,30,339808,390912,83276.0691091778,223.17986521259652,51,27,425,8155392,250,200,120,8,0.406,2023
KSRTC-076,THAMARASSERY,Kozhikode,2023-05,53,32,360571,408944,88364.41612547482,236.81663521627252,51,27,451,8653704,250,200,120,8,0.3973,2023
KSRTC-076,THAMARASSERY,Kozhikode,2023-06,54,32,370120,444285,90704.57051831884,243.08824898909452,51,27,463,8882880,250,200,120,8,0.4137,2023
KSRTC-076,THAMARASSERY,Kozhikode,2023-07,53,31,352768,424796,86452.15047175591,231.69176326430585,51,27,441,8466432,250,200,120,8,0.418,2023
KSRTC-076,THAMARASSERY,Kozhikode,2023-08,52,30,337676,388784,82753.58411959319,221.77960544050973,51,27,422,8104224,250,200,120,8,0.4067,2023
KSRTC-076,THAMARASSERY,Kozhikode,2023-09,52,30,343198,395974,84106.8496507781,225.4063570640853,51,27,429,8236752,250,200,120,8,0.4062,2023
KSRTC-076,THAMARASSERY,Kozhikode,2023-10,55,33,382619,420365,93767.67552995957,251.29737042029166,51,27,478,9182856,250,200,120,8,0.3838,2023
KSRTC-076,THAMARASSERY,Kozhikode,2023-11,55,33,388624,445724,95239.30890822204,255.24134787403506,51,27,486,9326976,250,200,120,8,0.3961,2023
KSRTC-076,THAMARASSERY,Kozhikode,2023-12,51,30,329426,377586,80731.77306702611,216.36115181962998,51,27,412,7906224,250,200,120,8,0.4071,2023
KSRTC-076,THAMARASSERY,Kozhikode,2024-01,52,30,342792,393901,84007.35204019115,225.1397034677123,51,27,429,8227008,250,200,120,8,0.405,2024
KSRTC-076,THAMARASSERY,Kozhikode,2024-02,53,32,360650,420929,88383.7764979782,236.86852101458157,51,27,451,8655600,250,200,120,8,0.4064,2024
KSRTC-076,THAMARASSERY,Kozhikode,2024-03,53,31,353430,405733,86614.38549197403,232.12655311849042,51,27,442,8482320,250,200,120,8,0.4025,2024
KSRTC-076,THAMARASSERY,Kozhikode,2024-04,43,40,297878,404387,73000.36760200956,195.64098517338562,51,27,372,7149072,250,200,120,8,0.4295,2024
KSRTC-076,THAMARASSERY,Kozhikode,2024-05,44,41,303416,411905,74357.5542212964,199.2782453130744,51,27,379,7281984,250,200,120,8,0.4315,2024
KSRTC-076,THAMARASSERY,Kozhikode,2024-06,42,39,293801,398851,72001.22534003186,192.9632839112854,51,27,367,7051224,250,200,120,8,0.4281,2024
KSRTC-076,THAMARASSERY,Kozhikode,2024-07,42,39,292098,396539,71583.87452518074,191.8447837274844,51,27,365,7010352,250,200,120,8,0.4275,2024
KSRTC-076,THAMARASSERY,Kozhikode,2024-08,42,39,293372,398269,71896.09116529838,192.68152432299968,51,27,367,7040928,250,200,120,8,0.4279,2024
KSRTC-076,THAMARASSERY,Kozhikode,2024-09,44,41,303624,412187,74408.52836662174,199.41485602254627,51,27,380,7286976,250,200,120,8,0.4316,2024
KSRTC-076,THAMARASSERY,Kozhikode,2024-10,43,41,300516,407967,73646.85700281829,197.37357676755303,51,27,376,7212384,250,200,120,8,0.4305,2024
KSRTC-076,THAMARASSERY,Kozhikode,2024-11,44,41,303077,411444,74274.47616713638,199.05559612792553,51,27,379,7273848,250,200,120,8,0.4314,2024
KSRTC-076,THAMARASSERY,Kozhikode,2024-12,43,40,296085,401953,72560.96066658499,194.46337458644777,51,27,370,7106040,250,200,120,8,0.4289,2024
KSRTC-076,THAMARASSERY,Kozhikode,2025-01,42,39,291080,395158,71334.39529469429,191.1761793897807,51,27,364,6985920,250,200,120,8,0.4271,2025
KSRTC-076,THAMARASSERY,Kozhikode,2025-02,42,39,292229,396718,71615.97843401544,191.9308222031614,51,27,365,7013496,250,200,120,8,0.4275,2025
KSRTC-076,THAMARASSERY,Kozhikode,2025-03,44,41,304095,412826,74523.95539762285,199.72420046562925,51,27,380,7298280,250,200,120,8,0.4317,2025
KSRTC-076,THAMARASSERY,Kozhikode,2025-04,43,40,299699,406858,73446.63644161256,196.83698566352166,51,27,375,7192776,250,200,120,8,0.4302,2025
KSRTC-076,THAMARASSERY,Kozhikode,2025-05,42,38,289689,393269,70993.50569783115,190.2625952701875,51,27,362,6952536,250,200,120,8,0.4266,2025
KSRTC-076,THAMARASSERY,Kozhikode,2025-06,43,40,296272,402206,72606.7883837765,194.58619286852104,51,27,370,7110528,250,200,120,8,0.4289,2025
KSRTC-076,THAMARASSERY,Kozhikode,2025-07,42,39,292430,396991,71665.23710329617,192.06283543683372,51,27,366,7018320,250,200,120,8,0.4276,2025
KSRTC-076,THAMARASSERY,Kozhikode,2025-08,43,40,299644,406783,73433.1577012621,196.80086263938242,51,27,375,7191456,250,200,120,8,0.4301,2025
KSRTC-076,THAMARASSERY,Kozhikode,2025-09,43,41,300606,408089,73668.91312339174,197.4326871706899,51,27,376,7214544,250,200,120,8,0.4305,2025
KSRTC-076,THAMARASSERY,Kozhikode,2025-10,43,40,295712,401445,72469.55030020831,194.21839480455827,51,27,370,7097088,250,200,120,8,0.4287,2025
KSRTC-076,THAMARASSERY,Kozhikode,2025-11,43,41,300453,407883,73631.41771841687,197.33219948535722,51,27,376,7210872,250,200,120,8,0.4304,2025
KSRTC-076,THAMARASSERY,Kozhikode,2025-12,43,40,296701,402789,72711.92255850999,194.8679524568068,51,27,371,7120824,250,200,120,8,0.4291,2025
KSRTC-076,THAMARASSERY,Kozhikode,2026-01,43,40,298716,405524,73205.7345913491,196.1913687048156,51,27,373,7169184,250,200,120,8,0.4298,2026
KSRTC-076,THAMARASSERY,Kozhikode,2026-02,43,41,300543,408005,73653.47383899032,197.39130988849408,51,27,376,7213032,250,200,120,8,0.4305,2026
KSRTC-076,THAMARASSERY,Kozhikode,2026-03,43,41,300813,408371,73719.6422007107,197.5686410979047,51,27,376,7219512,250,200,120,8,0.4306,2026
KSRTC-077,THIRUVALLA,Pathanamthitta,2021-04,30,24,132270,174229,32415.145202793778,86.87258914348733,51,27,165,3174480,250,200,120,8,0.4945,2021
KSRTC-077,THIRUVALLA,Pathanamthitta,2021-05,29,23,120553,156597,29543.68337213577,79.17707143732386,51,27,151,2893272,250,200,120,8,0.4969,2021
KSRTC-077,THIRUVALLA,Pathanamthitta,2021-06,30,24,128244,165668,31428.501409141038,84.22838377649798,51,27,160,3077856,250,200,120,8,0.4899,2021
KSRTC-077,THIRUVALLA,Pathanamthitta,2021-07,30,24,133126,179084,32624.92341624801,87.43479475554467,51,27,166,3195024,250,200,120,8,0.5016,2021
KSRTC-077,THIRUVALLA,Pathanamthitta,2021-08,30,23,125653,162324,30793.53020463179,82.5266609484132,51,27,157,3015672,250,200,120,8,0.4916,2021
KSRTC-077,THIRUVALLA,Pathanamthitta,2021-09,30,24,131864,165166,32315.64759220684,86.60593554711434,51,27,165,3164736,250,200,120,8,0.477,2021
KSRTC-077,THIRUVALLA,Pathanamthitta,2021-10,30,24,131719,167413,32280.112731282934,86.51070211983827,51,27,165,3161256,250,200,120,8,0.4821,2021
KSRTC-077,THIRUVALLA,Pathanamthitta,2021-11,29,23,120538,156511,29540.007352040193,79.16721970346772,51,27,151,2892912,250,200,120,8,0.4967,2021
KSRTC-077,THIRUVALLA,Pathanamthitta,2021-12,31,26,143464,187721,35158.43646611935,94.22460972919986,51,27,179,3443136,250,200,120,8,0.4858,2021
KSRTC-077,THIRUVALLA,Pathanamthitta,2022-01,30,24,127503,159766,31246.906016419558,83.74170812400442,51,27,159,3060072,250,200,120,8,0.4798,2022
KSRTC-077,THIRUVALLA,Pathanamthitta,2022-02,30,24,131181,165086,32148.266143854922,86.1573532655312,51,27,164,3148344,250,200,120,8,0.479,2022
KSRTC-077,THIRUVALLA,Pathanamthitta,2022-03,30,24,131582,169311,32246.53841441,86.4207229506188,51,27,164,3157968,250,200,120,8,0.4865,2022
KSRTC-077,THIRUVALLA,Pathanamthitta,2022-04,29,25,223915,320243,54874.402646734474,147.0633990932484,51,27,280,5373960,250,200,120,8,0.3782,2022
KSRTC-077,THIRUVALLA,Pathanamthitta,2022-05,30,26,240197,335411,58864.599926479605,157.75712780296536,51,27,300,5764728,250,200,120,8,0.3586,2022
KSRTC-077,THIRUVALLA,Pathanamthitta,2022-06,30,27,248163,347007,60816.81166523711,162.98905526283545,51,27,310,5955912,250,200,120,8,0.3544,2022
KSRTC-077,THIRUVALLA,Pathanamthitta,2022-07,30,27,244189,339112,59842.9114079157,160.37900257321408,51,27,305,5860536,250,200,120,8,0.3541,2022
KSRTC-077,THIRUVALLA,Pathanamthitta,2022-08,30,26,243120,326526,59580.933709104276,159.6769023403995,51,27,304,5834880,250,200,120,8,0.3422,2022
KSRTC-077,THIRUVALLA,Pathanamthitta,2022-09,29,25,223502,309654,54773.18956010293,146.7921480210759,51,27,279,5364048,250,200,120,8,0.3662,2022
KSRTC-077,THIRUVALLA,Pathanamthitta,2022-10,29,25,222962,317032,54640.852836662176,146.43748560225464,51,27,279,5351088,250,200,120,8,0.3765,2022
KSRTC-077,THIRUVALLA,Pathanamthitta,2022-11,29,26,236048,352286,57847.812768043135,155.03213821835558,51,27,295,5665152,250,200,120,8,0.3874,2022
KSRTC-077,THIRUVALLA,Pathanamthitta,2022-12,29,25,220840,310134,54120.81852714129,145.04379365273866,51,27,276,5300160,250,200,120,8,0.3732,2022
KSRTC-077,THIRUVALLA,Pathanamthitta,2023-01,28,24,218699,290316,53596.12792549933,143.63762284033822,51,27,273,5248776,250,200,120,8,0.3536,2023
KSRTC-077,THIRUVALLA,Pathanamthitta,2023-02,29,25,225287,304085,55210.635951476535,147.96450434995714,51,27,282,5406888,250,200,120,8,0.3552,2023
KSRTC-077,THIRUVALLA,Pathanamthitta,2023-03,29,26,231523,305048,56738.88003921088,152.06019850508517,51,27,289,5556552,250,200,120,8,0.3424,2023
KSRTC-077,THIRUVALLA,Pathanamthitta,2023-04,30,27,271914,345505,66637.42188457298,178.5882906506556,51,27,340,6525936,250,200,120,8,0.2875,2023
KSRTC-077,THIRUVALLA,Pathanamthitta,2023-05,29,25,242995,334214,59550.30020830781,159.59480455826494,51,27,304,5831880,250,200,120,8,0.3345,2023
KSRTC-077,THIRUVALLA,Pathanamthitta,2023-06,30,26,260611,335172,63867.418208552874,171.1646807989217,51,27,326,6254664,250,200,120,8,0.2986,2023
KSRTC-077,THIRUVALLA,Pathanamthitta,2023-07,30,27,274160,357788,67187.84462688396,180.06342360004902,51,27,343,6579840,250,200,120,8,0.2956,2023
KSRTC-077,THIRUVALLA,Pathanamthitta,2023-08,31,28,284756,369949,69784.58522239923,187.02268839602993,51,27,356,6834144,250,200,120,8,0.288,2023
KSRTC-077,THIRUVALLA,Pathanamthitta,2023-09,29,25,252607,329121,61905.89388555325,165.9077956132827,51,27,316,6062568,250,200,120,8,0.3083,2023
KSRTC-077,THIRUVALLA,Pathanamthitta,2023-10,29,25,251020,317909,61516.97095944125,164.86548217130255,51,27,314,6024480,250,200,120,8,0.2993,2023
KSRTC-077,THIRUVALLA,Pathanamthitta,2023-11,30,26,265345,331573,65027.57015071683,174.27388800392112,51,27,332,6368280,250,200,120,8,0.2857,2023
KSRTC-077,THIRUVALLA,Pathanamthitta,2023-12,29,25,248571,325870,60916.799411836786,163.25702242372262,51,27,311,5965704,250,200,120,8,0.3131,2023
KSRTC-077,THIRUVALLA,Pathanamthitta,2024-01,29,25,254061,339655,62262.222766817795,166.86275701507168,51,27,318,6097464,250,200,120,8,0.3166,2024
KSRTC-077,THIRUVALLA,Pathanamthitta,2024-02,30,26,262588,345921,64351.91765714986,172.46313932116163,51,27,328,6302112,250,200,120,8,0.3059,2024
KSRTC-077,THIRUVALLA,Pathanamthitta,2024-03,30,27,269096,350797,65946.82024261732,176.73747825021442,51,27,336,6458304,250,200,120,8,0.2982,2024
KSRTC-077,THIRUVALLA,Pathanamthitta,2024-04,28,26,197099,267574,48302.65898786914,129.45112608748929,51,27,246,4730376,250,200,120,8,0.3938,2024
KSRTC-077,THIRUVALLA,Pathanamthitta,2024-05,29,26,197570,268213,48418.086018870235,129.76047053057223,51,27,247,4741680,250,200,120,8,0.3939,2024
KSRTC-077,THIRUVALLA,Pathanamthitta,2024-06,28,26,196829,267207,48236.490626148756,129.27379487807866,51,27,246,4723896,250,200,120,8,0.3937,2024
KSRTC-077,THIRUVALLA,Pathanamthitta,2024-07,29,27,201551,273616,49393.70175223625,132.37512069599316,51,27,252,4837224,250,200,120,8,0.3954,2024
KSRTC-077,THIRUVALLA,Pathanamthitta,2024-08,29,27,201447,273476,49368.21467957358,132.3068153412572,51,27,252,4834728,250,200,120,8,0.3953,2024
KSRTC-077,THIRUVALLA,Pathanamthitta,2024-09,30,28,205552,279048,50374.218845729694,135.0029065065556,51,27,257,4933248,250,200,120,8,0.3968,2024
KSRTC-077,THIRUVALLA,Pathanamthitta,2024-10,28,26,194358,263852,47630.92758240412,127.65088592084304,51,27,243,4664592,250,200,120,8,0.3928,2024
KSRTC-077,THIRUVALLA,Pathanamthitta,2024-11,28,25,190793,259012,46757.26013968877,125.3094571743659,51,27,239,4579032,250,200,120,8,0.3915,2024
KSRTC-077,THIRUVALLA,Pathanamthitta,2024-12,29,27,201502,273551,49381.693419924035,132.34293836539644,51,27,252,4836048,250,200,120,8,0.3953,2024
KSRTC-077,THIRUVALLA,Pathanamthitta,2025-01,29,27,199910,271389,48991.54515378018,131.2973410121309,51,27,250,4797840,250,200,120,8,0.3948,2025
KSRTC-077,THIRUVALLA,Pathanamthitta,2025-02,28,26,194261,263721,47607.155985786056,127.58717804190664,51,27,243,4662264,250,200,120,8,0.3928,2025
KSRTC-077,THIRUVALLA,Pathanamthitta,2025-03,28,26,196843,267226,48239.92157823796,129.28298982967775,51,27,246,4724232,250,200,120,8,0.3937,2025
KSRTC-077,THIRUVALLA,Pathanamthitta,2025-04,29,27,200983,272846,49254.503124617084,132.0020683739738,51,27,251,4823592,250,200,120,8,0.3952,2025
KSRTC-077,THIRUVALLA,Pathanamthitta,2025-05,28,26,195992,266070,48031.36870481559,128.7240681289058,51,27,245,4703808,250,200,120,8,0.3934,2025
KSRTC-077,THIRUVALLA,Pathanamthitta,2025-06,29,27,200893,272724,49232.44700404363,131.94295797083691,51,27,251,4821432,250,200,120,8,0.3951,2025
KSRTC-077,THIRUVALLA,Pathanamthitta,2025-07,28,26,193929,263270,47525.79340767063,127.3691263325573,51,27,242,4654296,250,200,120,8,0.3927,2025
KSRTC-077,THIRUVALLA,Pathanamthitta,2025-08,28,26,196262,266437,48097.537066535966,128.9013993383164,51,27,245,4710288,250,200,120,8,0.3935,2025
KSRTC-077,THIRUVALLA,Pathanamthitta,2025-09,28,26,197293,267837,48350.20218110526,129.5785418453621,51,27,247,4735032,250,200,120,8,0.3938,2025
KSRTC-077,THIRUVALLA,Pathanamthitta,2025-10,29,27,200215,271803,49066.29089572356,131.49765960053915,51,27,250,4805160,250,200,120,8,0.3949,2025
KSRTC-077,THIRUVALLA,Pathanamthitta,2025-11,29,27,199356,270637,48855.77747825022,130.93348364171058,51,27,249,4784544,250,200,120,8,0.3946,2025
KSRTC-077,THIRUVALLA,Pathanamthitta,2025-12,29,27,200755,272536,49198.62761916432,131.85232201936037,51,27,251,4818120,250,200,120,8,0.3951,2025
KSRTC-077,THIRUVALLA,Pathanamthitta,2026-01,28,26,196324,266521,48112.73128293102,128.94211983825514,51,27,245,4711776,250,200,120,8,0.3935,2026
KSRTC-077,THIRUVALLA,Pathanamthitta,2026-02,29,27,201530,273588,49388.55532410244,132.36132826859455,51,27,252,4836720,250,200,120,8,0.3954,2026
KSRTC-077,THIRUVALLA,Pathanamthitta,2026-03,28,26,194192,263627,47590.246293346405,127.54186006616837,51,27,243,4660608,250,200,120,8,0.3928,2026
KSRTC-078,THIRUVAMBADY,Kozhikode,2021-04,45,36,222538,227611,54536.944001960546,146.15900992525428,51,27,278,5340912,250,200,120,8,0.4131,2021
KSRTC-078,THIRUVAMBADY,Kozhikode,2021-05,44,36,217403,232666,53278.519789241516,142.78643303516728,51,27,272,5217672,250,200,120,8,0.4276,2021
KSRTC-078,THIRUVAMBADY,Kozhikode,2021-06,46,39,241352,243688,59147.653473839,158.51571130988853,51,27,302,5792448,250,200,120,8,0.4043,2021
KSRTC-078,THIRUVAMBADY,Kozhikode,2021-07,45,37,228713,245388,56050.23894130621,150.21464036270066,51,27,286,5489112,250,200,120,8,0.425,2021
KSRTC-078,THIRUVAMBADY,Kozhikode,2021-08,45,37,228647,228466,56034.06445288568,150.17129273373362,51,27,286,5487528,250,200,120,8,0.4048,2021
KSRTC-078,THIRUVAMBADY,Kozhikode,2021-09,45,36,221831,234776,54363.68092145571,145.6946648695013,51,27,277,5323944,250,200,120,8,0.423,2021
KSRTC-078,THIRUVAMBADY,Kozhikode,2021-10,45,37,225294,230099,55212.35142752114,147.96910182575667,51,27,282,5407056,250,200,120,8,0.4118,2021
KSRTC-078,THIRUVAMBADY,Kozhikode,2021-11,44,36,217172,216019,53221.90907976964,142.63471633378265,51,27,271,5212128,250,200,120,8,0.407,2021
KSRTC-078,THIRUVAMBADY,Kozhikode,2021-12,45,37,227376,231102,55722.58301678716,149.33652248498962,51,27,284,5457024,250,200,120,8,0.4099,2021
KSRTC-078,THIRUVAMBADY,Kozhikode,2022-01,46,38,233473,246114,57216.76265163583,153.34092390638403,51,27,292,5603352,250,200,120,8,0.4185,2022
KSRTC-078,THIRUVAMBADY,Kozhikode,2022-02,44,36,220454,220023,54026.22227668178,144.79027570150717,51,27,276,5290896,250,200,120,8,0.4069,2022
KSRTC-078,THIRUVAMBADY,Kozhikode,2022-03,46,39,241485,247514,59180.24751868644,158.60306335007968,51,27,302,5795640,250,200,120,8,0.4084,2022
KSRTC-078,THIRUVAMBADY,Kozhikode,2022-04,45,36,329205,377167,80677.61303761795,216.2160029408161,51,27,412,7900920,250,200,120,8,0.3579,2022
KSRTC-078,THIRUVAMBADY,Kozhikode,2022-05,44,35,324827,379849,79604.70530572234,213.34061021933587,51,27,406,7795848,250,200,120,8,0.3657,2022
KSRTC-078,THIRUVAMBADY,Kozhikode,2022-06,43,34,307503,365305,75359.14716333782,201.96251439774537,51,27,384,7380072,250,200,120,8,0.3761,2022
KSRTC-078,THIRUVAMBADY,Kozhikode,2022-07,43,33,297544,335012,72918.51488788139,195.42161989952214,51,27,372,7141056,250,200,120,8,0.3625,2022
KSRTC-078,THIRUVAMBADY,Kozhikode,2022-08,45,36,329206,377427,80677.85810562431,216.21665972307318,51,27,412,7900944,250,200,120,8,0.3581,2022
KSRTC-078,THIRUVAMBADY,Kozhikode,2022-09,44,35,322141,365080,78946.45264060778,211.57649307682885,51,27,403,7731384,250,200,120,8,0.3566,2022
KSRTC-078,THIRUVAMBADY,Kozhikode,2022-10,45,36,335700,366925,82269.32973900258,220.48180370052694,51,27,420,8056800,250,200,120,8,0.3417,2022
KSRTC-078,THIRUVAMBADY,Kozhikode,2022-11,42,33,295589,336790,72439.40693542459,194.13761058693788,51,27,370,7094136,250,200,120,8,0.3669,2022
KSRTC-078,THIRUVAMBADY,Kozhikode,2022-12,44,35,327953,384089,80370.78789364049,215.39371155495652,51,27,410,7870872,250,200,120,8,0.3652,2022
KSRTC-078,THIRUVAMBADY,Kozhikode,2023-01,45,37,341411,378599,83668.91312339174,224.2326871706899,51,27,427,8193864,250,200,120,8,0.3445,2023
KSRTC-078,THIRUVAMBADY,Kozhikode,2023-02,43,34,306954,370848,75224.60482783974,201.60194093861048,51,27,384,7366896,250,200,120,8,0.3818,2023
KSRTC-078,THIRUVAMBADY,Kozhikode,2023-03,44,34,313745,367118,76888.86165911041,206.0621492464159,51,27,392,7529880,250,200,120,8,0.3692,2023
KSRTC-078,THIRUVAMBADY,Kozhikode,2023-04,53,32,362658,421768,88875.8730547727,238.18733978679086,51,27,453,8703792,250,200,120,8,0.4048,2023
KSRTC-078,THIRUVAMBADY,Kozhikode,2023-05,50,29,316932,368268,77669.89339541724,208.1553142997182,51,27,396,7606368,250,200,120,8,0.4145,2023
KSRTC-078,THIRUVAMBADY,Kozhikode,2023-06,52,31,349551,405981,85663.76669525793,229.57889474329127,51,27,437,8389224,250,200,120,8,0.407,2023
KSRTC-078,THIRUVAMBADY,Kozhikode,2023-07,52,31,351917,392377,86243.59759833354,231.1328415635339,51,27,440,8446008,250,200,120,8,0.3938,2023
KSRTC-078,THIRUVAMBADY,Kozhikode,2023-08,54,32,369214,416863,90482.53890454602,242.49320426418336,51,27,462,8861136,250,200,120,8,0.3944,2023
KSRTC-078,THIRUVAMBADY,Kozhikode,2023-09,53,32,360195,413531,88272.27055507904,236.56968508761184,51,27,450,8644680,250,200,120,8,0.4012,2023
KSRTC-078,THIRUVAMBADY,Kozhikode,2023-10,54,32,369345,398078,90514.64281338072,242.57924273986035,51,27,462,8864280,250,200,120,8,0.3803,2023
KSRTC-078,THIRUVAMBADY,Kozhikode,2023-11,53,31,354038,416944,86763.38683984806,232.52587673079282,51,27,443,8496912,250,200,120,8,0.4105,2023
KSRTC-078,THIRUVAMBADY,Kozhikode,2023-12,52,30,342065,406928,83829.18759955888,224.66222276681782,51,27,428,8209560,250,200,120,8,0.4162,2023
KSRTC-078,THIRUVAMBADY,Kozhikode,2024-01,54,32,370500,415397,90797.69636074011,243.33782624678352,51,27,463,8892000,250,200,120,8,0.392,2024
KSRTC-078,THIRUVAMBADY,Kozhikode,2024-02,53,32,366668,397146,89858.5957603235,240.821036637667,51,27,458,8800032,250,200,120,8,0.3822,2024
KSRTC-078,THIRUVAMBADY,Kozhikode,2024-03,52,31,348601,410591,85430.95208920476,228.95495159906878,51,27,436,8366424,250,200,120,8,0.4116,2024
KSRTC-078,THIRUVAMBADY,Kozhikode,2024-04,42,39,292209,396690,71611.07707388801,191.91768655801985,51,27,365,7013016,250,200,120,8,0.4275,2024
KSRTC-078,THIRUVAMBADY,Kozhikode,2024-05,43,40,296210,402122,72591.59416738145,194.5454723685823,51,27,370,7109040,250,200,120,8,0.4289,2024
KSRTC-078,THIRUVAMBADY,Kozhikode,2024-06,44,42,305258,414405,74808.96948903322,200.48803823060902,51,27,382,7326192,250,200,120,8,0.4321,2024
KSRTC-078,THIRUVAMBADY,Kozhikode,2024-07,44,41,302253,410326,74072.54012988605,198.51440754809462,51,27,378,7254072,250,200,120,8,0.4311,2024
KSRTC-078,THIRUVAMBADY,Kozhikode,2024-08,43,40,295566,401248,72433.77037127803,194.12250459502516,51,27,369,7093584,250,200,120,8,0.4287,2024
KSRTC-078,THIRUVAMBADY,Kozhikode,2024-09,43,40,296722,402817,72717.0689866438,194.8817448842054,51,27,371,7121328,250,200,120,8,0.4291,2024
KSRTC-078,THIRUVAMBADY,Kozhikode,2024-10,44,41,301603,409443,73913.2459257444,198.087499080995,51,27,377,7238472,250,200,120,8,0.4308,2024
KSRTC-078,THIRUVAMBADY,Kozhikode,2024-11,42,39,291267,395412,71380.2230118858,191.29899767185395,51,27,364,6990408,250,200,120,8,0.4272,2024
KSRTC-078,THIRUVAMBADY,Kozhikode,2024-12,42,38,290326,394134,71149.61401788997,190.68096556794512,51,27,363,6967824,250,200,120,8,0.4268,2024
KSRTC-078,THIRUVAMBADY,Kozhikode,2025-01,43,41,300938,408540,73750.27570150717,197.65073888003923,51,27,376,7222512,250,200,120,8,0.4306,2025
KSRTC-078,THIRUVAMBADY,Kozhikode,2025-02,43,40,299470,406548,73390.51586815342,196.6865825266512,51,27,374,7187280,250,200,120,8,0.4301,2025
KSRTC-078,THIRUVAMBADY,Kozhikode,2025-03,43,40,299457,406529,73387.32998407059,196.67804435730918,51,27,374,7186968,250,200,120,8,0.4301,2025
KSRTC-078,THIRUVAMBADY,Kozhikode,2025-04,42,39,293912,399002,72028.42788873913,193.03618674182087,51,27,367,7053888,250,200,120,8,0.4281,2025
KSRTC-078,THIRUVAMBADY,Kozhikode,2025-05,42,38,289993,393683,71068.00637176816,190.4622570763387,51,27,363,6959832,250,200,120,8,0.4267,2025
KSRTC-078,THIRUVAMBADY,Kozhikode,2025-06,44,42,304572,413474,74640.85283666218,200.03748560225463,51,27,381,7309728,250,200,120,8,0.4319,2025
KSRTC-078,THIRUVAMBADY,Kozhikode,2025-07,43,41,300800,408353,73716.45631662787,197.5601029285627,51,27,376,7219200,250,200,120,8,0.4306,2025
KSRTC-078,THIRUVAMBADY,Kozhikode,2025-08,43,41,300841,408409,73726.50410488911,197.58703100110284,51,27,376,7220184,250,200,120,8,0.4306,2025
KSRTC-078,THIRUVAMBADY,Kozhikode,2025-09,43,40,298681,405477,73197.15721112609,196.16838132581793,51,27,373,7168344,250,200,120,8,0.4298,2025
KSRTC-078,THIRUVAMBADY,Kozhikode,2025-10,42,39,293039,397818,71814.48351917657,192.46281583139324,51,27,366,7032936,250,200,120,8,0.4278,2025
KSRTC-078,THIRUVAMBADY,Kozhikode,2025-11,42,38,289024,392367,70830.53547359393,189.82583506923174,51,27,361,6936576,250,200,120,8,0.4264,2025
KSRTC-078,THIRUVAMBADY,Kozhikode,2025-12,43,40,295954,401774,72528.85675775028,194.37733611077076,51,27,370,7102896,250,200,120,8,0.4288,2025
KSRTC-078,THIRUVAMBADY,Kozhikode,2026-01,43,39,295165,400703,72335.49810072295,193.8591349099375,51,27,369,7083960,250,200,120,8,0.4286,2026
KSRTC-078,THIRUVAMBADY,Kozhikode,2026-02,45,42,308096,418258,75504.47249111629,202.3519862761917,51,27,385,7394304,250,200,120,8,0.4331,2026
KSRTC-078,THIRUVAMBADY,Kozhikode,2026-03,44,41,301201,408898,73814.72858718295,197.82347261365032,51,27,377,7228824,250,200,120,8,0.4307,2026
KSRTC-079,THODUPUZHA,Idukki,2021-04,30,22,163977,130924,40185.51648082343,107.69718416860681,51,27,205,3935448,250,200,120,8,0.3031,2021
KSRTC-079,THODUPUZHA,Idukki,2021-05,30,22,166265,135655,40746.232079402034,109.19990197279745,51,27,208,3990360,250,200,120,8,0.3066,2021
KSRTC-079,THODUPUZHA,Idukki,2021-06,30,22,161437,126915,39563.04374463914,106.02895723563289,51,27,202,3874488,250,200,120,8,0.3013,2021
KSRTC-079,THODUPUZHA,Idukki,2021-07,29,21,156292,131068,38302.16885185639,102.64981252297513,51,27,195,3751008,250,200,120,8,0.3189,2021
KSRTC-079,THODUPUZHA,Idukki,2021-08,28,20,146197,119585,35828.20732753339,96.0195956377895,51,27,183,3508728,250,200,120,8,0.32,2021
KSRTC-079,THODUPUZHA,Idukki,2021-09,29,21,156564,123865,38368.82734958951,102.8284572968999,51,27,196,3757536,250,200,120,8,0.3057,2021
KSRTC-079,THODUPUZHA,Idukki,2021-10,29,21,151171,120015,37047.175591226565,99.2864305844872,51,27,189,3628104,250,200,120,8,0.31,2021
KSRTC-079,THODUPUZHA,Idukki,2021-11,29,22,160050,136256,39223.1344198015,105.11800024506802,51,27,200,3841200,250,200,120,8,0.32,2021
KSRTC-079,THODUPUZHA,Idukki,2021-12,29,21,153140,120138,37529.714495772576,100.57963484867051,51,27,191,3675360,250,200,120,8,0.3061,2021
KSRTC-079,THODUPUZHA,Idukki,2022-01,29,21,150479,118514,36877.5885308173,98.83193726259037,51,27,188,3611496,250,200,120,8,0.3087,2022
KSRTC-079,THODUPUZHA,Idukki,2022-02,30,22,165335,134724,40518.31883347629,108.58909447371647,51,27,207,3968040,250,200,120,8,0.3068,2022
KSRTC-079,THODUPUZHA,Idukki,2022-03,29,21,150132,117767,36792.5499326063,98.60403381938488,51,27,188,3603168,250,200,120,8,0.3081,2022
KSRTC-079,THODUPUZHA,Idukki,2022-04,31,28,225643,215275,55297.880161744884,148.19831883347632,51,27,282,5415432,250,200,120,8,0.2716,2022
KSRTC-079,THODUPUZHA,Idukki,2022-05,31,29,231849,221217,56818.77220928808,152.27430952089207,51,27,290,5564376,250,200,120,8,0.268,2022
KSRTC-079,THODUPUZHA,Idukki,2022-06,31,28,224724,213609,55072.662663889234,147.59473593922314,51,27,281,5393376,250,200,120,8,0.2711,2022
KSRTC-079,THODUPUZHA,Idukki,2022-07,30,28,220002,210077,53915.451537801746,144.4934101213087,51,27,275,5280048,250,200,120,8,0.2752,2022
KSRTC-079,THODUPUZHA,Idukki,2022-08,31,29,231867,232697,56823.18343340277,152.28613160151946,51,27,290,5564808,250,200,120,8,0.2816,2022
KSRTC-079,THODUPUZHA,Idukki,2022-09,30,28,221466,221173,54274.23109913001,145.45493934566844,51,27,277,5315184,250,200,120,8,0.2863,2022
KSRTC-079,THODUPUZHA,Idukki,2022-10,30,27,214133,206314,52477.147408405835,140.63875505452765,51,27,268,5139192,250,200,120,8,0.2812,2022
KSRTC-079,THODUPUZHA,Idukki,2022-11,30,28,220560,207672,54052.19948535719,144.8598946207573,51,27,276,5293440,250,200,120,8,0.2712,2022
KSRTC-079,THODUPUZHA,Idukki,2022-12,31,28,224523,217640,55023.4039946085,147.4627227055508,51,27,281,5388552,250,200,120,8,0.2764,2022
KSRTC-079,THODUPUZHA,Idukki,2023-01,31,29,229452,218494,56231.34419801495,150.70000245068007,51,27,287,5506848,250,200,120,8,0.2689,2023
KSRTC-079,THODUPUZHA,Idukki,2023-02,31,28,225825,219964,55342.48253890455,148.31785320426422,51,27,282,5419800,250,200,120,8,0.2769,2023
KSRTC-079,THODUPUZHA,Idukki,2023-03,31,29,229956,218043,56354.858473226326,151.03102070824656,51,27,287,5518944,250,200,120,8,0.2675,2023
KSRTC-079,THODUPUZHA,Idukki,2023-04,31,27,261594,245512,64108.32005881632,171.81029775762775,51,27,327,6278256,250,200,120,8,0.2235,2023
KSRTC-079,THODUPUZHA,Idukki,2023-05,31,27,258301,244355,63301.31111383409,169.64751378507538,51,27,323,6199224,250,200,120,8,0.2274,2023
KSRTC-079,THODUPUZHA,Idukki,2023-06,31,27,259591,240628,63617.44884205367,170.49476289670386,51,27,325,6230184,250,200,120,8,0.2215,2023
KSRTC-079,THODUPUZHA,Idukki,2023-07,31,28,262379,252190,64300.69844381816,172.32587182943266,51,27,328,6297096,250,200,120,8,0.2292,2023
KSRTC-079,THODUPUZHA,Idukki,2023-08,31,28,266922,244032,65414.04239676511,175.3096336233305,51,27,334,6406128,250,200,120,8,0.2138,2023
KSRTC-079,THODUPUZHA,Idukki,2023-09,31,28,268035,262347,65686.80308785688,176.04063227545646,51,27,335,6432840,250,200,120,8,0.2309,2023
KSRTC-079,THODUPUZHA,Idukki,2023-10,31,28,262785,260643,64400.1960544051,172.5925254258057,51,27,329,6306840,250,200,120,8,0.2374,2023
KSRTC-079,THODUPUZHA,Idukki,2023-11,31,27,258042,243418,63237.8385001838,169.4774071804926,51,27,323,6193008,250,200,120,8,0.2269,2023
KSRTC-079,THODUPUZHA,Idukki,2023-12,30,25,235088,229214,57612.54748192624,154.4016272515623,51,27,294,5642112,250,200,120,8,0.2497,2023
KSRTC-079,THODUPUZHA,Idukki,2024-01,31,27,253114,238088,62030.14336478373,166.24078421762042,51,27,316,6074736,250,200,120,8,0.229,2024
KSRTC-079,THODUPUZHA,Idukki,2024-02,31,27,253349,238687,62087.7343462811,166.39512804803334,51,27,317,6080376,250,200,120,8,0.2293,2024
KSRTC-079,THODUPUZHA,Idukki,2024-03,30,26,246515,233550,60412.93959073643,161.90667810317365,51,27,308,5916360,250,200,120,8,0.2349,2024
KSRTC-079,THODUPUZHA,Idukki,2024-04,31,27,216074,293333,52952.824408773435,141.91356941551282,51,27,270,5185776,250,200,120,8,0.4005,2024
KSRTC-079,THODUPUZHA,Idukki,2024-05,32,28,218760,296979,53611.07707388801,143.67768655801987,51,27,273,5250240,250,200,120,8,0.4015,2024
KSRTC-079,THODUPUZHA,Idukki,2024-06,32,28,219383,297825,53763.75444185762,144.08686190417842,51,27,274,5265192,250,200,120,8,0.4017,2024
KSRTC-079,THODUPUZHA,Idukki,2024-07,32,28,219826,298427,53872.31956868031,144.37781644406323,51,27,275,5275824,250,200,120,8,0.4018,2024
KSRTC-079,THODUPUZHA,Idukki,2024-08,32,29,223371,303238,54741.08565126823,146.70610954539885,51,27,279,5360904,250,200,120,8,0.4031,2024
KSRTC-079,THODUPUZHA,Idukki,2024-09,31,28,217646,295466,53338.07131478986,142.94603112363683,51,27,272,5223504,250,200,120,8,0.4011,2024
KSRTC-079,THODUPUZHA,Idukki,2024-10,32,28,218643,296820,53582.40411714251,143.60084303394194,51,27,273,5247432,250,200,120,8,0.4014,2024
KSRTC-079,THODUPUZHA,Idukki,2024-11,31,26,211263,286802,51773.80223011886,138.75378997671854,51,27,264,5070312,250,200,120,8,0.3988,2024
KSRTC-079,THODUPUZHA,Idukki,2024-12,31,26,211402,286990,51807.86668300453,138.84508271045215,51,27,264,5073648,250,200,120,8,0.3989,2024
KSRTC-079,THODUPUZHA,Idukki,2025-01,33,29,225890,306659,55358.41195931871,148.36054405097417,51,27,282,5421360,250,200,120,8,0.404,2025
KSRTC-079,THODUPUZHA,Idukki,2025-02,32,29,221585,300814,54303.39419188825,145.53309643426053,51,27,277,5318040,250,200,120,8,0.4025,2025
KSRTC-079,THODUPUZHA,Idukki,2025-03,32,28,218823,297064,53626.51635828943,143.71906384021568,51,27,274,5251752,250,200,120,8,0.4015,2025
KSRTC-079,THODUPUZHA,Idukki,2025-04,32,29,224271,304460,54961.64685700282,147.29721357676758,51,27,280,5382504,250,200,120,8,0.4034,2025
KSRTC-079,THODUPUZHA,Idukki,2025-05,31,27,216767,294273,53122.656537189076,142.36871951966674,51,27,271,5202408,250,200,120,8,0.4008,2025
KSRTC-079,THODUPUZHA,Idukki,2025-06,32,28,221142,300212,54194.82906506556,145.2421418943757,51,27,276,5307408,250,200,120,8,0.4023,2025
KSRTC-079,THODUPUZHA,Idukki,2025-07,32,28,220048,298727,53926.724666094844,144.5236221051342,51,27,275,5281152,250,200,120,8,0.4019,2025
KSRTC-079,THODUPUZHA,Idukki,2025-08,30,26,210308,285505,51539.76228403382,138.12656292121065,51,27,263,5047392,250,200,120,8,0.3985,2025
KSRTC-079,THODUPUZHA,Idukki,2025-09,32,28,221356,300504,54247.27361842911,145.38269329739003,51,27,277,5312544,250,200,120,8,0.4024,2025
KSRTC-079,THODUPUZHA,Idukki,2025-10,31,27,216053,293305,52947.67798063963,141.89977698811424,51,27,270,5185272,250,200,120,8,0.4005,2025
KSRTC-079,THODUPUZHA,Idukki,2025-11,32,28,219016,297327,53673.81448351918,143.8458228158314,51,27,274,5256384,250,200,120,8,0.4016,2025
KSRTC-079,THODUPUZHA,Idukki,2025-12,32,28,220484,299319,54033.57431687293,144.80997916921947,51,27,276,5291616,250,200,120,8,0.4021,2025
KSRTC-079,THODUPUZHA,Idukki,2026-01,31,26,211277,286820,51777.23318220807,138.76298492831762,51,27,264,5070648,250,200,120,8,0.3988,2026
KSRTC-079,THODUPUZHA,Idukki,2026-02,33,30,228756,310550,56060.7768655802,150.24288199975493,51,27,286,5490144,250,200,120,8,0.405,2026
KSRTC-079,THODUPUZHA,Idukki,2026-03,31,27,213181,289405,52243.842666339915,140.013498345791,51,27,266,5116344,250,200,120,8,0.3995,2026
KSRTC-080,THOTTILPALLAM,Kozhikode,2021-04,45,36,222575,232563,54546.011518196305,146.1833108687661,51,27,278,5341800,250,200,120,8,0.4191,2021
KSRTC-080,THOTTILPALLAM,Kozhikode,2021-05,46,38,240764,240254,59003.553486092394,158.12952334272762,51,27,301,5778336,250,200,120,8,0.4012,2021
KSRTC-080,THOTTILPALLAM,Kozhikode,2021-06,45,36,223307,230631,54725.40129886044,146.664075480946,51,27,279,5359368,250,200,120,8,0.4156,2021
KSRTC-080,THOTTILPALLAM,Kozhikode,2021-07,44,36,220875,234962,54129.3959073643,145.06678103173633,51,27,276,5301000,250,200,120,8,0.4248,2021
KSRTC-080,THOTTILPALLAM,Kozhikode,2021-08,46,38,234972,231247,57584.11959318711,154.32544050974147,51,27,294,5639328,250,200,120,8,0.3989,2021
KSRTC-080,THOTTILPALLAM,Kozhikode,2021-09,46,39,241164,243949,59101.5806886411,158.39223624555817,51,27,301,5787936,250,200,120,8,0.4048,2021
KSRTC-080,THOTTILPALLAM,Kozhikode,2021-10,45,37,230600,240853,56512.68226932974,151.45398848180372,51,27,288,5534400,250,200,120,8,0.4167,2021
KSRTC-080,THOTTILPALLAM,Kozhikode,2021-11,44,35,210791,215446,51658.130131111386,138.44378875137852,51,27,264,5058984,250,200,120,8,0.4166,2021
KSRTC-080,THOTTILPALLAM,Kozhikode,2021-12,45,36,223782,232536,54841.80860188702,146.97604705305724,51,27,280,5370768,250,200,120,8,0.4172,2021
KSRTC-080,THOTTILPALLAM,Kozhikode,2022-01,45,37,228579,221092,56017.3998284524,150.12663154025245,51,27,286,5485896,250,200,120,8,0.3961,2022
KSRTC-080,THOTTILPALLAM,Kozhikode,2022-02,45,37,227733,230472,55810.07229506188,149.57099375076587,51,27,285,5465592,250,200,120,8,0.4086,2022
KSRTC-080,THOTTILPALLAM,Kozhikode,2022-03,44,36,220596,220716,54061.02193358657,144.883538782012,51,27,276,5294304,250,200,120,8,0.4075,2022
KSRTC-080,THOTTILPALLAM,Kozhikode,2022-04,45,37,340828,379855,83526.038475677,223.84978311481441,51,27,426,8179872,250,200,120,8,0.3462,2022
KSRTC-080,THOTTILPALLAM,Kozhikode,2022-05,44,34,313614,367863,76856.7577502757,205.9761107707389,51,27,392,7526736,250,200,120,8,0.3701,2022
KSRTC-080,THOTTILPALLAM,Kozhikode,2022-06,42,33,291797,338357,71510.10905526284,191.64709226810444,51,27,365,7003128,250,200,120,8,0.3737,2022
KSRTC-080,THOTTILPALLAM,Kozhikode,2022-07,44,35,324259,360656,79465.50667810318,212.96755789731654,51,27,405,7782216,250,200,120,8,0.3502,2022
KSRTC-080,THOTTILPALLAM,Kozhikode,2022-08,43,34,310031,369086,75978.67908344566,203.62285994363438,51,27,388,7440744,250,200,120,8,0.376,2022
KSRTC-080,THOTTILPALLAM,Kozhikode,2022-09,44,35,322640,379388,79068.74157578728,211.90422742310992,51,27,403,7743360,250,200,120,8,0.3681,2022
KSRTC-080,THOTTILPALLAM,Kozhikode,2022-10,44,35,317753,366731,77871.09422864845,208.69453253277786,51,27,397,7626072,250,200,120,8,0.3636,2022
KSRTC-080,THOTTILPALLAM,Kozhikode,2022-11,44,35,317308,384743,77762.03896581302,208.40226442837888,51,27,397,7615392,250,200,120,8,0.3797,2022
KSRTC-080,THOTTILPALLAM,Kozhikode,2022-12,44,35,325739,390646,79828.2073275334,213.93959563778952,51,27,407,7817736,250,200,120,8,0.3736,2022
KSRTC-080,THOTTILPALLAM,Kozhikode,2023-01,45,37,343338,385928,84141.15917167014,225.498306580076,51,27,429,8240112,250,200,120,8,0.3481,2023
KSRTC-080,THOTTILPALLAM,Kozhikode,2023-02,44,34,313352,348366,76792.5499326063,205.8040338193849,51,27,392,7520448,250,200,120,8,0.3534,2023
KSRTC-080,THOTTILPALLAM,Kozhikode,2023-03,43,34,311116,359222,76244.57787035903,204.33546869256222,51,27,389,7466784,250,200,120,8,0.3658,2023
KSRTC-080,THOTTILPALLAM,Kozhikode,2023-04,53,31,356217,416657,87297.39002573215,233.95700526896218,51,27,445,8549208,250,200,120,8,0.4079,2023
KSRTC-080,THOTTILPALLAM,Kozhikode,2023-05,52,30,341447,372258,83677.73557162113,224.25633133194464,51,27,427,8194728,250,200,120,8,0.3891,2023
KSRTC-080,THOTTILPALLAM,Kozhikode,2023-06,52,30,342103,383468,83838.500183801,224.68718049258672,51,27,428,8210472,250,200,120,8,0.3974,2023
KSRTC-080,THOTTILPALLAM,Kozhikode,2023-07,51,29,326769,391358,80080.62737409632,214.61608136257814,51,27,408,7842456,250,200,120,8,0.4219,2023
KSRTC-080,THOTTILPALLAM,Kozhikode,2023-08,55,33,382374,435025,93707.63386839848,251.13645876730794,51,27,478,9176976,250,200,120,8,0.3945,2023
KSRTC-080,THOTTILPALLAM,Kozhikode,2023-09,52,31,346598,420202,84940.08087244211,227.63941673814486,51,27,433,8318352,250,200,120,8,0.4215,2023
KSRTC-080,THOTTILPALLAM,Kozhikode,2023-10,53,31,353196,404323,86557.03957848303,231.97286607033453,51,27,442,8476704,250,200,120,8,0.4017,2023
KSRTC-080,THOTTILPALLAM,Kozhikode,2023-11,53,31,355705,404798,87171.9152064698,233.62073275333907,51,27,445,8536920,250,200,120,8,0.3993,2023
KSRTC-080,THOTTILPALLAM,Kozhikode,2023-12,53,32,360041,406736,88234.53008209779,236.46854062002208,51,27,450,8640984,250,200,120,8,0.3962,2023
KSRTC-080,THOTTILPALLAM,Kozhikode,2024-01,53,32,359876,406689,88194.09386104645,236.3601715476045,51,27,450,8637024,250,200,120,8,0.3964,2024
KSRTC-080,THOTTILPALLAM,Kozhikode,2024-02,54,32,370486,438622,90794.2654086509,243.32863129518444,51,27,463,8891664,250,200,120,8,0.4092,2024
KSRTC-080,THOTTILPALLAM,Kozhikode,2024-03,53,32,366869,402255,89907.85442960422,240.95304987133935,51,27,459,8804856,250,200,120,8,0.3859,2024
KSRTC-080,THOTTILPALLAM,Kozhikode,2024-04,43,40,299519,406614,73402.52420046563,196.71876485724792,51,27,374,7188456,250,200,120,8,0.4301,2024
KSRTC-080,THOTTILPALLAM,Kozhikode,2024-05,42,39,291288,395440,71385.36944001961,191.31279009925257,51,27,364,6990912,250,200,120,8,0.4272,2024
KSRTC-080,THOTTILPALLAM,Kozhikode,2024-06,44,42,306663,416312,75153.29003798554,201.41081730180127,51,27,383,7359912,250,200,120,8,0.4326,2024
KSRTC-080,THOTTILPALLAM,Kozhikode,2024-07,43,41,301056,408700,73779.19372625904,197.72823918637422,51,27,376,7225344,250,200,120,8,0.4306,2024
KSRTC-080,THOTTILPALLAM,Kozhikode,2024-08,42,39,293448,398372,71914.71633378264,192.73143977453745,51,27,367,7042752,250,200,120,8,0.4279,2024
KSRTC-080,THOTTILPALLAM,Kozhikode,2024-09,44,41,301603,409443,73913.2459257444,198.087499080995,51,27,377,7238472,250,200,120,8,0.4308,2024
KSRTC-080,THOTTILPALLAM,Kozhikode,2024-10,43,40,297200,403466,72834.21149368951,195.19568680308788,51,27,372,7132800,250,200,120,8,0.4293,2024
KSRTC-080,THOTTILPALLAM,Kozhikode,2024-11,43,39,294722,400101,72226.93297390026,193.5681803700527,51,27,368,7073328,250,200,120,8,0.4284,2024
KSRTC-080,THOTTILPALLAM,Kozhikode,2024-12,42,39,292901,397630,71780.66413429727,192.37217987991673,51,27,366,7029624,250,200,120,8,0.4278,2024
KSRTC-080,THOTTILPALLAM,Kozhikode,2025-01,43,40,299664,406811,73438.05906138953,196.81399828452396,51,27,375,7191936,250,200,120,8,0.4301,2025
KSRTC-080,THOTTILPALLAM,Kozhikode,2025-02,43,39,294583,399913,72192.86852101459,193.47688763631913,51,27,368,7069992,250,200,120,8,0.4283,2025
KSRTC-080,THOTTILPALLAM,Kozhikode,2025-03,43,40,298619,405392,73181.96299473105,196.12766082587922,51,27,373,7166856,250,200,120,8,0.4298,2025
KSRTC-080,THOTTILPALLAM,Kozhikode,2025-04,41,37,284026,385582,69605.68557774783,186.5432373483642,51,27,355,6816624,250,200,120,8,0.4246,2025
KSRTC-080,THOTTILPALLAM,Kozhikode,2025-05,43,40,297449,403804,72895.23342727608,195.3592255850999,51,27,372,7138776,250,200,120,8,0.4294,2025
KSRTC-080,THOTTILPALLAM,Kozhikode,2025-06,43,39,294618,399960,72201.4459012376,193.4998750153168,51,27,368,7070832,250,200,120,8,0.4284,2025
KSRTC-080,THOTTILPALLAM,Kozhikode,2025-07,43,41,300703,408221,73692.68472000981,197.4963950496263,51,27,376,7216872,250,200,120,8,0.4305,2025
KSRTC-080,THOTTILPALLAM,Kozhikode,2025-08,44,42,306788,416482,75183.92353878202,201.49291508393583,51,27,384,7362912,250,200,120,8,0.4327,2025
KSRTC-080,THOTTILPALLAM,Kozhikode,2025-09,44,41,303347,411811,74340.64452885676,199.23292733733615,51,27,379,7280328,250,200,120,8,0.4315,2025
KSRTC-080,THOTTILPALLAM,Kozhikode,2025-10,42,39,291433,395637,71420.90430094351,191.4080235265286,51,27,364,6994392,250,200,120,8,0.4272,2025
KSRTC-080,THOTTILPALLAM,Kozhikode,2025-11,43,40,295525,401191,72423.72258301679,194.095576522485,51,27,369,7092600,250,200,120,8,0.4287,2025
KSRTC-080,THOTTILPALLAM,Kozhikode,2025-12,44,41,303610,412168,74405.09741453253,199.4056610709472,51,27,380,7286640,250,200,120,8,0.4315,2025
KSRTC-080,THOTTILPALLAM,Kozhikode,2026-01,43,40,298792,405627,73224.35975983336,196.24128415635343,51,27,374,7171008,250,200,120,8,0.4298,2026
KSRTC-080,THOTTILPALLAM,Kozhikode,2026-02,43,39,294583,399913,72192.86852101459,193.47688763631913,51,27,368,7069992,250,200,120,8,0.4283,2026
KSRTC-080,THOTTILPALLAM,Kozhikode,2026-03,43,41,300391,407798,73616.22350202182,197.2914789854185,51,27,376,7209384,250,200,120,8,0.4304,2026
KSRTC-081,THRISSUR,Thrissur,2021-04,49,35,279283,287348,68443.32802352653,183.4281191030511,51,27,349,6702792,250,200,120,8,0.399,2021
KSRTC-081,THRISSUR,Thrissur,2021-05,50,36,288586,298205,70723.1956868031,189.5381644406323,51,27,361,6926064,250,200,120,8,0.3981,2021
KSRTC-081,THRISSUR,Thrissur,2021-06,48,33,259607,259948,63621.36993015562,170.50527141281705,51,27,325,6230568,250,200,120,8,0.3966,2021
KSRTC-081,THRISSUR,Thrissur,2021-07,52,39,319207,330047,78227.42310991301,209.6494939345669,51,27,399,7660968,250,200,120,8,0.3921,2021
KSRTC-081,THRISSUR,Thrissur,2021-08,50,36,294194,315441,72097.53706653597,193.22139933831642,51,27,368,7060656,250,200,120,8,0.4075,2021
KSRTC-081,THRISSUR,Thrissur,2021-09,50,36,292668,305839,71723.56328881264,192.21914961401788,51,27,366,7024032,250,200,120,8,0.4004,2021
KSRTC-081,THRISSUR,Thrissur,2021-10,48,34,266175,273208,65230.97659600539,174.81901727729445,51,27,333,6388200,250,200,120,8,0.4017,2021
KSRTC-081,THRISSUR,Thrissur,2021-11,52,38,312911,322658,76684.47494179635,205.51439284401422,51,27,391,7509864,250,200,120,8,0.3925,2021
KSRTC-081,THRISSUR,Thrissur,2021-12,51,37,304627,313521,74654.33157701262,200.07360862639382,51,27,381,7311048,250,200,120,8,0.3935,2021
KSRTC-081,THRISSUR,Thrissur,2022-01,51,37,297036,309662,72794.02034064454,195.0879745129274,51,27,371,7128864,250,200,120,8,0.3987,2022
KSRTC-081,THRISSUR,Thrissur,2022-02,50,36,288946,307416,70811.42016909693,189.7746060531798,51,27,361,6934704,250,200,120,8,0.4064,2022
KSRTC-081,THRISSUR,Thrissur,2022-03,49,35,279814,305887,68573.45913490994,183.77687048155863,51,27,350,6715536,250,200,120,8,0.4165,2022
KSRTC-081,THRISSUR,Thrissur,2022-04,48,44,357942,398968,87720.13233672344,235.08995466241885,51,27,447,8590608,250,200,120,8,0.3534,2022
KSRTC-081,THRISSUR,Thrissur,2022-05,49,46,381828,438165,93573.8267369195,250.77785565494426,51,27,477,9163872,250,200,120,8,0.3566,2022
KSRTC-081,THRISSUR,Thrissur,2022-06,47,42,341831,385688,83771.84168606788,224.50853571866193,51,27,427,8203944,250,200,120,8,0.3616,2022
KSRTC-081,THRISSUR,Thrissur,2022-07,47,43,353675,393459,86674.42715353511,232.28746477147413,51,27,442,8488200,250,200,120,8,0.354,2022
KSRTC-081,THRISSUR,Thrissur,2022-08,50,48,399685,444587,97950.00612670016,262.50601641955643,51,27,500,9592440,250,200,120,8,0.3431,2022
KSRTC-081,THRISSUR,Thrissur,2022-09,49,45,373829,424860,91613.52775395173,245.52425438059063,51,27,467,8971896,250,200,120,8,0.3554,2022
KSRTC-081,THRISSUR,Thrissur,2022-10,48,45,370985,422746,90916.55434383042,243.65636564146553,51,27,464,8903640,250,200,120,8,0.3569,2022
KSRTC-081,THRISSUR,Thrissur,2022-11,49,45,376516,429267,92272.02548707266,247.28902830535475,51,27,471,9036384,250,200,120,8,0.3558,2022
KSRTC-081,THRISSUR,Thrissur,2022-12,48,44,362179,416524,88758.48547972062,237.87274108565128,51,27,453,8692296,250,200,120,8,0.362,2022
KSRTC-081,THRISSUR,Thrissur,2023-01,47,43,354590,368448,86898.66437936528,232.88842053669896,51,27,443,8510160,250,200,120,8,0.3336,2023
KSRTC-081,THRISSUR,Thrissur,2023-02,49,45,373202,435033,91459.87011395663,245.1124519054038,51,27,467,8956848,250,200,120,8,0.3636,2023
KSRTC-081,THRISSUR,Thrissur,2023-03,51,49,417003,475502,102194.09386104645,273.8801715476045,51,27,521,10008072,250,200,120,8,0.3474,2023
KSRTC-081,THRISSUR,Thrissur,2023-04,54,41,438209,494342,107391.00600416616,287.80789609116533,51,27,548,10517016,250,200,120,8,0.3514,2023
KSRTC-081,THRISSUR,Thrissur,2023-05,50,36,367422,425075,90043.37703712781,241.31625045950253,51,27,459,8818128,250,200,120,8,0.373,2023
KSRTC-081,THRISSUR,Thrissur,2023-06,51,37,384784,456185,94298.24776375445,252.71930400686193,51,27,481,9234816,250,200,120,8,0.3769,2023
KSRTC-081,THRISSUR,Thrissur,2023-07,51,38,397439,439838,97399.58338438917,261.030883470163,51,27,497,9538536,250,200,120,8,0.3527,2023
KSRTC-081,THRISSUR,Thrissur,2023-08,52,39,409701,472548,100404.60727851979,269.084347506433,51,27,512,9832824,250,200,120,8,0.3631,2023
KSRTC-081,THRISSUR,Thrissur,2023-09,49,36,362319,436649,88792.79500061268,237.964690601642,51,27,453,8695656,250,200,120,8,0.3875,2023
KSRTC-081,THRISSUR,Thrissur,2023-10,50,36,371202,439461,90969.7341012131,243.7988873912511,51,27,464,8908848,250,200,120,8,0.3795,2023
KSRTC-081,THRISSUR,Thrissur,2023-11,50,37,381305,449307,93445.65616958706,250.43435853449333,51,27,477,9151320,250,200,120,8,0.3757,2023
KSRTC-081,THRISSUR,Thrissur,2023-12,47,33,333352,376880,81693.91006004167,218.9396789609117,51,27,417,8000448,250,200,120,8,0.3748,2023
KSRTC-081,THRISSUR,Thrissur,2024-01,51,38,393470,453776,96426.90846709962,258.424114691827,51,27,492,9443280,250,200,120,8,0.3662,2024
KSRTC-081,THRISSUR,Thrissur,2024-02,50,36,373161,441524,91449.82232569538,245.08552383286363,51,27,466,8955864,250,200,120,8,0.3788,2024
KSRTC-081,THRISSUR,Thrissur,2024-03,49,35,361106,420712,88495.52750888372,237.1680137238084,51,27,451,8666544,250,200,120,8,0.3768,2024
KSRTC-081,THRISSUR,Thrissur,2024-04,47,39,325458,441827,79759.34321774293,213.75503982355107,51,27,407,7810992,250,200,120,8,0.4393,2024
KSRTC-081,THRISSUR,Thrissur,2024-05,48,40,328822,446395,80583.75199117756,215.96445533635585,51,27,411,7891728,250,200,120,8,0.4405,2024
KSRTC-081,THRISSUR,Thrissur,2024-06,48,40,329037,446686,80636.44161254748,216.10566352162726,51,27,411,7896888,250,200,120,8,0.4406,2024
KSRTC-081,THRISSUR,Thrissur,2024-07,49,41,336880,457334,82558.50998652127,221.25680676387702,51,27,421,8085120,250,200,120,8,0.4433,2024
KSRTC-081,THRISSUR,Thrissur,2024-08,48,41,333045,452127,81618.67418208554,218.73804680798924,51,27,416,7993080,250,200,120,8,0.442,2024
KSRTC-081,THRISSUR,Thrissur,2024-09,49,42,340258,461920,83386.34971204509,223.47541722828086,51,27,425,8166192,250,200,120,8,0.4445,2024
KSRTC-081,THRISSUR,Thrissur,2024-10,49,42,338825,459975,83035.16725891436,222.5342482538905,51,27,424,8131800,250,200,120,8,0.444,2024
KSRTC-081,THRISSUR,Thrissur,2024-11,48,40,329106,446780,80653.35130498714,216.15098149736554,51,27,411,7898544,250,200,120,8,0.4406,2024
KSRTC-081,THRISSUR,Thrissur,2024-12,49,42,341117,463085,83596.86312951845,224.03959318710946,51,27,426,8186808,250,200,120,8,0.4448,2024
KSRTC-081,THRISSUR,Thrissur,2025-01,49,42,340757,462597,83508.63864722461,223.80315157456195,51,27,426,8178168,250,200,120,8,0.4447,2025
KSRTC-081,THRISSUR,Thrissur,2025-02,47,40,328788,446348,80575.41967896091,215.94212473961525,51,27,411,7890912,250,200,120,8,0.4405,2025
KSRTC-081,THRISSUR,Thrissur,2025-03,49,42,340729,462559,83501.7767430462,223.7847616713638,51,27,426,8177496,250,200,120,8,0.4447,2025
KSRTC-081,THRISSUR,Thrissur,2025-04,48,41,334783,454486,82044.60237715967,219.8795343707879,51,27,419,8034792,250,200,120,8,0.4426,2025
KSRTC-081,THRISSUR,Thrissur,2025-05,46,37,316334,429441,77523.34272760691,207.76255850998652,51,27,395,7592016,250,200,120,8,0.4361,2025
KSRTC-081,THRISSUR,Thrissur,2025-06,48,41,333883,453265,81824.04117142508,219.28843033941922,51,27,417,8013192,250,200,120,8,0.4423,2025
KSRTC-081,THRISSUR,Thrissur,2025-07,48,41,335412,455341,82198.75015316751,220.29265041048896,51,27,419,8049888,250,200,120,8,0.4428,2025
KSRTC-081,THRISSUR,Thrissur,2025-08,48,41,334478,454073,81969.85663521627,219.67921578237963,51,27,418,8027472,250,200,120,8,0.4425,2025
KSRTC-081,THRISSUR,Thrissur,2025-09,50,43,345416,468921,84650.41048891068,226.86310011028064,51,27,432,8289984,250,200,120,8,0.4464,2025
KSRTC-081,THRISSUR,Thrissur,2025-10,51,45,353460,479841,86621.73753216518,232.1462565862027,51,27,442,8483040,250,200,120,8,0.4492,2025
KSRTC-081,THRISSUR,Thrissur,2025-11,48,40,329964,447945,80863.61965445412,216.71450067393707,51,27,412,7919136,250,200,120,8,0.4409,2025
KSRTC-081,THRISSUR,Thrissur,2025-12,50,43,342840,465425,84019.115304497,225.17122901605197,51,27,429,8228160,250,200,120,8,0.4455,2025
KSRTC-081,THRISSUR,Thrissur,2026-01,48,41,333979,453396,81847.56770003676,219.3514814360985,51,27,418,8015496,250,200,120,8,0.4423,2026
KSRTC-081,THRISSUR,Thrissur,2026-02,47,39,326475,443209,80008.57738022301,214.42298737899768,51,27,408,7835400,250,200,120,8,0.4397,2026
KSRTC-081,THRISSUR,Thrissur,2026-03,47,39,325804,442297,79844.13674794756,213.98228648449947,51,27,407,7819296,250,200,120,8,0.4394,2026
KSRTC-082,TRIVANDRUM - CENTRAL,Thiruvananthapuram,2021-04,74,71,328689,594710,80551.15794633012,215.8771032961647,51,27,411,7888536,250,200,120,8,0.6956,2021
KSRTC-082,TRIVANDRUM - CENTRAL,Thiruvananthapuram,2021-05,78,78,369090,635576,90452.15047175591,242.41176326430585,51,27,461,8858160,250,200,120,8,0.6708,2021
KSRTC-082,TRIVANDRUM - CENTRAL,Thiruvananthapuram,2021-06,74,70,323690,585664,79326.06298247764,212.59384879304008,51,27,405,7768560,250,200,120,8,0.6958,2021
KSRTC-082,TRIVANDRUM - CENTRAL,Thiruvananthapuram,2021-07,74,71,326120,576349,79921.57823796103,214.18982967773556,51,27,408,7826880,250,200,120,8,0.6842,2021
KSRTC-082,TRIVANDRUM - CENTRAL,Thiruvananthapuram,2021-08,76,74,347274,639492,85105.74684474942,228.08340154392846,51,27,434,8334576,250,200,120,8,0.7038,2021
KSRTC-082,TRIVANDRUM - CENTRAL,Thiruvananthapuram,2021-09,77,75,352090,631725,86285.99436343586,231.2464648940081,51,27,440,8450160,250,200,120,8,0.6908,2021
KSRTC-082,TRIVANDRUM - CENTRAL,Thiruvananthapuram,2021-10,74,71,329909,608534,80850.14091410367,216.67837764979785,51,27,412,7917816,250,200,120,8,0.7052,2021
KSRTC-082,TRIVANDRUM - CENTRAL,Thiruvananthapuram,2021-11,76,74,345912,635125,84771.96422007108,227.1888641097905,51,27,432,8301888,250,200,120,8,0.7024,2021
KSRTC-082,TRIVANDRUM - CENTRAL,Thiruvananthapuram,2021-12,76,74,348607,621448,85432.422497243,228.95889229261124,51,27,436,8366568,250,200,120,8,0.6877,2021
KSRTC-082,TRIVANDRUM - CENTRAL,Thiruvananthapuram,2022-01,76,73,342304,603751,83887.75885308173,224.81919372625904,51,27,428,8215296,250,200,120,8,0.6826,2022
KSRTC-082,TRIVANDRUM - CENTRAL,Thiruvananthapuram,2022-02,76,73,343308,621069,84133.80713147898,225.4786031123637,51,27,429,8239392,250,200,120,8,0.695,2022
KSRTC-082,TRIVANDRUM - CENTRAL,Thiruvananthapuram,2022-03,72,68,309592,537017,75871.09422864845,203.33453253277787,51,27,387,7430208,250,200,120,8,0.6761,2022
KSRTC-082,TRIVANDRUM - CENTRAL,Thiruvananthapuram,2022-04,77,75,525507,1052983,128784.95282440879,345.14367356941557,51,27,657,12612168,250,200,120,8,0.6904,2022
KSRTC-082,TRIVANDRUM - CENTRAL,Thiruvananthapuram,2022-05,73,70,475753,942234,116591.83923538783,312.4661291508394,51,27,595,11418072,250,200,120,8,0.6859,2022
KSRTC-082,TRIVANDRUM - CENTRAL,Thiruvananthapuram,2022-06,77,76,531699,1085905,130302.41391986277,349.2104693052322,51,27,665,12760776,250,200,120,8,0.7009,2022
KSRTC-082,TRIVANDRUM - CENTRAL,Thiruvananthapuram,2022-07,79,79,565661,1128806,138625.41355226075,371.51610832005883,51,27,707,13575864,250,200,120,8,0.6879,2022
KSRTC-082,TRIVANDRUM - CENTRAL,Thiruvananthapuram,2022-08,77,76,536184,1063346,131401.54392844014,352.15613772821956,51,27,670,12868416,250,200,120,8,0.6846,2022
KSRTC-082,TRIVANDRUM - CENTRAL,Thiruvananthapuram,2022-09,75,73,506611,1014644,124154.14777600784,332.73311603970103,51,27,633,12158664,250,200,120,8,0.6907,2022
KSRTC-082,TRIVANDRUM - CENTRAL,Thiruvananthapuram,2022-10,75,73,508246,1051478,124554.8339664257,333.80695503002084,51,27,635,12197904,250,200,120,8,0.7087,2022
KSRTC-082,TRIVANDRUM - CENTRAL,Thiruvananthapuram,2022-11,75,73,505926,1036557,123986.27619164319,332.28322019360377,51,27,632,12142224,250,200,120,8,0.7033,2022
KSRTC-082,TRIVANDRUM - CENTRAL,Thiruvananthapuram,2022-12,74,70,481137,957973,117911.28538169342,316.0022448229384,51,27,601,11547288,250,200,120,8,0.6885,2022
KSRTC-082,TRIVANDRUM - CENTRAL,Thiruvananthapuram,2023-01,74,71,491458,950540,120440.63227545645,322.78089449822335,51,27,614,11794992,250,200,120,8,0.6724,2023
KSRTC-082,TRIVANDRUM - CENTRAL,Thiruvananthapuram,2023-02,77,75,526739,1043361,129086.8766082588,345.9528293101336,51,27,658,12641736,250,200,120,8,0.6841,2023
KSRTC-082,TRIVANDRUM - CENTRAL,Thiruvananthapuram,2023-03,78,77,540427,1101945,132441.36747947556,354.9428648449946,51,27,676,12970248,250,200,120,8,0.6999,2023
KSRTC-082,TRIVANDRUM - CENTRAL,Thiruvananthapuram,2023-04,87,57,513641,1026661,125876.97586080138,337.3502953069477,51,27,642,12327384,250,200,120,8,0.7354,2023
KSRTC-082,TRIVANDRUM - CENTRAL,Thiruvananthapuram,2023-05,90,60,550312,1096289,134863.86472246048,361.43515745619413,51,27,688,13207488,250,200,120,8,0.7345,2023
KSRTC-082,TRIVANDRUM - CENTRAL,Thiruvananthapuram,2023-06,85,54,480371,975224,117723.56328881266,315.49914961401794,51,27,601,11528904,250,200,120,8,0.7438,2023
KSRTC-082,TRIVANDRUM - CENTRAL,Thiruvananthapuram,2023-07,90,60,551040,1155782,135042.27423109915,361.91329493934575,51,27,689,13224960,250,200,120,8,0.7634,2023
KSRTC-082,TRIVANDRUM - CENTRAL,Thiruvananthapuram,2023-08,89,59,544944,1059850,133548.33966425684,357.9095503002083,51,27,681,13078656,250,200,120,8,0.7214,2023
KSRTC-082,TRIVANDRUM - CENTRAL,Thiruvananthapuram,2023-09,87,57,518441,1089368,127053.30229138587,340.5028501409141,51,27,648,12442584,250,200,120,8,0.7635,2023
KSRTC-082,TRIVANDRUM - CENTRAL,Thiruvananthapuram,2023-10,88,58,531142,1066466,130165.91104031369,348.8446415880407,51,27,664,12747408,250,200,120,8,0.7383,2023
KSRTC-082,TRIVANDRUM - CENTRAL,Thiruvananthapuram,2023-11,89,59,538098,1154521,131870.6040926357,353.4132189682637,51,27,673,12914352,250,200,120,8,0.7762,2023
KSRTC-082,TRIVANDRUM - CENTRAL,Thiruvananthapuram,2023-12,91,61,567551,1141107,139088.5920843034,372.75742678593315,51,27,709,13621224,250,200,120,8,0.7403,2023
KSRTC-082,TRIVANDRUM - CENTRAL,Thiruvananthapuram,2024-01,90,59,548947,1094632,134529.34689376302,360.53864967528494,51,27,686,13174728,250,200,120,8,0.735,2024
KSRTC-082,TRIVANDRUM - CENTRAL,Thiruvananthapuram,2024-02,89,58,537180,1111452,131645.63166278644,352.8102928562677,51,27,672,12892320,250,200,120,8,0.7552,2024
KSRTC-082,TRIVANDRUM - CENTRAL,Thiruvananthapuram,2024-03,88,57,522984,1065906,128166.6462443328,343.48661193481195,51,27,654,12551616,250,200,120,8,0.7463,2024
KSRTC-082,TRIVANDRUM - CENTRAL,Thiruvananthapuram,2024-04,63,80,434025,589213,106365.64146550668,285.0599191275579,51,27,543,10416600,250,200,120,8,0.4778,2024
KSRTC-082,TRIVANDRUM - CENTRAL,Thiruvananthapuram,2024-05,65,84,447039,606881,109554.95650042887,293.6072834211494,51,27,559,10728936,250,200,120,8,0.4824,2024
KSRTC-082,TRIVANDRUM - CENTRAL,Thiruvananthapuram,2024-06,63,81,438247,594946,107400.31858840829,287.83285381693423,51,27,548,10517928,250,200,120,8,0.4793,2024
KSRTC-082,TRIVANDRUM - CENTRAL,Thiruvananthapuram,2024-07,65,85,453179,615217,111059.67405955153,297.6399264795981,51,27,567,10876296,250,200,120,8,0.4846,2024
KSRTC-082,TRIVANDRUM - CENTRAL,Thiruvananthapuram,2024-08,66,86,454086,616448,111281.95074133073,298.2356279867664,51,27,568,10898064,250,200,120,8,0.4849,2024
KSRTC-082,TRIVANDRUM - CENTRAL,Thiruvananthapuram,2024-09,64,83,444187,603009,108856.02254625659,291.7341404239677,51,27,555,10660488,250,200,120,8,0.4814,2024
KSRTC-082,TRIVANDRUM - CENTRAL,Thiruvananthapuram,2024-10,65,85,453089,615094,111037.61793897807,297.5808160764613,51,27,566,10874136,250,200,120,8,0.4846,2024
KSRTC-082,TRIVANDRUM - CENTRAL,Thiruvananthapuram,2024-11,64,83,444505,603441,108933.95417228281,291.94299718171794,51,27,556,10668120,250,200,120,8,0.4815,2024
KSRTC-082,TRIVANDRUM - CENTRAL,Thiruvananthapuram,2024-12,64,83,445883,605311,109271.6578850631,292.8480431319691,51,27,557,10701192,250,200,120,8,0.482,2024
KSRTC-082,TRIVANDRUM - CENTRAL,Thiruvananthapuram,2025-01,64,82,442041,600095,108330.10660458278,290.32468570028186,51,27,553,10608984,250,200,120,8,0.4806,2025
KSRTC-082,TRIVANDRUM - CENTRAL,Thiruvananthapuram,2025-02,63,80,435021,590566,106609.72919985297,285.71407425560596,51,27,544,10440504,250,200,120,8,0.4781,2025
KSRTC-082,TRIVANDRUM - CENTRAL,Thiruvananthapuram,2025-03,64,82,440691,598263,107999.2647959809,289.4380296532288,51,27,551,10576584,250,200,120,8,0.4802,2025
KSRTC-082,TRIVANDRUM - CENTRAL,Thiruvananthapuram,2025-04,65,84,449635,610405,110191.15304496998,295.3122901605195,51,27,562,10791240,250,200,120,8,0.4833,2025
KSRTC-082,TRIVANDRUM - CENTRAL,Thiruvananthapuram,2025-05,63,80,436683,592822,107017.03222644284,286.8056463668668,51,27,546,10480392,250,200,120,8,0.4787,2025
KSRTC-082,TRIVANDRUM - CENTRAL,Thiruvananthapuram,2025-06,65,84,449150,609747,110072.29506187967,294.99375076583755,51,27,561,10779600,250,200,120,8,0.4832,2025
KSRTC-082,TRIVANDRUM - CENTRAL,Thiruvananthapuram,2025-07,66,87,456724,620028,111928.44014213944,299.96821958093375,51,27,571,10961376,250,200,120,8,0.4858,2025
KSRTC-082,TRIVANDRUM - CENTRAL,Thiruvananthapuram,2025-08,63,80,436967,593207,107086.63154025242,286.9921725278765,51,27,546,10487208,250,200,120,8,0.4788,2025
KSRTC-082,TRIVANDRUM - CENTRAL,Thiruvananthapuram,2025-09,63,81,438365,595105,107429.23661316016,287.91035412326926,51,27,548,10520760,250,200,120,8,0.4793,2025
KSRTC-082,TRIVANDRUM - CENTRAL,Thiruvananthapuram,2025-10,66,86,454654,617218,111421.14936894989,298.6086803087857,51,27,568,10911696,250,200,120,8,0.4851,2025
KSRTC-082,TRIVANDRUM - CENTRAL,Thiruvananthapuram,2025-11,65,84,449697,610489,110206.34726136504,295.3530106604583,51,27,562,10792728,250,200,120,8,0.4834,2025
KSRTC-082,TRIVANDRUM - CENTRAL,Thiruvananthapuram,2025-12,63,81,438593,595415,107485.11211861292,288.06010047788266,51,27,548,10526232,250,200,120,8,0.4794,2025
KSRTC-082,TRIVANDRUM - CENTRAL,Thiruvananthapuram,2026-01,63,81,438088,594729,107361.35277539518,287.7284254380591,51,27,548,10514112,250,200,120,8,0.4792,2026
KSRTC-082,TRIVANDRUM - CENTRAL,Thiruvananthapuram,2026-02,63,81,437590,594053,107239.30890822204,287.4013478740351,51,27,547,10502160,250,200,120,8,0.4791,2026
KSRTC-082,TRIVANDRUM - CENTRAL,Thiruvananthapuram,2026-03,64,83,445848,605264,109263.0805048401,292.8250557529714,51,27,557,10700352,250,200,120,8,0.482,2026
KSRTC-083,TRIVANDRUM - CITY,Thiruvananthapuram,2021-04,56,54,250976,443720,61506.18796716089,164.83658375199118,51,27,314,6023424,250,200,120,8,0.6527,2021
KSRTC-083,TRIVANDRUM - CITY,Thiruvananthapuram,2021-05,55,53,244510,434780,59921.57823796104,160.5898296777356,51,27,306,5868240,250,200,120,8,0.6566,2021
KSRTC-083,TRIVANDRUM - CITY,Thiruvananthapuram,2021-06,55,53,244373,443716,59888.00392108811,160.49985050851612,51,27,305,5864952,250,200,120,8,0.6669,2021
KSRTC-083,TRIVANDRUM - CITY,Thiruvananthapuram,2021-07,56,54,249349,460095,61107.462320794024,163.767999019728,51,27,312,5984376,250,200,120,8,0.6742,2021
KSRTC-083,TRIVANDRUM - CITY,Thiruvananthapuram,2021-08,58,57,269334,492753,66005.14642813381,176.8937924273986,51,27,337,6464016,250,200,120,8,0.6669,2021
KSRTC-083,TRIVANDRUM - CITY,Thiruvananthapuram,2021-09,57,55,259929,455170,63700.28182820733,170.71675529959566,51,27,325,6238296,250,200,120,8,0.6467,2021
KSRTC-083,TRIVANDRUM - CITY,Thiruvananthapuram,2021-10,54,51,233697,410760,57271.657885063105,153.48804313196914,51,27,292,5608728,250,200,120,8,0.653,2021
KSRTC-083,TRIVANDRUM - CITY,Thiruvananthapuram,2021-11,56,54,252939,461647,61987.25646366867,166.12584732263207,51,27,316,6070536,250,200,120,8,0.6681,2021
KSRTC-083,TRIVANDRUM - CITY,Thiruvananthapuram,2021-12,56,54,250609,456192,61416.248008822455,164.5955446636442,51,27,313,6014616,250,200,120,8,0.6671,2021
KSRTC-083,TRIVANDRUM - CITY,Thiruvananthapuram,2022-01,56,54,248869,434322,60989.82967773557,163.45274353633135,51,27,311,5972856,250,200,120,8,0.6468,2022
KSRTC-083,TRIVANDRUM - CITY,Thiruvananthapuram,2022-02,55,53,244386,440145,59891.189805170936,160.5083886778581,51,27,306,5865264,250,200,120,8,0.6629,2022
KSRTC-083,TRIVANDRUM - CITY,Thiruvananthapuram,2022-03,57,56,263315,472682,64530.082097782135,172.94062002205612,51,27,329,6319560,250,200,120,8,0.6583,2022
KSRTC-083,TRIVANDRUM - CITY,Thiruvananthapuram,2022-04,58,58,410677,849405,100643.79365273863,269.72536698933953,51,27,513,9856248,250,200,120,8,0.6568,2022
KSRTC-083,TRIVANDRUM - CITY,Thiruvananthapuram,2022-05,55,52,358350,707283,87820.12008332313,235.357921823306,51,27,448,8600400,250,200,120,8,0.6392,2022
KSRTC-083,TRIVANDRUM - CITY,Thiruvananthapuram,2022-06,58,57,404006,775268,99008.94498223257,265.3439725523833,51,27,505,9696144,250,200,120,8,0.6168,2022
KSRTC-083,TRIVANDRUM - CITY,Thiruvananthapuram,2022-07,56,54,375448,740670,92010.29285626762,246.58758485479726,51,27,469,9010752,250,200,120,8,0.6358,2022
KSRTC-083,TRIVANDRUM - CITY,Thiruvananthapuram,2022-08,54,51,350314,718559,85850.7535841196,230.08001960544053,51,27,438,8407536,250,200,120,8,0.662,2022
KSRTC-083,TRIVANDRUM - CITY,Thiruvananthapuram,2022-09,56,55,383950,790821,94093.86104644039,252.17154760446027,51,27,480,9214800,250,200,120,8,0.6583,2022
KSRTC-083,TRIVANDRUM - CITY,Thiruvananthapuram,2022-10,57,57,400601,811954,98174.4884205367,263.10762896703835,51,27,501,9614424,250,200,120,8,0.6468,2022
KSRTC-083,TRIVANDRUM - CITY,Thiruvananthapuram,2022-11,54,51,345984,651370,84789.60911652984,227.2361524323,51,27,433,8303616,250,200,120,8,0.6167,2022
KSRTC-083,TRIVANDRUM - CITY,Thiruvananthapuram,2022-12,57,56,395286,768986,96871.95196667075,259.6168312706776,51,27,494,9486864,250,200,120,8,0.6252,2022
KSRTC-083,TRIVANDRUM - CITY,Thiruvananthapuram,2023-01,56,54,378227,759310,92691.33684597476,248.41278274721236,51,27,473,9077448,250,200,120,8,0.6449,2023
KSRTC-083,TRIVANDRUM - CITY,Thiruvananthapuram,2023-02,56,55,385209,773623,94402.40166646245,252.99843646611936,51,27,482,9245016,250,200,120,8,0.644,2023
KSRTC-083,TRIVANDRUM - CITY,Thiruvananthapuram,2023-03,58,57,401094,784335,98295.306947678,263.43142261977704,51,27,501,9626256,250,200,120,8,0.6272,2023
KSRTC-083,TRIVANDRUM - CITY,Thiruvananthapuram,2023-04,65,42,386405,770985,94695.50300208309,253.7839480455827,51,27,483,9273720,250,200,120,8,0.6866,2023
KSRTC-083,TRIVANDRUM - CITY,Thiruvananthapuram,2023-05,66,43,394559,816206,96693.78752603848,259.1393505697831,51,27,493,9469416,250,200,120,8,0.706,2023
KSRTC-083,TRIVANDRUM - CITY,Thiruvananthapuram,2023-06,66,43,397738,805941,97472.85871829433,261.2272613650288,51,27,497,9545712,250,200,120,8,0.6941,2023
KSRTC-083,TRIVANDRUM - CITY,Thiruvananthapuram,2023-07,67,45,416490,828118,102068.37397377772,273.54324224972436,51,27,521,9995760,250,200,120,8,0.6823,2023
KSRTC-083,TRIVANDRUM - CITY,Thiruvananthapuram,2023-08,68,45,422669,855247,103582.64918514888,277.601499816199,51,27,528,10144056,250,200,120,8,0.6915,2023
KSRTC-083,TRIVANDRUM - CITY,Thiruvananthapuram,2023-09,67,45,417676,859878,102359.02462933464,274.32218600661685,51,27,522,10024224,250,200,120,8,0.7015,2023
KSRTC-083,TRIVANDRUM - CITY,Thiruvananthapuram,2023-10,65,42,381238,789877,93429.23661316016,250.39035412326925,51,27,477,9149712,250,200,120,8,0.7081,2023
KSRTC-083,TRIVANDRUM - CITY,Thiruvananthapuram,2023-11,66,43,394259,848726,96620.26712412696,258.94231589266025,51,27,493,9462216,250,200,120,8,0.729,2023
KSRTC-083,TRIVANDRUM - CITY,Thiruvananthapuram,2023-12,64,41,369883,763657,90646.48940080873,242.9325915941674,51,27,462,8877192,250,200,120,8,0.7073,2023
KSRTC-083,TRIVANDRUM - CITY,Thiruvananthapuram,2024-01,64,42,379960,766786,93116.03970101704,249.55098639872568,51,27,475,9119040,250,200,120,8,0.6935,2024
KSRTC-083,TRIVANDRUM - CITY,Thiruvananthapuram,2024-02,67,44,409699,829317,100404.11714250705,269.0830339419189,51,27,512,9832776,250,200,120,8,0.6926,2024
KSRTC-083,TRIVANDRUM - CITY,Thiruvananthapuram,2024-03,64,41,373611,743489,91560.10292856269,245.381075848548,51,27,467,8966664,250,200,120,8,0.6865,2024
KSRTC-083,TRIVANDRUM - CITY,Thiruvananthapuram,2024-04,47,59,322917,438378,79136.62541355226,212.08615610832007,51,27,404,7750008,250,200,120,8,0.4384,2024
KSRTC-083,TRIVANDRUM - CITY,Thiruvananthapuram,2024-05,47,60,325672,442119,79811.78777110648,213.8955912265654,51,27,407,7816128,250,200,120,8,0.4394,2024
KSRTC-083,TRIVANDRUM - CITY,Thiruvananthapuram,2024-06,46,58,317490,431011,77806.64134297268,208.52179879916682,51,27,397,7619760,250,200,120,8,0.4365,2024
KSRTC-083,TRIVANDRUM - CITY,Thiruvananthapuram,2024-07,48,62,331508,450041,81242.00465629212,217.72857247886287,51,27,414,7956192,250,200,120,8,0.4414,2024
KSRTC-083,TRIVANDRUM - CITY,Thiruvananthapuram,2024-08,48,63,334533,454148,81983.33537556672,219.71533880651882,51,27,418,8028792,250,200,120,8,0.4425,2024
KSRTC-083,TRIVANDRUM - CITY,Thiruvananthapuram,2024-09,49,64,338535,459580,82964.09753706654,222.34378139933833,51,27,423,8124840,250,200,120,8,0.4439,2024
KSRTC-083,TRIVANDRUM - CITY,Thiruvananthapuram,2024-10,49,64,336520,456845,82470.28550422743,221.02036515132951,51,27,421,8076480,250,200,120,8,0.4432,2024
KSRTC-083,TRIVANDRUM - CITY,Thiruvananthapuram,2024-11,48,61,329314,447062,80704.32545031246,216.28759220683742,51,27,412,7903536,250,200,120,8,0.4407,2024
KSRTC-083,TRIVANDRUM - CITY,Thiruvananthapuram,2024-12,47,61,328365,445774,80471.75591226565,215.66430584487196,51,27,410,7880760,250,200,120,8,0.4403,2024
KSRTC-083,TRIVANDRUM - CITY,Thiruvananthapuram,2025-01,48,61,328995,446630,80626.14875627987,216.07807866683007,51,27,411,7895880,250,200,120,8,0.4406,2025
KSRTC-083,TRIVANDRUM - CITY,Thiruvananthapuram,2025-02,46,59,321893,436988,78885.67577502757,211.4136110770739,51,27,402,7725432,250,200,120,8,0.438,2025
KSRTC-083,TRIVANDRUM - CITY,Thiruvananthapuram,2025-03,48,63,333883,453265,81824.04117142508,219.28843033941922,51,27,417,8013192,250,200,120,8,0.4423,2025
KSRTC-083,TRIVANDRUM - CITY,Thiruvananthapuram,2025-04,49,64,337586,458292,82731.52799901973,221.7204950373729,51,27,422,8102064,250,200,120,8,0.4436,2025
KSRTC-083,TRIVANDRUM - CITY,Thiruvananthapuram,2025-05,47,60,326157,442777,79930.6457541968,214.21413062124742,51,27,408,7827768,250,200,120,8,0.4395,2025
KSRTC-083,TRIVANDRUM - CITY,Thiruvananthapuram,2025-06,48,62,332692,451648,81532.1651758363,218.5062026712413,51,27,416,7984608,250,200,120,8,0.4419,2025
KSRTC-083,TRIVANDRUM - CITY,Thiruvananthapuram,2025-07,46,59,320937,435691,78651.39076093616,210.78572723930893,51,27,401,7702488,250,200,120,8,0.4377,2025
KSRTC-083,TRIVANDRUM - CITY,Thiruvananthapuram,2025-08,48,62,330359,448481,80960.42151697096,216.9739296654822,51,27,413,7928616,250,200,120,8,0.441,2025
KSRTC-083,TRIVANDRUM - CITY,Thiruvananthapuram,2025-09,48,62,332270,451075,81428.74647714742,218.22904055875512,51,27,415,7974480,250,200,120,8,0.4417,2025
KSRTC-083,TRIVANDRUM - CITY,Thiruvananthapuram,2025-10,47,60,325956,442504,79881.38708491607,214.0821173875751,51,27,407,7822944,250,200,120,8,0.4395,2025
KSRTC-083,TRIVANDRUM - CITY,Thiruvananthapuram,2025-11,48,62,332027,450746,81369.19495159907,218.0694424702855,51,27,415,7968648,250,200,120,8,0.4416,2025
KSRTC-083,TRIVANDRUM - CITY,Thiruvananthapuram,2025-12,47,60,326012,442579,79895.11089327288,214.11889719397132,51,27,408,7824288,250,200,120,8,0.4395,2025
KSRTC-083,TRIVANDRUM - CITY,Thiruvananthapuram,2026-01,49,64,336292,456535,82414.40999877466,220.8706187967161,51,27,420,8071008,250,200,120,8,0.4431,2026
KSRTC-083,TRIVANDRUM - CITY,Thiruvananthapuram,2026-02,47,61,328559,446038,80519.29910550178,215.79172160274476,51,27,411,7885416,250,200,120,8,0.4404,2026
KSRTC-083,TRIVANDRUM - CITY,Thiruvananthapuram,2026-03,46,59,320778,435475,78612.42494792305,210.68129886043377,51,27,401,7698672,250,200,120,8,0.4376,2026
KSRTC-084,VADAKARA,Kozhikode,2021-04,44,36,219232,224390,53726.749172895485,143.9876877833599,51,27,274,5261568,250,200,120,8,0.4143,2021
KSRTC-084,VADAKARA,Kozhikode,2021-05,44,36,219259,232152,53733.36600906752,144.00542090430096,51,27,274,5262216,250,200,120,8,0.4239,2021
KSRTC-084,VADAKARA,Kozhikode,2021-06,45,36,222735,224934,54585.22239921579,146.2883960298983,51,27,278,5345640,250,200,120,8,0.4095,2021
KSRTC-084,VADAKARA,Kozhikode,2021-07,45,36,222254,223700,54467.344688150966,145.9724837642446,51,27,278,5334096,250,200,120,8,0.4087,2021
KSRTC-084,VADAKARA,Kozhikode,2021-08,46,37,232521,234834,56983.45790956991,152.71566719764735,51,27,291,5580504,250,200,120,8,0.4067,2021
KSRTC-084,VADAKARA,Kozhikode,2021-09,46,38,234621,244823,57498.10072295062,154.09490993750768,51,27,293,5630904,250,200,120,8,0.4153,2021
KSRTC-084,VADAKARA,Kozhikode,2021-10,44,36,217688,220759,53348.364171057474,142.97361597843405,51,27,272,5224512,250,200,120,8,0.4122,2021
KSRTC-084,VADAKARA,Kozhikode,2021-11,45,36,221667,225772,54323.489768410735,145.5869525793408,51,27,277,5320008,250,200,120,8,0.4121,2021
KSRTC-084,VADAKARA,Kozhikode,2021-12,48,40,257084,269504,63003.063350079654,168.8482097782135,51,27,321,6170016,250,200,120,8,0.4111,2021
KSRTC-084,VADAKARA,Kozhikode,2022-01,46,38,239056,242943,58584.97733120941,157.00773924764124,51,27,299,5737344,250,200,120,8,0.4067,2022
KSRTC-084,VADAKARA,Kozhikode,2022-02,44,35,213279,224652,52267.85933096435,140.07786300698447,51,27,267,5118696,250,200,120,8,0.4243,2022
KSRTC-084,VADAKARA,Kozhikode,2022-03,45,37,226343,229675,55469.427766205124,148.65806641342974,51,27,283,5432232,250,200,120,8,0.4097,2022
KSRTC-084,VADAKARA,Kozhikode,2022-04,44,34,313646,368567,76864.5999264796,205.99712780296534,51,27,392,7527504,250,200,120,8,0.3706,2022
KSRTC-084,VADAKARA,Kozhikode,2022-05,43,34,306941,349060,75221.4189437569,201.5934027692685,51,27,384,7366584,250,200,120,8,0.3624,2022
KSRTC-084,VADAKARA,Kozhikode,2022-06,44,35,318318,372570,78009.5576522485,209.06561450802602,51,27,398,7639632,250,200,120,8,0.3679,2022
KSRTC-084,VADAKARA,Kozhikode,2022-07,44,34,314118,373991,76980.27202548708,206.30712902830538,51,27,393,7538832,250,200,120,8,0.3747,2022
KSRTC-084,VADAKARA,Kozhikode,2022-08,45,36,330046,376225,80883.7152309766,216.7683568190173,51,27,413,7921104,250,200,120,8,0.3561,2022
KSRTC-084,VADAKARA,Kozhikode,2022-09,44,35,326846,374126,80099.49761058694,214.666653596373,51,27,409,7844304,250,200,120,8,0.3583,2022
KSRTC-084,VADAKARA,Kozhikode,2022-10,44,35,318904,352181,78153.16750398236,209.45048891067276,51,27,399,7653696,250,200,120,8,0.3496,2022
KSRTC-084,VADAKARA,Kozhikode,2022-11,44,36,328560,375994,80519.54417350815,215.79237838500188,51,27,411,7885440,250,200,120,8,0.3577,2022
KSRTC-084,VADAKARA,Kozhikode,2022-12,44,35,320717,354068,78597.47579953437,210.64123514275212,51,27,401,7697208,250,200,120,8,0.349,2022
KSRTC-084,VADAKARA,Kozhikode,2023-01,43,34,308822,366264,75682.39186374219,202.82881019482906,51,27,386,7411728,250,200,120,8,0.3752,2023
KSRTC-084,VADAKARA,Kozhikode,2023-02,45,36,329366,381169,80717.0689866438,216.3217448842054,51,27,412,7904784,250,200,120,8,0.361,2023
KSRTC-084,VADAKARA,Kozhikode,2023-03,44,34,315491,368643,77316.75039823551,207.20889106727117,51,27,394,7571784,250,200,120,8,0.3683,2023
KSRTC-084,VADAKARA,Kozhikode,2023-04,53,31,354760,409907,86940.32594044849,233.00007352040197,51,27,443,8514240,250,200,120,8,0.4043,2023
KSRTC-084,VADAKARA,Kozhikode,2023-05,51,30,333723,364690,81784.83029040559,219.18334517828697,51,27,417,8009352,250,200,120,8,0.3915,2023
KSRTC-084,VADAKARA,Kozhikode,2023-06,54,33,375220,435315,91954.41735081485,246.43783850018383,51,27,469,9005280,250,200,120,8,0.4019,2023
KSRTC-084,VADAKARA,Kozhikode,2023-07,53,31,352162,403955,86303.63925989463,231.29375321651762,51,27,440,8451888,250,200,120,8,0.4025,2023
KSRTC-084,VADAKARA,Kozhikode,2023-08,51,30,331829,396093,81320.67148633747,217.93939958338441,51,27,415,7963896,250,200,120,8,0.4196,2023
KSRTC-084,VADAKARA,Kozhikode,2023-09,52,30,341105,387696,83593.92231344199,224.03171180002457,51,27,426,8186520,250,200,120,8,0.4019,2023
KSRTC-084,VADAKARA,Kozhikode,2023-10,54,32,372362,415385,91254.01298860434,244.56075480945964,51,27,465,8936688,250,200,120,8,0.3901,2023
KSRTC-084,VADAKARA,Kozhikode,2023-11,53,31,355565,424432,87137.60568557776,233.5287832373484,51,27,444,8533560,250,200,120,8,0.4146,2023
KSRTC-084,VADAKARA,Kozhikode,2023-12,53,32,362492,424532,88835.19176571499,238.07831393211617,51,27,453,8699808,250,200,120,8,0.4071,2023
KSRTC-084,VADAKARA,Kozhikode,2024-01,53,32,359494,409432,88100.47788261242,236.1092807254013,51,27,449,8627856,250,200,120,8,0.3988,2024
KSRTC-084,VADAKARA,Kozhikode,2024-02,53,32,363630,419610,89114.07915696607,238.8257321406691,51,27,455,8727120,250,200,120,8,0.4022,2024
KSRTC-084,VADAKARA,Kozhikode,2024-03,53,31,359340,412269,88062.73740963118,236.0081362578116,51,27,449,8624160,250,200,120,8,0.4012,2024
KSRTC-084,VADAKARA,Kozhikode,2024-04,43,40,297671,404105,72949.6385246906,195.5050312461708,51,27,372,7144104,250,200,120,8,0.4294,2024
KSRTC-084,VADAKARA,Kozhikode,2024-05,42,39,292728,397395,71738.26736919496,192.2585565494425,51,27,366,7025472,250,200,120,8,0.4277,2024
KSRTC-084,VADAKARA,Kozhikode,2024-06,43,40,299650,406792,73434.62810930033,196.8048033329249,51,27,375,7191600,250,200,120,8,0.4301,2024
KSRTC-084,VADAKARA,Kozhikode,2024-07,41,38,286864,389435,70301.18857983091,188.40718539394686,51,27,359,6884736,250,200,120,8,0.4256,2024
KSRTC-084,VADAKARA,Kozhikode,2024-08,44,42,306061,415495,75005.75909814973,201.0154343830413,51,27,383,7345464,250,200,120,8,0.4324,2024
KSRTC-084,VADAKARA,Kozhikode,2024-09,42,38,288706,391935,70752.6038475677,189.61697831148146,51,27,361,6928944,250,200,120,8,0.4263,2024
KSRTC-084,VADAKARA,Kozhikode,2024-10,44,42,306767,416453,75178.77711064821,201.4791226565372,51,27,383,7362408,250,200,120,8,0.4327,2024
KSRTC-084,VADAKARA,Kozhikode,2024-11,42,39,291897,396267,71534.61585590002,191.7127704938121,51,27,365,7005528,250,200,120,8,0.4274,2024
KSRTC-084,VADAKARA,Kozhikode,2024-12,42,38,287882,390816,70550.66781031736,189.07578973165056,51,27,360,6909168,250,200,120,8,0.426,2024
KSRTC-084,VADAKARA,Kozhikode,2025-01,44,42,307210,417055,75287.3422374709,201.77007719642202,51,27,384,7373040,250,200,120,8,0.4328,2025
KSRTC-084,VADAKARA,Kozhikode,2025-02,44,41,304129,412873,74532.28770983948,199.74653106236983,51,27,380,7299096,250,200,120,8,0.4317,2025
KSRTC-084,VADAKARA,Kozhikode,2025-03,44,41,301700,409574,73937.01752236245,198.1512069599314,51,27,377,7240800,250,200,120,8,0.4309,2025
KSRTC-084,VADAKARA,Kozhikode,2025-04,42,38,288692,391916,70749.17289547849,189.60778335988238,51,27,361,6928608,250,200,120,8,0.4263,2025
KSRTC-084,VADAKARA,Kozhikode,2025-05,43,41,300273,407638,73587.30547726994,197.21397867908345,51,27,375,7206552,250,200,120,8,0.4304,2025
KSRTC-084,VADAKARA,Kozhikode,2025-06,42,39,291683,395976,71482.17130253646,191.57221909079774,51,27,365,7000392,250,200,120,8,0.4273,2025
KSRTC-084,VADAKARA,Kozhikode,2025-07,44,42,306732,416406,75170.1997304252,201.45613527753954,51,27,383,7361568,250,200,120,8,0.4327,2025
KSRTC-084,VADAKARA,Kozhikode,2025-08,43,40,295448,401088,72404.85234652617,194.04500428869014,51,27,369,7090752,250,200,120,8,0.4287,2025
KSRTC-084,VADAKARA,Kozhikode,2025-09,42,39,292693,397348,71729.68998897195,192.23556917044482,51,27,366,7024632,250,200,120,8,0.4277,2025
KSRTC-084,VADAKARA,Kozhikode,2025-10,43,40,299803,406999,73472.12351427521,196.9052910182576,51,27,375,7195272,250,200,120,8,0.4302,2025
KSRTC-084,VADAKARA,Kozhikode,2025-11,43,40,299547,406652,73409.38610464404,196.73715476044606,51,27,374,7189128,250,200,120,8,0.4301,2025
KSRTC-084,VADAKARA,Kozhikode,2025-12,41,38,286712,389228,70263.9382428624,188.30735449087123,51,27,358,6881088,250,200,120,8,0.4256,2025
KSRTC-084,VADAKARA,Kozhikode,2026-01,44,42,305805,415147,74943.02168851857,200.84729812522977,51,27,382,7339320,250,200,120,8,0.4323,2026
KSRTC-084,VADAKARA,Kozhikode,2026-02,43,40,298467,405185,73144.71265776253,196.0278299228036,51,27,373,7163208,250,200,120,8,0.4297,2026
KSRTC-084,VADAKARA,Kozhikode,2026-03,44,42,305424,414630,74849.65077809093,200.5970640852837,51,27,382,7330176,250,200,120,8,0.4322,2026
KSRTC-085,VADAKKANCHERY,Palakkad,2021-04,49,36,220168,196089,53956.13282685946,144.60243597598335,51,27,275,5284032,250,200,120,8,0.4026,2021
KSRTC-085,VADAKKANCHERY,Palakkad,2021-05,50,37,227076,208921,55649.06261487563,149.1394878078667,51,27,284,5449824,250,200,120,8,0.409,2021
KSRTC-085,VADAKKANCHERY,Palakkad,2021-06,50,37,226251,212818,55446.88150961892,148.59764244577872,51,27,283,5430024,250,200,120,8,0.4149,2021
KSRTC-085,VADAKKANCHERY,Palakkad,2021-07,48,35,207350,183550,50814.85112118613,136.18380100477884,51,27,259,4976400,250,200,120,8,0.4043,2021
KSRTC-085,VADAKKANCHERY,Palakkad,2021-08,48,35,208406,191824,51073.64293591472,136.87736306825147,51,27,261,5001744,250,200,120,8,0.4137,2021
KSRTC-085,VADAKKANCHERY,Palakkad,2021-09,50,38,230307,210842,56440.87734346282,151.26155128048035,51,27,288,5527368,250,200,120,8,0.4071,2021
KSRTC-085,VADAKKANCHERY,Palakkad,2021-10,50,38,231340,212396,56694.03259404485,151.9400073520402,51,27,289,5552160,250,200,120,8,0.4076,2021
KSRTC-085,VADAKKANCHERY,Palakkad,2021-11,50,38,233044,214548,57111.62847690234,153.05916431809828,51,27,291,5593056,250,200,120,8,0.4079,2021
KSRTC-085,VADAKKANCHERY,Palakkad,2021-12,51,38,234761,218908,57532.41024384267,154.18685945349836,51,27,293,5634264,250,200,120,8,0.4108,2021
KSRTC-085,VADAKKANCHERY,Palakkad,2022-01,50,37,224799,199570,55091.042764367114,147.64399460850387,51,27,281,5395176,250,200,120,8,0.4007,2022
KSRTC-085,VADAKKANCHERY,Palakkad,2022-02,49,36,215021,187854,52694.767798063964,141.22197769881143,51,27,269,5160504,250,200,120,8,0.3991,2022
KSRTC-085,VADAKKANCHERY,Palakkad,2022-03,46,33,191487,176681,46927.33733611077,125.76526406077689,51,27,239,4595688,250,200,120,8,0.4191,2022
KSRTC-085,VADAKKANCHERY,Palakkad,2022-04,48,42,423001,405689,103664.01176326431,277.8195515255484,51,27,529,10152024,250,200,120,8,0.2607,2022
KSRTC-085,VADAKKANCHERY,Palakkad,2022-05,47,42,417071,397342,102210.75848547973,273.92483274108565,51,27,521,10009704,250,200,120,8,0.2605,2022
KSRTC-085,VADAKKANCHERY,Palakkad,2022-06,48,43,436431,401951,106955.27508883715,286.6401372380836,51,27,546,10474344,250,200,120,8,0.247,2022
KSRTC-085,VADAKKANCHERY,Palakkad,2022-07,47,41,405330,374938,99333.41502266879,266.21355226075235,51,27,507,9727920,250,200,120,8,0.256,2022
KSRTC-085,VADAKKANCHERY,Palakkad,2022-08,48,43,425514,406933,104279.86766327657,279.47004533758127,51,27,532,10212336,250,200,120,8,0.2593,2022
KSRTC-085,VADAKKANCHERY,Palakkad,2022-09,46,40,385475,355231,94467.58975615734,253.17314054650168,51,27,482,9251400,250,200,120,8,0.2608,2022
KSRTC-085,VADAKKANCHERY,Palakkad,2022-10,47,42,416889,383887,102166.15610832006,273.80529837029775,51,27,521,10005336,250,200,120,8,0.2518,2022
KSRTC-085,VADAKKANCHERY,Palakkad,2022-11,47,42,416902,375731,102169.3419924029,273.8138365396398,51,27,521,10005648,250,200,120,8,0.2464,2022
KSRTC-085,VADAKKANCHERY,Palakkad,2022-12,48,43,434435,420848,106466.11934811911,285.3291998529593,51,27,543,10426440,250,200,120,8,0.2606,2022
KSRTC-085,VADAKKANCHERY,Palakkad,2023-01,47,41,404583,390176,99150.34922190908,265.72293591471634,51,27,506,9709992,250,200,120,8,0.267,2023
KSRTC-085,VADAKKANCHERY,Palakkad,2023-02,48,44,440438,410124,107937.26259036883,289.2718637421885,51,27,551,10570512,250,200,120,8,0.2489,2023
KSRTC-085,VADAKKANCHERY,Palakkad,2023-03,48,43,428415,403427,104990.80994976107,281.37537066535964,51,27,536,10281960,250,200,120,8,0.2546,2023
KSRTC-085,VADAKKANCHERY,Palakkad,2023-04,46,39,462323,431209,113300.57590981499,303.6455434383042,51,27,578,11095752,250,200,120,8,0.2066,2023
KSRTC-085,VADAKKANCHERY,Palakkad,2023-05,47,40,475088,442158,116428.8690111506,312.02936894988363,51,27,594,11402112,250,200,120,8,0.2026,2023
KSRTC-085,VADAKKANCHERY,Palakkad,2023-06,46,40,470756,450953,115367.2344075481,309.18418821222895,51,27,588,11298144,250,200,120,8,0.2112,2023
KSRTC-085,VADAKKANCHERY,Palakkad,2023-07,46,39,455694,412012,111676.02009557653,299.29173385614513,51,27,570,10936656,250,200,120,8,0.2007,2023
KSRTC-085,VADAKKANCHERY,Palakkad,2023-08,44,37,426673,400132,104563.90148266144,280.23125597353265,51,27,533,10240152,250,200,120,8,0.2187,2023
KSRTC-085,VADAKKANCHERY,Palakkad,2023-09,46,39,457493,433358,112116.89743903934,300.47328513662546,51,27,572,10979832,250,200,120,8,0.2119,2023
KSRTC-085,VADAKKANCHERY,Palakkad,2023-10,47,40,475961,439273,116642.81338071315,312.60273986031126,51,27,595,11423064,250,200,120,8,0.2002,2023
KSRTC-085,VADAKKANCHERY,Palakkad,2023-11,47,40,475035,436629,116415.8804068129,311.99455949025855,51,27,594,11400840,250,200,120,8,0.1995,2023
KSRTC-085,VADAKKANCHERY,Palakkad,2023-12,46,38,453508,399512,111140.30143364784,297.85600784217627,51,27,567,10884192,250,200,120,8,0.1949,2023
KSRTC-085,VADAKKANCHERY,Palakkad,2024-01,47,41,487738,465499,119528.97929175347,320.3376645018993,51,27,610,11705712,250,200,120,8,0.2059,2024
KSRTC-085,VADAKKANCHERY,Palakkad,2024-02,45,38,449239,412930,110094.10611444677,295.05220438671734,51,27,562,10781736,250,200,120,8,0.2066,2024
KSRTC-085,VADAKKANCHERY,Palakkad,2024-03,49,43,519688,485531,127358.90209533146,341.32185761548834,51,27,650,12472512,250,200,120,8,0.193,2024
KSRTC-085,VADAKKANCHERY,Palakkad,2024-04,47,40,321990,437119,78909.44737164564,211.47731895601032,51,27,403,7727760,250,200,120,8,0.4381,2024
KSRTC-085,VADAKKANCHERY,Palakkad,2024-05,46,40,319297,433463,78249.47923048647,209.70860433770375,51,27,399,7663128,250,200,120,8,0.4371,2024
KSRTC-085,VADAKKANCHERY,Palakkad,2024-06,48,42,331266,449712,81182.69819875016,217.56963117265047,51,27,414,7950384,250,200,120,8,0.4414,2024
KSRTC-085,VADAKKANCHERY,Palakkad,2024-07,48,43,334104,453565,81878.20120083324,219.4335792182331,51,27,418,8018496,250,200,120,8,0.4424,2024
KSRTC-085,VADAKKANCHERY,Palakkad,2024-08,48,42,328836,446414,80587.18294326676,215.9736502879549,51,27,411,7892064,250,200,120,8,0.4405,2024
KSRTC-085,VADAKKANCHERY,Palakkad,2024-09,49,44,339421,460783,83181.22779071193,222.925690479108,51,27,424,8146104,250,200,120,8,0.4442,2024
KSRTC-085,VADAKKANCHERY,Palakkad,2024-10,47,41,326648,443444,80050.97414532534,214.53661070947192,51,27,408,7839552,250,200,120,8,0.4397,2024
KSRTC-085,VADAKKANCHERY,Palakkad,2024-11,48,42,329438,447231,80734.71388310257,216.3690332067149,51,27,412,7906512,250,200,120,8,0.4407,2024
KSRTC-085,VADAKKANCHERY,Palakkad,2024-12,46,40,320716,435390,78597.230731528,210.64057836049508,51,27,401,7697184,250,200,120,8,0.4376,2024
KSRTC-085,VADAKKANCHERY,Palakkad,2025-01,47,41,324426,440427,79506.43303516727,213.0772405342483,51,27,406,7786224,250,200,120,8,0.4389,2025
KSRTC-085,VADAKKANCHERY,Palakkad,2025-02,48,42,329279,447015,80695.74807008945,216.26460482783975,51,27,412,7902696,250,200,120,8,0.4407,2025
KSRTC-085,VADAKKANCHERY,Palakkad,2025-03,47,42,328518,445981,80509.25131724055,215.76479353020468,51,27,411,7884432,250,200,120,8,0.4404,2025
KSRTC-085,VADAKKANCHERY,Palakkad,2025-04,47,42,328656,446169,80543.07070211985,215.8554294816812,51,27,411,7887744,250,200,120,8,0.4404,2025
KSRTC-085,VADAKKANCHERY,Palakkad,2025-05,47,41,324828,440972,79604.95037372872,213.34126700159297,51,27,406,7795872,250,200,120,8,0.4391,2025
KSRTC-085,VADAKKANCHERY,Palakkad,2025-06,48,43,333813,453171,81806.88641097904,219.24245558142385,51,27,417,8011512,250,200,120,8,0.4423,2025
KSRTC-085,VADAKKANCHERY,Palakkad,2025-07,47,41,324502,440531,79525.05820365151,213.12715598578606,51,27,406,7788048,250,200,120,8,0.439,2025
KSRTC-085,VADAKKANCHERY,Palakkad,2025-08,48,42,330691,448932,81041.78409508639,217.19198137483156,51,27,413,7936584,250,200,120,8,0.4412,2025
KSRTC-085,VADAKKANCHERY,Palakkad,2025-09,48,42,331903,450577,81338.80651880897,217.98800147040805,51,27,415,7965672,250,200,120,8,0.4416,2025
KSRTC-085,VADAKKANCHERY,Palakkad,2025-10,46,40,320903,435644,78643.05844871953,210.76339664256835,51,27,401,7701672,250,200,120,8,0.4377,2025
KSRTC-085,VADAKKANCHERY,Palakkad,2025-11,48,43,334180,453669,81896.8263693175,219.48349466977092,51,27,418,8020320,250,200,120,8,0.4424,2025
KSRTC-085,VADAKKANCHERY,Palakkad,2025-12,47,41,326759,443594,80078.1766940326,214.6095135400074,51,27,408,7842216,250,200,120,8,0.4398,2025
KSRTC-085,VADAKKANCHERY,Palakkad,2026-01,48,43,334506,454110,81976.71853939469,219.69760568557777,51,27,418,8028144,250,200,120,8,0.4425,2026
KSRTC-085,VADAKKANCHERY,Palakkad,2026-02,46,39,316991,430334,77684.35240779317,208.1940644528857,51,27,396,7607784,250,200,120,8,0.4363,2026
KSRTC-085,VADAKKANCHERY,Palakkad,2026-03,47,41,326192,442824,79939.22313441981,214.2371180002451,51,27,408,7828608,250,200,120,8,0.4396,2026
KSRTC-086,VAIKKOM,Kottayam,2021-04,53,41,313817,317030,76906.50655556917,206.1094375689254,51,27,392,7531608,250,200,120,8,0.3936,2021
KSRTC-086,VAIKKOM,Kottayam,2021-05,58,48,383662,392256,94023.28146060533,251.9823943144223,51,27,480,9207888,250,200,120,8,0.3849,2021
KSRTC-086,VAIKKOM,Kottayam,2021-06,56,45,356351,367096,87330.22913858596,234.0450140914104,51,27,445,8552424,250,200,120,8,0.391,2021
KSRTC-086,VAIKKOM,Kottayam,2021-07,57,46,362106,366078,88740.59551525548,237.8247959808847,51,27,453,8690544,250,200,120,8,0.3848,2021
KSRTC-086,VAIKKOM,Kottayam,2021-08,56,45,358732,358159,87913.73606175714,235.60881264550915,51,27,448,8609568,250,200,120,8,0.3819,2021
KSRTC-086,VAIKKOM,Kottayam,2021-09,58,47,379766,383570,93068.49650778092,249.4235706408529,51,27,475,9114384,250,200,120,8,0.382,2021
KSRTC-086,VAIKKOM,Kottayam,2021-10,57,45,361390,365147,88565.1268226933,237.35453988481808,51,27,452,8673360,250,200,120,8,0.3847,2021
KSRTC-086,VAIKKOM,Kottayam,2021-11,57,46,365342,383515,89533.63558387454,239.95014336478377,51,27,457,8768208,250,200,120,8,0.3949,2021
KSRTC-086,VAIKKOM,Kottayam,2021-12,55,43,337476,337228,82704.57051831884,221.64824898909453,51,27,422,8099424,250,200,120,8,0.3858,2021
KSRTC-086,VAIKKOM,Kottayam,2022-01,57,46,366515,385096,89821.10035534861,240.72054895233427,51,27,458,8796360,250,200,120,8,0.395,2022
KSRTC-086,VAIKKOM,Kottayam,2022-02,55,44,342889,354413,84031.12363680922,225.20341134664872,51,27,429,8229336,250,200,120,8,0.3942,2022
KSRTC-086,VAIKKOM,Kottayam,2022-03,56,45,358595,372882,87880.16174488422,235.5188334762897,51,27,448,8606280,250,200,120,8,0.3933,2022
KSRTC-086,VAIKKOM,Kottayam,2022-04,59,54,522757,561538,128111.01580688641,343.3375223624556,51,27,653,12546168,250,200,120,8,0.3325,2022
KSRTC-086,VAIKKOM,Kottayam,2022-05,60,54,529098,535415,129664.9920352898,347.5021786545767,51,27,661,12698352,250,200,120,8,0.3147,2022
KSRTC-086,VAIKKOM,Kottayam,2022-06,58,52,499535,532990,122420.04656292121,328.08572478862885,51,27,624,11988840,250,200,120,8,0.3335,2022
KSRTC-086,VAIKKOM,Kottayam,2022-07,57,50,473852,466493,116125.96495527509,311.21758608013727,51,27,592,11372448,250,200,120,8,0.3149,2022
KSRTC-086,VAIKKOM,Kottayam,2022-08,57,50,475994,510361,116650.90062492342,312.62441367479477,51,27,595,11423856,250,200,120,8,0.3386,2022
KSRTC-086,VAIKKOM,Kottayam,2022-09,59,54,524821,552704,128616.83617203774,344.6931209410612,51,27,656,12595704,250,200,120,8,0.3264,2022
KSRTC-086,VAIKKOM,Kottayam,2022-10,59,53,511847,542136,125437.32385737043,336.1720279377528,51,27,640,12284328,250,200,120,8,0.3297,2022
KSRTC-086,VAIKKOM,Kottayam,2022-11,56,48,451077,478657,110544.54111015807,296.25937017522364,51,27,564,10825848,250,200,120,8,0.3399,2022
KSRTC-086,VAIKKOM,Kottayam,2022-12,58,52,498194,527196,122091.41036637667,327.2049797818895,51,27,623,11956656,250,200,120,8,0.3313,2022
KSRTC-086,VAIKKOM,Kottayam,2023-01,58,51,487519,527245,119475.30939835805,320.1938291875996,51,27,609,11700456,250,200,120,8,0.3393,2023
KSRTC-086,VAIKKOM,Kottayam,2023-02,57,51,485802,504905,119054.52763141772,319.06613405219946,51,27,607,11659248,250,200,120,8,0.328,2023
KSRTC-086,VAIKKOM,Kottayam,2023-03,58,51,492259,500146,120636.93174856024,323.3069770861415,51,27,615,11814216,250,200,120,8,0.3206,2023
KSRTC-086,VAIKKOM,Kottayam,2023-04,63,54,566914,591408,138932.4837642446,372.3390564881755,51,27,709,13605936,250,200,120,8,0.3277,2023
KSRTC-086,VAIKKOM,Kottayam,2023-05,61,51,530904,550590,130107.58485479721,348.6883274108566,51,27,664,12741696,250,200,120,8,0.3301,2023
KSRTC-086,VAIKKOM,Kottayam,2023-06,62,52,543835,569640,133276.55924519055,357.1811787771107,51,27,680,13052040,250,200,120,8,0.3314,2023
KSRTC-086,VAIKKOM,Kottayam,2023-07,61,51,533579,591165,130763.14177184169,350.4452199485358,51,27,667,12805896,250,200,120,8,0.3492,2023
KSRTC-086,VAIKKOM,Kottayam,2023-08,62,53,551622,579953,135184.9038108075,362.29554221296416,51,27,690,13238928,250,200,120,8,0.3315,2023
KSRTC-086,VAIKKOM,Kottayam,2023-09,62,53,555818,595531,136213.20916554343,365.0514005636564,51,27,695,13339632,250,200,120,8,0.3366,2023
KSRTC-086,VAIKKOM,Kottayam,2023-10,62,52,547538,575131,134184.04607278522,359.6132434750644,51,27,684,13140912,250,200,120,8,0.3317,2023
KSRTC-086,VAIKKOM,Kottayam,2023-11,64,55,590241,648607,144649.1851488788,387.6598161989952,51,27,738,14165784,250,200,120,8,0.3408,2023
KSRTC-086,VAIKKOM,Kottayam,2023-12,61,52,537863,577158,131813.01311113834,353.25887513785074,51,27,672,12908712,250,200,120,8,0.3391,2023
KSRTC-086,VAIKKOM,Kottayam,2024-01,60,49,508020,545619,124499.44859698568,333.65852223992164,51,27,635,12192480,250,200,120,8,0.3434,2024
KSRTC-086,VAIKKOM,Kottayam,2024-02,62,53,561380,615218,137576.2774169832,368.70442347751504,51,27,702,13473120,250,200,120,8,0.3427,2024
KSRTC-086,VAIKKOM,Kottayam,2024-03,63,54,570711,611570,139863.0069844382,374.83285871829435,51,27,713,13697064,250,200,120,8,0.3351,2024
KSRTC-086,VAIKKOM,Kottayam,2024-04,60,53,418033,567504,102446.51390760936,274.5566572723931,51,27,523,10032792,250,200,120,8,0.4721,2024
KSRTC-086,VAIKKOM,Kottayam,2024-05,59,52,409463,555870,100346.28109300332,268.9280333292489,51,27,512,9827112,250,200,120,8,0.4691,2024
KSRTC-086,VAIKKOM,Kottayam,2024-06,60,52,412198,559582,101016.5420904301,270.72433280235265,51,27,515,9892752,250,200,120,8,0.4701,2024
KSRTC-086,VAIKKOM,Kottayam,2024-07,60,53,416649,565624,102107.33978679084,273.6476706285995,51,27,521,9999576,250,200,120,8,0.4716,2024
KSRTC-086,VAIKKOM,Kottayam,2024-08,60,53,414981,563360,101698.56635216273,272.55215782379616,51,27,519,9959544,250,200,120,8,0.471,2024
KSRTC-086,VAIKKOM,Kottayam,2024-09,60,53,415721,564365,101879.91667687784,273.03817669403264,51,27,520,9977304,250,200,120,8,0.4713,2024
KSRTC-086,VAIKKOM,Kottayam,2024-10,58,51,404071,548549,99024.87440264675,265.3866633990933,51,27,505,9697704,250,200,120,8,0.4672,2024
KSRTC-086,VAIKKOM,Kottayam,2024-11,58,50,402755,546763,98702.36490626149,264.5223379487808,51,27,503,9666120,250,200,120,8,0.4667,2024
KSRTC-086,VAIKKOM,Kottayam,2024-12,61,54,420872,571357,103142.26197769881,276.4212621002328,51,27,526,10100928,250,200,120,8,0.4731,2024
KSRTC-086,VAIKKOM,Kottayam,2025-01,59,51,406563,551932,99635.58387452518,267.0233647837275,51,27,508,9757512,250,200,120,8,0.4681,2025
KSRTC-086,VAIKKOM,Kottayam,2025-02,63,57,434038,589232,106368.82734958951,285.0684572968999,51,27,543,10416912,250,200,120,8,0.4778,2025
KSRTC-086,VAIKKOM,Kottayam,2025-03,62,56,428895,582249,105108.44259281951,281.6906261487563,51,27,536,10293480,250,200,120,8,0.476,2025
KSRTC-086,VAIKKOM,Kottayam,2025-04,59,52,409913,556480,100456.56169587061,269.22358534493327,51,27,512,9837912,250,200,120,8,0.4692,2025
KSRTC-086,VAIKKOM,Kottayam,2025-05,62,56,429857,583555,105344.19801494916,282.32245068006375,51,27,537,10316568,250,200,120,8,0.4763,2025
KSRTC-086,VAIKKOM,Kottayam,2025-06,61,54,419314,569243,102760.4460237716,275.3979953437079,51,27,524,10063536,250,200,120,8,0.4726,2025
KSRTC-086,VAIKKOM,Kottayam,2025-07,58,51,404638,549319,99163.82796225953,265.75905893885556,51,27,506,9711312,250,200,120,8,0.4674,2025
KSRTC-086,VAIKKOM,Kottayam,2025-08,59,52,410571,557373,100617.81644406324,269.6557480700895,51,27,513,9853704,250,200,120,8,0.4695,2025
KSRTC-086,VAIKKOM,Kottayam,2025-09,61,54,419148,569017,102719.76473471388,275.2889694890332,51,27,524,10059552,250,200,120,8,0.4725,2025
KSRTC-086,VAIKKOM,Kottayam,2025-10,60,53,415970,564703,101940.9386104644,273.2017154760446,51,27,520,9983280,250,200,120,8,0.4714,2025
KSRTC-086,VAIKKOM,Kottayam,2025-11,60,54,418213,567748,102490.62614875629,274.6748780786669,51,27,523,10037112,250,200,120,8,0.4722,2025
KSRTC-086,VAIKKOM,Kottayam,2025-12,58,49,398387,540833,97631.9078544296,261.6535130498714,51,27,498,9561288,250,200,120,8,0.4652,2025
KSRTC-086,VAIKKOM,Kottayam,2026-01,61,54,420546,570915,103062.36980762162,276.20715108442596,51,27,526,10093104,250,200,120,8,0.473,2026
KSRTC-086,VAIKKOM,Kottayam,2026-02,60,53,416026,564779,101954.66241882123,273.2384952824409,51,27,520,9984624,250,200,120,8,0.4714,2026
KSRTC-086,VAIKKOM,Kottayam,2026-03,61,54,421668,572438,103337.33611077075,276.9440607768656,51,27,527,10120032,250,200,120,8,0.4734,2026
KSRTC-087,VELLANAD,Thiruvananthapuram,2021-04,54,52,237741,435597,58262.712902830535,156.14407057958584,51,27,297,5705784,250,200,120,8,0.6727,2021
KSRTC-087,VELLANAD,Thiruvananthapuram,2021-05,58,58,276029,477030,67645.87673079279,181.2909496385247,51,27,345,6624696,250,200,120,8,0.6383,2021
KSRTC-087,VELLANAD,Thiruvananthapuram,2021-06,55,53,242447,437317,59416.00294081608,159.2348878813871,51,27,303,5818728,250,200,120,8,0.664,2021
KSRTC-087,VELLANAD,Thiruvananthapuram,2021-07,56,55,254921,477926,62472.98125229752,167.42758975615737,51,27,319,6118104,250,200,120,8,0.6814,2021
KSRTC-087,VELLANAD,Thiruvananthapuram,2021-08,56,54,250056,454460,61280.72540129886,164.23234407548097,51,27,313,6001344,250,200,120,8,0.6664,2021
KSRTC-087,VELLANAD,Thiruvananthapuram,2021-09,56,54,250078,447917,61286.116897439046,164.24679328513668,51,27,313,6001872,250,200,120,8,0.6592,2021
KSRTC-087,VELLANAD,Thiruvananthapuram,2021-10,55,53,246484,463078,60405.34248253891,161.8863178532043,51,27,308,5915616,250,200,120,8,0.6838,2021
KSRTC-087,VELLANAD,Thiruvananthapuram,2021-11,55,52,242195,440572,59354.2458032104,159.06937875260385,51,27,303,5812680,250,200,120,8,0.6682,2021
KSRTC-087,VELLANAD,Thiruvananthapuram,2021-12,56,55,257072,428417,63000.12253400319,168.84032839112857,51,27,321,6169728,250,200,120,8,0.624,2021
KSRTC-087,VELLANAD,Thiruvananthapuram,2022-01,55,52,239063,432050,58586.69280725402,157.01233672344077,51,27,299,5737512,250,200,120,8,0.6656,2022
KSRTC-087,VELLANAD,Thiruvananthapuram,2022-02,55,53,248282,450729,60845.97475799535,163.06721235142754,51,27,310,5958768,250,200,120,8,0.6662,2022
KSRTC-087,VELLANAD,Thiruvananthapuram,2022-03,57,57,267916,491657,65657.63999509864,175.96247518686434,51,27,335,6429984,250,200,120,8,0.6686,2022
KSRTC-087,VELLANAD,Thiruvananthapuram,2022-04,56,55,378879,738019,92851.12118612915,248.84100477882615,51,27,474,9093096,250,200,120,8,0.6285,2022
KSRTC-087,VELLANAD,Thiruvananthapuram,2022-05,57,56,389312,796781,95407.9156966058,255.69321406690358,51,27,487,9343488,250,200,120,8,0.6539,2022
KSRTC-087,VELLANAD,Thiruvananthapuram,2022-06,57,56,397275,785527,97359.3922313442,260.9231711800025,51,27,497,9534600,250,200,120,8,0.6337,2022
KSRTC-087,VELLANAD,Thiruvananthapuram,2022-07,57,56,390199,755575,95625.29101825757,256.2757799289303,51,27,488,9364776,250,200,120,8,0.6235,2022
KSRTC-087,VELLANAD,Thiruvananthapuram,2022-08,57,55,386231,770623,94652.8611689744,253.6696679328514,51,27,483,9269544,250,200,120,8,0.6403,2022
KSRTC-087,VELLANAD,Thiruvananthapuram,2022-09,55,53,366040,736972,89704.69305232202,240.40857738022302,51,27,458,8784960,250,200,120,8,0.6486,2022
KSRTC-087,VELLANAD,Thiruvananthapuram,2022-10,56,55,383913,803129,94084.79353020464,252.14724666094844,51,27,480,9213912,250,200,120,8,0.6671,2022
KSRTC-087,VELLANAD,Thiruvananthapuram,2022-11,57,56,396532,773059,97177.30670260997,260.43518196299476,51,27,496,9516768,250,200,120,8,0.6262,2022
KSRTC-087,VELLANAD,Thiruvananthapuram,2022-12,56,54,376821,712662,92346.77122901606,247.48934689376304,51,27,471,9043704,250,200,120,8,0.6133,2022
KSRTC-087,VELLANAD,Thiruvananthapuram,2023-01,58,57,403955,820344,98996.44651390762,265.31047665727243,51,27,505,9694920,250,200,120,8,0.6474,2023
KSRTC-087,VELLANAD,Thiruvananthapuram,2023-02,55,52,359362,719708,88068.12890577136,236.02258546746725,51,27,449,8624688,250,200,120,8,0.6469,2023
KSRTC-087,VELLANAD,Thiruvananthapuram,2023-03,55,53,360631,745690,88379.12020585714,236.85604215169712,51,27,451,8655144,250,200,120,8,0.6645,2023
KSRTC-087,VELLANAD,Thiruvananthapuram,2023-04,65,42,384738,784101,94286.97463546135,252.6890920230364,51,27,481,9233712,250,200,120,8,0.6985,2023
KSRTC-087,VELLANAD,Thiruvananthapuram,2023-05,66,44,407544,820313,99875.99558877588,267.6676681779194,51,27,509,9781056,250,200,120,8,0.6896,2023
KSRTC-087,VELLANAD,Thiruvananthapuram,2023-06,67,45,413070,855128,101230.24139198629,271.29704693052327,51,27,516,9913680,250,200,120,8,0.7049,2023
KSRTC-087,VELLANAD,Thiruvananthapuram,2023-07,65,43,393478,816549,96428.8690111506,258.4293689498836,51,27,492,9443472,250,200,120,8,0.7079,2023
KSRTC-087,VELLANAD,Thiruvananthapuram,2023-08,66,44,403482,832561,98880.52934689377,264.9998186496754,51,27,504,9683568,250,200,120,8,0.7038,2023
KSRTC-087,VELLANAD,Thiruvananthapuram,2023-09,65,43,390120,774118,95605.9306457542,256.22389413062126,51,27,488,9362880,250,200,120,8,0.6833,2023
KSRTC-087,VELLANAD,Thiruvananthapuram,2023-10,66,43,395690,784521,96970.95944124495,259.88217130253645,51,27,495,9496560,250,200,120,8,0.6823,2023
KSRTC-087,VELLANAD,Thiruvananthapuram,2023-11,63,41,364792,727312,89398.84818037006,239.58891312339176,51,27,456,8755008,250,200,120,8,0.6885,2023
KSRTC-087,VELLANAD,Thiruvananthapuram,2023-12,67,44,411347,852007,100807.98921700772,270.16541110158073,51,27,514,9872328,250,200,120,8,0.7054,2023
KSRTC-087,VELLANAD,Thiruvananthapuram,2024-01,67,44,408940,812145,100218.11052567088,268.584536208798,51,27,511,9814560,250,200,120,8,0.6822,2024
KSRTC-087,VELLANAD,Thiruvananthapuram,2024-02,65,42,381033,791694,93378.99767185394,250.2557137605686,51,27,476,9144792,250,200,120,8,0.7097,2024
KSRTC-087,VELLANAD,Thiruvananthapuram,2024-03,65,43,389951,774442,95564.51415267737,256.11289792917535,51,27,487,9358824,250,200,120,8,0.6837,2024
KSRTC-087,VELLANAD,Thiruvananthapuram,2024-04,47,61,328282,445662,80451.4152677368,215.60979291753463,51,27,410,7878768,250,200,120,8,0.4403,2024
KSRTC-087,VELLANAD,Thiruvananthapuram,2024-05,46,57,316895,430202,77660.82587918147,208.13101335620635,51,27,396,7605480,250,200,120,8,0.4363,2024
KSRTC-087,VELLANAD,Thiruvananthapuram,2024-06,49,64,337918,458743,82812.89057713516,221.9385467467222,51,27,422,8110032,250,200,120,8,0.4437,2024
KSRTC-087,VELLANAD,Thiruvananthapuram,2024-07,48,63,334693,454364,82022.54625658621,219.82042396765107,51,27,418,8032632,250,200,120,8,0.4426,2024
KSRTC-087,VELLANAD,Thiruvananthapuram,2024-08,47,60,326109,442711,79918.88248989095,214.18260507290776,51,27,408,7826616,250,200,120,8,0.4395,2024
KSRTC-087,VELLANAD,Thiruvananthapuram,2024-09,48,62,330864,449167,81084.1808601887,217.30560470530574,51,27,414,7940736,250,200,120,8,0.4412,2024
KSRTC-087,VELLANAD,Thiruvananthapuram,2024-10,47,61,328054,445352,80395.53976228404,215.46004656292124,51,27,410,7873296,250,200,120,8,0.4402,2024
KSRTC-087,VELLANAD,Thiruvananthapuram,2024-11,48,63,333862,453236,81818.89474329127,219.2746379120206,51,27,417,8012688,250,200,120,8,0.4423,2024
KSRTC-087,VELLANAD,Thiruvananthapuram,2024-12,48,61,329238,446959,80685.7002818282,216.23767675529962,51,27,412,7901712,250,200,120,8,0.4406,2024
KSRTC-087,VELLANAD,Thiruvananthapuram,2025-01,49,63,336195,456403,82390.6384021566,220.80691091777973,51,27,420,8068680,250,200,120,8,0.4431,2025
KSRTC-087,VELLANAD,Thiruvananthapuram,2025-02,48,62,330165,448218,80912.87832373484,216.8465139076094,51,27,413,7923960,250,200,120,8,0.441,2025
KSRTC-087,VELLANAD,Thiruvananthapuram,2025-03,46,58,317338,430804,77769.39100600417,208.42196789609116,51,27,397,7616112,250,200,120,8,0.4364,2025
KSRTC-087,VELLANAD,Thiruvananthapuram,2025-04,49,64,336596,456948,82488.91067271169,221.07028060286734,51,27,421,8078304,250,200,120,8,0.4432,2025
KSRTC-087,VELLANAD,Thiruvananthapuram,2025-05,48,62,331584,450144,81260.62982477638,217.7784879304007,51,27,415,7958016,250,200,120,8,0.4415,2025
KSRTC-087,VELLANAD,Thiruvananthapuram,2025-06,48,62,331868,450530,81330.22913858596,217.96501409141038,51,27,415,7964832,250,200,120,8,0.4416,2025
KSRTC-087,VELLANAD,Thiruvananthapuram,2025-07,48,61,328926,446536,80609.23906384021,216.0327606910918,51,27,411,7894224,250,200,120,8,0.4405,2025
KSRTC-087,VELLANAD,Thiruvananthapuram,2025-08,46,58,318570,432477,78071.3147898542,209.23112363680926,51,27,398,7645680,250,200,120,8,0.4369,2025
KSRTC-087,VELLANAD,Thiruvananthapuram,2025-09,48,62,330082,448105,80892.53767920598,216.79200098027204,51,27,413,7921968,250,200,120,8,0.4409,2025
KSRTC-087,VELLANAD,Thiruvananthapuram,2025-10,46,59,320356,434901,78509.00624923417,210.40413674794758,51,27,400,7688544,250,200,120,8,0.4375,2025
KSRTC-087,VELLANAD,Thiruvananthapuram,2025-11,48,62,331612,450182,81267.49172895479,217.79687783359884,51,27,415,7958688,250,200,120,8,0.4415,2025
KSRTC-087,VELLANAD,Thiruvananthapuram,2025-12,47,61,327465,444553,80251.19470653107,215.0732018135033,51,27,409,7859160,250,200,120,8,0.44,2025
KSRTC-087,VELLANAD,Thiruvananthapuram,2026-01,48,62,330234,448312,80929.7880161745,216.8918318833477,51,27,413,7925616,250,200,120,8,0.441,2026
KSRTC-087,VELLANAD,Thiruvananthapuram,2026-02,48,62,331397,449891,81214.80210758485,217.65566964832743,51,27,414,7953528,250,200,120,8,0.4414,2026
KSRTC-087,VELLANAD,Thiruvananthapuram,2026-03,48,62,330934,449261,81101.33562063472,217.35157946330108,51,27,414,7942416,250,200,120,8,0.4412,2026
KSRTC-088,VELLARADA,Thiruvananthapuram,2021-04,57,55,260635,476038,63873.2998407058,171.18044357309157,51,27,326,6255240,250,200,120,8,0.6672,2021
KSRTC-088,VELLARADA,Thiruvananthapuram,2021-05,57,56,266249,481718,65249.11162847691,174.86761916431814,51,27,333,6389976,250,200,120,8,0.6617,2021
KSRTC-088,VELLARADA,Thiruvananthapuram,2021-06,56,54,254339,467511,62330.351672589146,167.04534248253893,51,27,318,6104136,250,200,120,8,0.6714,2021
KSRTC-088,VELLARADA,Thiruvananthapuram,2021-07,56,54,249753,447303,61206.46979536822,164.03333905158684,51,27,312,5994072,250,200,120,8,0.6592,2021
KSRTC-088,VELLARADA,Thiruvananthapuram,2021-08,57,56,263132,478930,64485.234652616105,172.82042886901118,51,27,329,6315168,250,200,120,8,0.6651,2021
KSRTC-088,VELLARADA,Thiruvananthapuram,2021-09,56,54,249194,448517,61069.4767798064,163.66619776988117,51,27,312,5980656,250,200,120,8,0.6618,2021
KSRTC-088,VELLARADA,Thiruvananthapuram,2021-10,56,55,257062,449132,62997.67185393947,168.8337605685578,51,27,321,6169488,250,200,120,8,0.6461,2021
KSRTC-088,VELLARADA,Thiruvananthapuram,2021-11,56,54,254635,453931,62402.89180247519,167.23975003063353,51,27,318,6111240,250,200,120,8,0.6562,2021
KSRTC-088,VELLARADA,Thiruvananthapuram,2021-12,54,51,233402,421209,57199.36282318344,153.29429236613163,51,27,292,5601648,250,200,120,8,0.666,2021
KSRTC-088,VELLARADA,Thiruvananthapuram,2022-01,54,51,231350,437322,56696.48327410857,151.94657517461098,51,27,289,5552400,250,200,120,8,0.6898,2022
KSRTC-088,VELLARADA,Thiruvananthapuram,2022-02,58,57,268707,478272,65851.48878813871,176.48198995221176,51,27,336,6448968,250,200,120,8,0.6534,2022
KSRTC-088,VELLARADA,Thiruvananthapuram,2022-03,53,50,223828,411541,54853.08173018013,147.00625903688274,51,27,280,5371872,250,200,120,8,0.6773,2022
KSRTC-088,VELLARADA,Thiruvananthapuram,2022-04,56,54,376951,795544,92378.63006984438,247.57472858718296,51,27,471,9046824,250,200,120,8,0.6733,2022
KSRTC-088,VELLARADA,Thiruvananthapuram,2022-05,57,57,397588,801038,97436.09851733857,261.12874402646736,51,27,497,9542112,250,200,120,8,0.6439,2022
KSRTC-088,VELLARADA,Thiruvananthapuram,2022-06,57,56,388591,781493,95231.22166401177,255.21967405955155,51,27,486,9326184,250,200,120,8,0.6442,2022
KSRTC-088,VELLARADA,Thiruvananthapuram,2022-07,56,55,379372,751118,92971.93971327043,249.16479843156478,51,27,474,9104928,250,200,120,8,0.6371,2022
KSRTC-088,VELLARADA,Thiruvananthapuram,2022-08,58,57,403158,814492,98801.12731282931,264.78702119838255,51,27,504,9675792,250,200,120,8,0.6447,2022
KSRTC-088,VELLARADA,Thiruvananthapuram,2022-09,55,52,359209,736594,88030.63350079648,235.92209778213459,51,27,449,8621016,250,200,120,8,0.6601,2022
KSRTC-088,VELLARADA,Thiruvananthapuram,2022-10,55,54,370647,691444,90833.72135767675,243.43437323857373,51,27,463,8895528,250,200,120,8,0.6073,2022
KSRTC-088,VELLARADA,Thiruvananthapuram,2022-11,55,54,370127,748285,90706.28599436344,243.09284646489405,51,27,463,8883048,250,200,120,8,0.6502,2022
KSRTC-088,VELLARADA,Thiruvananthapuram,2022-12,57,57,400750,809536,98211.0035534861,263.20548952334275,51,27,501,9618000,250,200,120,8,0.6449,2022
KSRTC-088,VELLARADA,Thiruvananthapuram,2023-01,55,53,369092,736721,90452.64060776866,242.41307682882,51,27,461,8858208,250,200,120,8,0.6433,2023
KSRTC-088,VELLARADA,Thiruvananthapuram,2023-02,57,56,389851,797147,95540.0073520402,256.04721970346776,51,27,487,9356424,250,200,120,8,0.6533,2023
KSRTC-088,VELLARADA,Thiruvananthapuram,2023-03,56,55,383810,738251,94059.55152554835,252.0795980884696,51,27,480,9211440,250,200,120,8,0.621,2023
KSRTC-088,VELLARADA,Thiruvananthapuram,2023-04,68,46,431053,901132,105637.29935056978,283.107962259527,51,27,539,10345272,250,200,120,8,0.7094,2023
KSRTC-088,VELLARADA,Thiruvananthapuram,2023-05,65,42,384115,765093,94134.29726749174,252.2799166768779,51,27,480,9218760,250,200,120,8,0.6859,2023
KSRTC-088,VELLARADA,Thiruvananthapuram,2023-06,66,43,395144,814291,96837.15230976597,259.5235681901728,51,27,494,9483456,250,200,120,8,0.7038,2023
KSRTC-088,VELLARADA,Thiruvananthapuram,2023-07,65,43,391733,793314,96001.22534003186,257.2832839112854,51,27,490,9401592,250,200,120,8,0.6943,2023
KSRTC-088,VELLARADA,Thiruvananthapuram,2023-08,67,45,415895,856616,101922.55850998653,273.1524568067639,51,27,520,9981480,250,200,120,8,0.7019,2023
KSRTC-088,VELLARADA,Thiruvananthapuram,2023-09,66,43,398995,814897,97780.90920230365,262.0528366621738,51,27,499,9575880,250,200,120,8,0.6984,2023
KSRTC-088,VELLARADA,Thiruvananthapuram,2023-10,67,45,415325,844518,101782.86974635461,272.7780909202304,51,27,519,9967800,250,200,120,8,0.6947,2023
KSRTC-088,VELLARADA,Thiruvananthapuram,2023-11,65,43,390552,793322,95711.80002450681,256.50762406567827,51,27,488,9373248,250,200,120,8,0.6961,2023
KSRTC-088,VELLARADA,Thiruvananthapuram,2023-12,66,44,402832,812086,98721.23514275212,264.5729101825757,51,27,504,9667968,250,200,120,8,0.6908,2023
KSRTC-088,VELLARADA,Thiruvananthapuram,2024-01,63,41,365914,724876,89673.81448351918,240.3258228158314,51,27,457,8781936,250,200,120,8,0.6849,2024
KSRTC-088,VELLARADA,Thiruvananthapuram,2024-02,64,41,372608,760354,91314.2997181718,244.72232324470042,51,27,466,8942592,250,200,120,8,0.7005,2024
KSRTC-088,VELLARADA,Thiruvananthapuram,2024-03,64,42,380021,797694,93130.98884940571,249.5910501164073,51,27,475,9120504,250,200,120,8,0.7157,2024
KSRTC-088,VELLARADA,Thiruvananthapuram,2024-04,49,64,337233,457813,82645.01899277049,221.48865090062492,51,27,422,8093592,250,200,120,8,0.4435,2024
KSRTC-088,VELLARADA,Thiruvananthapuram,2024-05,46,57,316722,429967,77618.42911407916,208.01739002573217,51,27,396,7601328,250,200,120,8,0.4362,2024
KSRTC-088,VELLARADA,Thiruvananthapuram,2024-06,48,62,331937,450624,81347.13883102562,218.01033206714868,51,27,415,7966488,250,200,120,8,0.4416,2024
KSRTC-088,VELLARADA,Thiruvananthapuram,2024-07,49,65,342065,464373,83829.18759955888,224.66222276681782,51,27,428,8209560,250,200,120,8,0.4452,2024
KSRTC-088,VELLARADA,Thiruvananthapuram,2024-08,49,65,339497,460886,83199.85295919619,222.97560593064577,51,27,424,8147928,250,200,120,8,0.4443,2024
KSRTC-088,VELLARADA,Thiruvananthapuram,2024-09,47,60,324018,439873,79406.44528856759,212.80927337336115,51,27,405,7776432,250,200,120,8,0.4388,2024
KSRTC-088,VELLARADA,Thiruvananthapuram,2024-10,49,64,337773,458546,82777.35571621126,221.84331331944617,51,27,422,8106552,250,200,120,8,0.4437,2024
KSRTC-088,VELLARADA,Thiruvananthapuram,2024-11,46,59,320778,435475,78612.42494792305,210.68129886043377,51,27,401,7698672,250,200,120,8,0.4376,2024
KSRTC-088,VELLARADA,Thiruvananthapuram,2024-12,47,60,325908,442438,79869.62382061023,214.0505918392354,51,27,407,7821792,250,200,120,8,0.4395,2024
KSRTC-088,VELLARADA,Thiruvananthapuram,2025-01,48,62,332616,451545,81513.54000735204,218.45628721970348,51,27,416,7982784,250,200,120,8,0.4418,2025
KSRTC-088,VELLARADA,Thiruvananthapuram,2025-02,46,59,320439,435014,78529.34689376302,210.45864967528493,51,27,401,7690536,250,200,120,8,0.4375,2025
KSRTC-088,VELLARADA,Thiruvananthapuram,2025-03,46,59,320647,435296,78580.32103908835,210.59526038475678,51,27,401,7695528,250,200,120,8,0.4376,2025
KSRTC-088,VELLARADA,Thiruvananthapuram,2025-04,47,61,327715,444891,80312.46170812401,215.23739737777237,51,27,410,7865160,250,200,120,8,0.4401,2025
KSRTC-088,VELLARADA,Thiruvananthapuram,2025-05,47,61,326614,443397,80042.64183310869,214.5142801127313,51,27,408,7838736,250,200,120,8,0.4397,2025
KSRTC-088,VELLARADA,Thiruvananthapuram,2025-06,46,59,321007,435785,78668.54552138218,210.83170199730426,51,27,401,7704168,250,200,120,8,0.4377,2025
KSRTC-088,VELLARADA,Thiruvananthapuram,2025-07,50,66,343145,465839,84093.86104644039,225.37154760446026,51,27,429,8235480,250,200,120,8,0.4456,2025
KSRTC-088,VELLARADA,Thiruvananthapuram,2025-08,48,62,331210,449637,81168.97439039334,217.5328513662542,51,27,414,7949040,250,200,120,8,0.4413,2025
KSRTC-088,VELLARADA,Thiruvananthapuram,2025-09,46,59,320993,435766,78665.11456929299,210.8225070457052,51,27,401,7703832,250,200,120,8,0.4377,2025
KSRTC-088,VELLARADA,Thiruvananthapuram,2025-10,49,65,340895,462784,83542.45803210391,223.8937875260385,51,27,426,8181480,250,200,120,8,0.4448,2025
KSRTC-088,VELLARADA,Thiruvananthapuram,2025-11,48,62,330311,448415,80948.65825266512,216.94240411714253,51,27,413,7927464,250,200,120,8,0.441,2025
KSRTC-088,VELLARADA,Thiruvananthapuram,2025-12,47,59,321976,437100,78906.01641955643,211.46812400441124,51,27,402,7727424,250,200,120,8,0.4381,2025
KSRTC-088,VELLARADA,Thiruvananthapuram,2026-01,49,64,337822,458612,82789.36404852346,221.8754956500429,51,27,422,8107728,250,200,120,8,0.4437,2026
KSRTC-088,VELLARADA,Thiruvananthapuram,2026-02,47,59,322315,437561,78989.09447371645,211.6907731895601,51,27,403,7735560,250,200,120,8,0.4382,2026
KSRTC-088,VELLARADA,Thiruvananthapuram,2026-03,47,60,325617,442044,79798.30903075603,213.85946820242617,51,27,407,7814808,250,200,120,8,0.4394,2026
KSRTC-089,VENJARAMOOD,Thiruvananthapuram,2021-04,55,53,243171,452652,59593.43217742924,159.71039823551035,51,27,304,5836104,250,200,120,8,0.6797,2021
KSRTC-089,VENJARAMOOD,Thiruvananthapuram,2021-05,55,52,241170,429522,59103.05109667933,158.3961769391006,51,27,301,5788080,250,200,120,8,0.658,2021
KSRTC-089,VENJARAMOOD,Thiruvananthapuram,2021-06,58,57,268721,484778,65854.91974022791,176.49118490381082,51,27,336,6449304,250,200,120,8,0.66,2021
KSRTC-089,VENJARAMOOD,Thiruvananthapuram,2021-07,57,55,260233,473980,63774.78250214435,170.91641710574686,51,27,325,6245592,250,200,120,8,0.6659,2021
KSRTC-089,VENJARAMOOD,Thiruvananthapuram,2021-08,55,53,243552,447263,59686.80308785688,159.96063227545645,51,27,304,5845248,250,200,120,8,0.6728,2021
KSRTC-089,VENJARAMOOD,Thiruvananthapuram,2021-09,54,52,236868,430634,58048.76853326798,155.57069966915822,51,27,296,5684832,250,200,120,8,0.669,2021
KSRTC-089,VENJARAMOOD,Thiruvananthapuram,2021-10,55,53,242478,431063,59423.60004901361,159.25524813135647,51,27,303,5819472,250,200,120,8,0.6569,2021
KSRTC-089,VENJARAMOOD,Thiruvananthapuram,2021-11,55,52,240976,434195,59055.507903443206,158.2687611812278,51,27,301,5783424,250,200,120,8,0.6637,2021
KSRTC-089,VENJARAMOOD,Thiruvananthapuram,2021-12,56,55,256276,467924,62805.048400931264,168.31752971449578,51,27,320,6150624,250,200,120,8,0.6677,2021
KSRTC-089,VENJARAMOOD,Thiruvananthapuram,2022-01,57,56,265175,460658,64985.908589633626,174.16223502021813,51,27,331,6364200,250,200,120,8,0.6421,2022
KSRTC-089,VENJARAMOOD,Thiruvananthapuram,2022-02,57,55,260583,460097,63860.55630437447,171.14629089572358,51,27,326,6253992,250,200,120,8,0.6506,2022
KSRTC-089,VENJARAMOOD,Thiruvananthapuram,2022-03,56,54,253080,458349,62021.81105256709,166.2184536208798,51,27,316,6073920,250,200,120,8,0.6642,2022
KSRTC-089,VENJARAMOOD,Thiruvananthapuram,2022-04,56,54,377882,717022,92606.7883837765,248.18619286852103,51,27,472,9069168,250,200,120,8,0.6148,2022
KSRTC-089,VENJARAMOOD,Thiruvananthapuram,2022-05,56,55,383271,810725,93927.45987011396,251.7255924519054,51,27,479,9198504,250,200,120,8,0.6736,2022
KSRTC-089,VENJARAMOOD,Thiruvananthapuram,2022-06,57,56,389143,766292,95366.49920352899,255.5822178654577,51,27,486,9339432,250,200,120,8,0.6327,2022
KSRTC-089,VENJARAMOOD,Thiruvananthapuram,2022-07,58,58,414073,801859,101476.04460237717,271.95579953437084,51,27,518,9937752,250,200,120,8,0.6203,2022
KSRTC-089,VENJARAMOOD,Thiruvananthapuram,2022-08,56,54,374878,708453,91870.60409263571,246.2132189682637,51,27,469,8997072,250,200,120,8,0.6132,2022
KSRTC-089,VENJARAMOOD,Thiruvananthapuram,2022-09,56,55,380303,744000,93200.09802720255,249.77626271290285,51,27,475,9127272,250,200,120,8,0.6305,2022
KSRTC-089,VENJARAMOOD,Thiruvananthapuram,2022-10,58,57,402682,786443,98684.47494179635,264.47439284401423,51,27,503,9664368,250,200,120,8,0.6263,2022
KSRTC-089,VENJARAMOOD,Thiruvananthapuram,2022-11,55,53,362351,713270,88800.63717681657,237.9857076338684,51,27,453,8696424,250,200,120,8,0.637,2022
KSRTC-089,VENJARAMOOD,Thiruvananthapuram,2022-12,57,56,393535,783407,96442.83788751379,258.46680553853696,51,27,492,9444840,250,200,120,8,0.6379,2022
KSRTC-089,VENJARAMOOD,Thiruvananthapuram,2023-01,54,51,350788,681614,85966.91581913982,230.3913343952947,51,27,439,8418912,250,200,120,8,0.6323,2023
KSRTC-089,VENJARAMOOD,Thiruvananthapuram,2023-02,55,53,363555,774191,89095.69905648819,238.77647347138833,51,27,454,8725320,250,200,120,8,0.6809,2023
KSRTC-089,VENJARAMOOD,Thiruvananthapuram,2023-03,57,56,396685,767827,97214.80210758487,260.5356696483275,51,27,496,9520440,250,200,120,8,0.6224,2023
KSRTC-089,VENJARAMOOD,Thiruvananthapuram,2023-04,66,43,394916,813290,96781.2768043132,259.3738218355594,51,27,494,9477984,250,200,120,8,0.7034,2023
KSRTC-089,VENJARAMOOD,Thiruvananthapuram,2023-05,65,43,388885,802215,95303.27165788507,255.412768043132,51,27,486,9333240,250,200,120,8,0.7049,2023
KSRTC-089,VENJARAMOOD,Thiruvananthapuram,2023-06,67,44,409773,833130,100422.25217497857,269.1316358289426,51,27,512,9834552,250,200,120,8,0.695,2023
KSRTC-089,VENJARAMOOD,Thiruvananthapuram,2023-07,65,42,381299,804185,93444.18576154884,250.43041784095092,51,27,477,9151176,250,200,120,8,0.7183,2023
KSRTC-089,VENJARAMOOD,Thiruvananthapuram,2023-08,65,42,387072,775453,94858.96336233306,254.2220218110526,51,27,484,9289728,250,200,120,8,0.6888,2023
KSRTC-089,VENJARAMOOD,Thiruvananthapuram,2023-09,68,45,424359,855125,103996.81411591718,278.7114618306581,51,27,530,10184616,250,200,120,8,0.6891,2023
KSRTC-089,VENJARAMOOD,Thiruvananthapuram,2023-10,67,45,416066,882537,101964.4651390761,273.264766572724,51,27,520,9985584,250,200,120,8,0.7187,2023
KSRTC-089,VENJARAMOOD,Thiruvananthapuram,2023-11,65,43,389288,815237,95402.03406445289,255.6774512927338,51,27,487,9342912,250,200,120,8,0.7134,2023
KSRTC-089,VENJARAMOOD,Thiruvananthapuram,2023-12,65,42,383319,753231,93939.22313441981,251.7571180002451,51,27,479,9199656,250,200,120,8,0.6786,2023
KSRTC-089,VENJARAMOOD,Thiruvananthapuram,2024-01,66,44,402387,810136,98612.17987991669,264.2806420781767,51,27,503,9657288,250,200,120,8,0.6902,2024
KSRTC-089,VENJARAMOOD,Thiruvananthapuram,2024-02,64,41,373868,765794,91623.08540620022,245.5498688886166,51,27,467,8972832,250,200,120,8,0.7024,2024
KSRTC-089,VENJARAMOOD,Thiruvananthapuram,2024-03,65,43,392954,817857,96300.45337581179,258.0852150471756,51,27,491,9430896,250,200,120,8,0.7096,2024
KSRTC-089,VENJARAMOOD,Thiruvananthapuram,2024-04,47,59,322460,437758,79024.62933464037,211.7860066168362,51,27,403,7739040,250,200,120,8,0.4382,2024
KSRTC-089,VENJARAMOOD,Thiruvananthapuram,2024-05,47,60,324932,441113,79630.43744639138,213.4095723563289,51,27,406,7798368,250,200,120,8,0.4391,2024
KSRTC-089,VENJARAMOOD,Thiruvananthapuram,2024-06,47,61,327839,445060,80342.8501409141,215.3188383776498,51,27,410,7868136,250,200,120,8,0.4401,2024
KSRTC-089,VENJARAMOOD,Thiruvananthapuram,2024-07,48,63,334450,454035,81962.99473103786,219.66082587918146,51,27,418,8026800,250,200,120,8,0.4425,2024
KSRTC-089,VENJARAMOOD,Thiruvananthapuram,2024-08,48,63,333038,452118,81616.95870604092,218.73344933218968,51,27,416,7992912,250,200,120,8,0.442,2024
KSRTC-089,VENJARAMOOD,Thiruvananthapuram,2024-09,48,63,333758,453095,81793.4076706286,219.20633255728464,51,27,417,8010192,250,200,120,8,0.4422,2024
KSRTC-089,VENJARAMOOD,Thiruvananthapuram,2024-10,49,63,336029,456178,82349.95711309889,220.69788506310502,51,27,420,8064696,250,200,120,8,0.443,2024
KSRTC-089,VENJARAMOOD,Thiruvananthapuram,2024-11,48,62,332263,451065,81427.0310011028,218.22444308295553,51,27,415,7974312,250,200,120,8,0.4417,2024
KSRTC-089,VENJARAMOOD,Thiruvananthapuram,2024-12,48,63,335046,454843,82109.05526283543,220.05226810439896,51,27,419,8041104,250,200,120,8,0.4427,2024
KSRTC-089,VENJARAMOOD,Thiruvananthapuram,2025-01,47,60,325908,442438,79869.62382061023,214.0505918392354,51,27,407,7821792,250,200,120,8,0.4395,2025
KSRTC-089,VENJARAMOOD,Thiruvananthapuram,2025-02,46,59,321754,436800,78851.6113221419,211.32231834334027,51,27,402,7722096,250,200,120,8,0.438,2025
KSRTC-089,VENJARAMOOD,Thiruvananthapuram,2025-03,47,59,322156,437345,78950.12866070335,211.586344810685,51,27,403,7731744,250,200,120,8,0.4381,2025
KSRTC-089,VENJARAMOOD,Thiruvananthapuram,2025-04,48,61,329355,447118,80714.37323857371,216.31452027937755,51,27,412,7904520,250,200,120,8,0.4407,2025
KSRTC-089,VENJARAMOOD,Thiruvananthapuram,2025-05,48,62,331640,450220,81274.3536331332,217.81526773679698,51,27,415,7959360,250,200,120,8,0.4415,2025
KSRTC-089,VENJARAMOOD,Thiruvananthapuram,2025-06,47,61,328490,445944,80502.38941306213,215.74640362700654,51,27,411,7883760,250,200,120,8,0.4404,2025
KSRTC-089,VENJARAMOOD,Thiruvananthapuram,2025-07,47,59,322350,437608,78997.67185393948,211.7137605685578,51,27,403,7736400,250,200,120,8,0.4382,2025
KSRTC-089,VENJARAMOOD,Thiruvananthapuram,2025-08,50,66,344730,467991,84482.29383653964,226.41254748192625,51,27,431,8273520,250,200,120,8,0.4461,2025
KSRTC-089,VENJARAMOOD,Thiruvananthapuram,2025-09,47,59,322779,438190,79102.80602867296,211.99552015684355,51,27,403,7746696,250,200,120,8,0.4383,2025
KSRTC-089,VENJARAMOOD,Thiruvananthapuram,2025-10,47,61,328525,445991,80510.96679328514,215.7693910060042,51,27,411,7884600,250,200,120,8,0.4404,2025
KSRTC-089,VENJARAMOOD,Thiruvananthapuram,2025-11,48,63,334513,454120,81978.43401543928,219.7022031613773,51,27,418,8028312,250,200,120,8,0.4425,2025
KSRTC-089,VENJARAMOOD,Thiruvananthapuram,2025-12,46,58,318840,432843,78137.48315157456,209.40845484621983,51,27,399,7652160,250,200,120,8,0.4369,2025
KSRTC-089,VENJARAMOOD,Thiruvananthapuram,2026-01,48,63,333931,453330,81835.80443573093,219.3199558877589,51,27,417,8014344,250,200,120,8,0.4423,2026
KSRTC-089,VENJARAMOOD,Thiruvananthapuram,2026-02,46,58,319871,434243,78390.14826614386,210.08559735326557,51,27,400,7676904,250,200,120,8,0.4373,2026
KSRTC-089,VENJARAMOOD,Thiruvananthapuram,2026-03,48,63,334609,454251,82001.96054405098,219.76525425805664,51,27,418,8030616,250,200,120,8,0.4425,2026
KSRTC-090,VIKAS BHAVAN,Thiruvananthapuram,2021-04,56,54,251532,438309,61642.44577870359,165.20175468692565,51,27,314,6036768,250,200,120,8,0.6457,2021
KSRTC-090,VIKAS BHAVAN,Thiruvananthapuram,2021-05,57,56,264657,477897,64858.96336233305,173.8220218110526,51,27,331,6351768,250,200,120,8,0.661,2021
KSRTC-090,VIKAS BHAVAN,Thiruvananthapuram,2021-06,54,52,238155,422310,58364.17105746845,156.41597843401544,51,27,298,5715720,250,200,120,8,0.6564,2021
KSRTC-090,VIKAS BHAVAN,Thiruvananthapuram,2021-07,55,53,247639,450847,60688.3960298983,162.64490136012748,51,27,310,5943336,250,200,120,8,0.6677,2021
KSRTC-090,VIKAS BHAVAN,Thiruvananthapuram,2021-08,56,54,249883,457127,61238.32863619655,164.11872074500678,51,27,312,5997192,250,200,120,8,0.6697,2021
KSRTC-090,VIKAS BHAVAN,Thiruvananthapuram,2021-09,57,56,261745,472570,64145.32532777846,171.90947187844628,51,27,327,6281880,250,200,120,8,0.6613,2021
KSRTC-090,VIKAS BHAVAN,Thiruvananthapuram,2021-10,56,54,249185,440479,61067.27116774905,163.66028672956747,51,27,312,5980440,250,200,120,8,0.6529,2021
KSRTC-090,VIKAS BHAVAN,Thiruvananthapuram,2021-11,56,55,256843,460669,62944.001960544054,168.68992525425807,51,27,321,6164232,250,200,120,8,0.6588,2021
KSRTC-090,VIKAS BHAVAN,Thiruvananthapuram,2021-12,55,52,238913,433058,58549.93260629825,156.9138193848793,51,27,299,5733912,250,200,120,8,0.6671,2021
KSRTC-090,VIKAS BHAVAN,Thiruvananthapuram,2022-01,55,53,242397,448487,59403.74954049749,159.20204876853327,51,27,303,5817528,250,200,120,8,0.6767,2022
KSRTC-090,VIKAS BHAVAN,Thiruvananthapuram,2022-02,56,54,252069,440766,61774.04729812523,165.55444675897562,51,27,315,6049656,250,200,120,8,0.6472,2022
KSRTC-090,VIKAS BHAVAN,Thiruvananthapuram,2022-03,57,55,259268,444143,63538.291875995594,170.2826222276682,51,27,324,6222432,250,200,120,8,0.6364,2022
KSRTC-090,VIKAS BHAVAN,Thiruvananthapuram,2022-04,55,53,363198,742873,89008.20977821345,238.54200220561205,51,27,454,8716752,250,200,120,8,0.6579,2022
KSRTC-090,VIKAS BHAVAN,Thiruvananthapuram,2022-05,56,55,384336,769031,94188.4572968999,252.42506555569176,51,27,480,9224064,250,200,120,8,0.6421,2022
KSRTC-090,VIKAS BHAVAN,Thiruvananthapuram,2022-06,55,53,367072,732379,89957.60323489769,241.0863766695258,51,27,459,8809728,250,200,120,8,0.6434,2022
KSRTC-090,VIKAS BHAVAN,Thiruvananthapuram,2022-07,55,54,369639,750166,90586.69280725402,242.7723367234408,51,27,462,8871336,250,200,120,8,0.6524,2022
KSRTC-090,VIKAS BHAVAN,Thiruvananthapuram,2022-08,57,55,387790,795990,95034.92219090798,254.6935914716334,51,27,485,9306960,250,200,120,8,0.6557,2022
KSRTC-090,VIKAS BHAVAN,Thiruvananthapuram,2022-09,57,56,395222,794770,96856.26761426296,259.57479720622473,51,27,494,9485328,250,200,120,8,0.6432,2022
KSRTC-090,VIKAS BHAVAN,Thiruvananthapuram,2022-10,57,56,390224,790796,95631.41771841687,256.29219948535723,51,27,488,9365376,250,200,120,8,0.6482,2022
KSRTC-090,VIKAS BHAVAN,Thiruvananthapuram,2022-11,56,55,385584,766101,94494.30216885186,253.244729812523,51,27,482,9254016,250,200,120,8,0.6381,2022
KSRTC-090,VIKAS BHAVAN,Thiruvananthapuram,2022-12,57,56,388587,762464,95230.24139198627,255.21704693052325,51,27,486,9326088,250,200,120,8,0.6308,2022
KSRTC-090,VIKAS BHAVAN,Thiruvananthapuram,2023-01,57,56,394259,824998,96620.26712412696,258.94231589266025,51,27,493,9462216,250,200,120,8,0.6657,2023
KSRTC-090,VIKAS BHAVAN,Thiruvananthapuram,2023-02,56,55,382366,769667,93705.67332434752,251.13120450925138,51,27,478,9176784,250,200,120,8,0.6457,2023
KSRTC-090,VIKAS BHAVAN,Thiruvananthapuram,2023-03,56,55,380868,721306,93338.5614508026,250.147344688151,51,27,476,9140832,250,200,120,8,0.6133,2023
KSRTC-090,VIKAS BHAVAN,Thiruvananthapuram,2023-04,64,41,372739,752358,91346.4036270065,244.80836172037743,51,27,466,8945736,250,200,120,8,0.6944,2023
KSRTC-090,VIKAS BHAVAN,Thiruvananthapuram,2023-05,64,41,374756,754265,91840.70579585836,246.13309153290044,51,27,468,8994144,250,200,120,8,0.6926,2023
KSRTC-090,VIKAS BHAVAN,Thiruvananthapuram,2023-06,66,43,399815,810182,97981.8649675285,262.5913981129764,51,27,500,9595560,250,200,120,8,0.694,2023
KSRTC-090,VIKAS BHAVAN,Thiruvananthapuram,2023-07,66,43,397564,879575,97430.21688518564,261.1129812522975,51,27,497,9541536,250,200,120,8,0.7451,2023
KSRTC-090,VIKAS BHAVAN,Thiruvananthapuram,2023-08,66,44,403073,855586,98780.29653228771,264.7311947065311,51,27,504,9673752,250,200,120,8,0.7201,2023
KSRTC-090,VIKAS BHAVAN,Thiruvananthapuram,2023-09,66,43,397406,829395,97391.4961401789,261.00920965567946,51,27,497,9537744,250,200,120,8,0.7108,2023
KSRTC-090,VIKAS BHAVAN,Thiruvananthapuram,2023-10,67,45,413232,843772,101269.9424090185,271.4034456561696,51,27,517,9917568,250,200,120,8,0.6972,2023
KSRTC-090,VIKAS BHAVAN,Thiruvananthapuram,2023-11,66,44,401125,820980,98302.90405587551,263.4517828697464,51,27,501,9627000,250,200,120,8,0.6994,2023
KSRTC-090,VIKAS BHAVAN,Thiruvananthapuram,2023-12,66,44,400344,840719,98111.50594289917,262.9388359269698,51,27,500,9608256,250,200,120,8,0.7141,2023
KSRTC-090,VIKAS BHAVAN,Thiruvananthapuram,2024-01,65,43,392314,834328,96143.60985173385,257.6648744026467,51,27,490,9415536,250,200,120,8,0.7221,2024
KSRTC-090,VIKAS BHAVAN,Thiruvananthapuram,2024-02,66,44,402895,818676,98736.67442715354,264.61428746477156,51,27,504,9669480,250,200,120,8,0.6952,2024
KSRTC-090,VIKAS BHAVAN,Thiruvananthapuram,2024-03,65,43,388924,805279,95312.82931013357,255.43838255115799,51,27,486,9334176,250,200,120,8,0.707,2024
KSRTC-090,VIKAS BHAVAN,Thiruvananthapuram,2024-04,47,61,327998,445276,80381.81595392722,215.42326675652495,51,27,410,7871952,250,200,120,8,0.4402,2024
KSRTC-090,VIKAS BHAVAN,Thiruvananthapuram,2024-05,49,64,337316,457926,82665.35963729935,221.54316382796227,51,27,422,8095584,250,200,120,8,0.4435,2024
KSRTC-090,VIKAS BHAVAN,Thiruvananthapuram,2024-06,47,60,324682,440775,79569.17044479844,213.24537679205983,51,27,406,7792368,250,200,120,8,0.439,2024
KSRTC-090,VIKAS BHAVAN,Thiruvananthapuram,2024-07,49,63,335828,455905,82300.69844381817,220.5658718294327,51,27,420,8059872,250,200,120,8,0.443,2024
KSRTC-090,VIKAS BHAVAN,Thiruvananthapuram,2024-08,47,60,324426,440427,79506.43303516727,213.0772405342483,51,27,406,7786224,250,200,120,8,0.4389,2024
KSRTC-090,VIKAS BHAVAN,Thiruvananthapuram,2024-09,47,60,324412,440408,79503.00208307806,213.0680455826492,51,27,406,7785888,250,200,120,8,0.4389,2024
KSRTC-090,VIKAS BHAVAN,Thiruvananthapuram,2024-10,47,60,324122,440014,79431.93236123024,212.87757872809706,51,27,405,7778928,250,200,120,8,0.4388,2024
KSRTC-090,VIKAS BHAVAN,Thiruvananthapuram,2024-11,48,62,332540,451441,81494.91483886779,218.40637176816568,51,27,416,7980960,250,200,120,8,0.4418,2024
KSRTC-090,VIKAS BHAVAN,Thiruvananthapuram,2024-12,48,62,332512,451404,81488.05293468937,218.38798186496754,51,27,416,7980288,250,200,120,8,0.4418,2024
KSRTC-090,VIKAS BHAVAN,Thiruvananthapuram,2025-01,47,61,328206,445558,80432.79009925255,215.55987746599686,51,27,410,7876944,250,200,120,8,0.4403,2025
KSRTC-090,VIKAS BHAVAN,Thiruvananthapuram,2025-02,48,61,328974,446601,80621.00232814606,216.06428623943145,51,27,411,7895376,250,200,120,8,0.4405,2025
KSRTC-090,VIKAS BHAVAN,Thiruvananthapuram,2025-03,47,61,328601,446094,80529.5919617694,215.819306457542,51,27,411,7886424,250,200,120,8,0.4404,2025
KSRTC-090,VIKAS BHAVAN,Thiruvananthapuram,2025-04,47,61,327410,444478,80237.71596618062,215.03707878936407,51,27,409,7857840,250,200,120,8,0.44,2025
KSRTC-090,VIKAS BHAVAN,Thiruvananthapuram,2025-05,49,64,337441,458095,82695.99313809583,221.62526161009686,51,27,422,8098584,250,200,120,8,0.4435,2025
KSRTC-090,VIKAS BHAVAN,Thiruvananthapuram,2025-06,47,60,324869,441029,79614.99816198996,213.3681950741331,51,27,406,7796856,250,200,120,8,0.4391,2025
KSRTC-090,VIKAS BHAVAN,Thiruvananthapuram,2025-07,48,62,331086,449468,81138.58595760324,217.45141036637668,51,27,414,7946064,250,200,120,8,0.4413,2025
KSRTC-090,VIKAS BHAVAN,Thiruvananthapuram,2025-08,48,61,329362,447128,80716.08871461831,216.31911775517707,51,27,412,7904688,250,200,120,8,0.4407,2025
KSRTC-090,VIKAS BHAVAN,Thiruvananthapuram,2025-09,47,60,326545,443303,80025.73214066905,214.46896213699307,51,27,408,7837080,250,200,120,8,0.4397,2025
KSRTC-090,VIKAS BHAVAN,Thiruvananthapuram,2025-10,48,62,330054,448068,80885.67577502757,216.7736110770739,51,27,413,7921296,250,200,120,8,0.4409,2025
KSRTC-090,VIKAS BHAVAN,Thiruvananthapuram,2025-11,47,61,327029,443961,80144.34505575297,214.78684474941798,51,27,409,7848696,250,200,120,8,0.4399,2025
KSRTC-090,VIKAS BHAVAN,Thiruvananthapuram,2025-12,49,64,337095,457625,82611.19960789119,221.3980149491484,51,27,421,8090280,250,200,120,8,0.4434,2025
KSRTC-090,VIKAS BHAVAN,Thiruvananthapuram,2026-01,46,58,318064,431791,77947.31037863008,208.8987918147286,51,27,398,7633536,250,200,120,8,0.4367,2026
KSRTC-090,VIKAS BHAVAN,Thiruvananthapuram,2026-02,48,63,335184,455031,82142.87464771475,220.14290405587556,51,27,419,8044416,250,200,120,8,0.4427,2026
KSRTC-090,VIKAS BHAVAN,Thiruvananthapuram,2026-03,47,60,325485,441865,79765.96005391497,213.77277294449215,51,27,407,7811640,250,200,120,8,0.4393,2026
KSRTC-091,VITHURA,Thiruvananthapuram,2021-04,56,54,252691,470413,61926.479598088474,165.9629653228771,51,27,316,6064584,250,200,120,8,0.6781,2021
KSRTC-091,VITHURA,Thiruvananthapuram,2021-05,56,54,249485,445427,61140.791569660585,163.85732140669037,51,27,312,5987640,250,200,120,8,0.6577,2021
KSRTC-091,VITHURA,Thiruvananthapuram,2021-06,54,51,232594,401980,57001.34787403505,152.76361230241395,51,27,291,5582256,250,200,120,8,0.6452,2021
KSRTC-091,VITHURA,Thiruvananthapuram,2021-07,57,56,266042,476061,65198.38255115795,174.73166523710333,51,27,333,6385008,250,200,120,8,0.6563,2021
KSRTC-091,VITHURA,Thiruvananthapuram,2021-08,57,56,263650,478069,64612.17987991668,173.16064207817672,51,27,330,6327600,250,200,120,8,0.6632,2021
KSRTC-091,VITHURA,Thiruvananthapuram,2021-09,55,53,245977,441547,60281.09300330842,161.5533292488666,51,27,307,5903448,250,200,120,8,0.661,2021
KSRTC-091,VITHURA,Thiruvananthapuram,2021-10,56,54,252698,450288,61928.19507413307,165.96756279867662,51,27,316,6064752,250,200,120,8,0.6563,2021
KSRTC-091,VITHURA,Thiruvananthapuram,2021-11,55,53,244799,442381,59992.40289180248,160.77963975003064,51,27,306,5875176,250,200,120,8,0.6645,2021
KSRTC-091,VITHURA,Thiruvananthapuram,2021-12,56,54,252409,438259,61857.370420291634,165.77775272638158,51,27,316,6057816,250,200,120,8,0.6438,2021
KSRTC-091,VITHURA,Thiruvananthapuram,2022-01,56,55,257519,444183,63109.66793285137,169.13391006004167,51,27,322,6180456,250,200,120,8,0.6399,2022
KSRTC-091,VITHURA,Thiruvananthapuram,2022-02,55,52,241567,428996,59200.343095208926,158.65691949515994,51,27,302,5797608,250,200,120,8,0.6565,2022
KSRTC-091,VITHURA,Thiruvananthapuram,2022-03,56,54,252854,457874,61966.42568312707,166.07002083078055,51,27,316,6068496,250,200,120,8,0.6642,2022
KSRTC-091,VITHURA,Thiruvananthapuram,2022-04,55,53,364715,761117,89379.97794387944,239.5383408895969,51,27,456,8753160,250,200,120,8,0.669,2022
KSRTC-091,VITHURA,Thiruvananthapuram,2022-05,55,54,370371,743427,90766.08258791815,243.25310133562064,51,27,463,8888904,250,200,120,8,0.6462,2022
KSRTC-091,VITHURA,Thiruvananthapuram,2022-06,57,56,395736,800558,96982.23256953806,259.912383286362,51,27,495,9497664,250,200,120,8,0.6464,2022
KSRTC-091,VITHURA,Thiruvananthapuram,2022-07,56,55,382825,773328,93818.15953927215,251.43266756524937,51,27,479,9187800,250,200,120,8,0.6476,2022
KSRTC-091,VITHURA,Thiruvananthapuram,2022-08,58,58,408905,821105,100209.53314544787,268.56154882980036,51,27,511,9813720,250,200,120,8,0.6405,2022
KSRTC-091,VITHURA,Thiruvananthapuram,2022-09,56,55,383362,794423,93949.7610586938,251.78535963729936,51,27,479,9200688,250,200,120,8,0.6618,2022
KSRTC-091,VITHURA,Thiruvananthapuram,2022-10,55,53,365382,745665,89543.4383041294,239.97641465506683,51,27,457,8769168,250,200,120,8,0.6562,2022
KSRTC-091,VITHURA,Thiruvananthapuram,2022-11,56,54,371411,753606,91020.9533145448,243.93615488298008,51,27,464,8913864,250,200,120,8,0.6519,2022
KSRTC-091,VITHURA,Thiruvananthapuram,2022-12,57,55,387852,720038,95050.11640730304,254.73431197157217,51,27,485,9308448,250,200,120,8,0.602,2022
KSRTC-091,VITHURA,Thiruvananthapuram,2023-01,57,57,398586,796890,97680.67638769759,261.78421271902954,51,27,498,9566064,250,200,120,8,0.6395,2023
KSRTC-091,VITHURA,Thiruvananthapuram,2023-02,56,54,376590,758081,92290.16051954418,247.3376301923784,51,27,471,9038160,250,200,120,8,0.6467,2023
KSRTC-091,VITHURA,Thiruvananthapuram,2023-03,56,55,383410,783634,93961.52432299964,251.81688518563905,51,27,479,9201840,250,200,120,8,0.654,2023
KSRTC-091,VITHURA,Thiruvananthapuram,2023-04,65,42,387082,789454,94861.41404239678,254.22858963362336,51,27,484,9289968,250,200,120,8,0.6987,2023
KSRTC-091,VITHURA,Thiruvananthapuram,2023-05,66,43,399670,776999,97946.33010660458,262.4961646857003,51,27,500,9592080,250,200,120,8,0.6714,2023
KSRTC-091,VITHURA,Thiruvananthapuram,2023-06,63,40,360106,711992,88250.45950251195,236.51123146673206,51,27,450,8642544,250,200,120,8,0.6846,2023
KSRTC-091,VITHURA,Thiruvananthapuram,2023-07,66,44,402118,820803,98546.25658620268,264.1039676510232,51,27,503,9650832,250,200,120,8,0.6978,2023
KSRTC-091,VITHURA,Thiruvananthapuram,2023-08,66,44,404445,834334,99116.52983702978,265.6322999632398,51,27,506,9706680,250,200,120,8,0.7036,2023
KSRTC-091,VITHURA,Thiruvananthapuram,2023-09,64,41,373783,770775,91602.25462565862,245.4940423967651,51,27,467,8970792,250,200,120,8,0.7062,2023
KSRTC-091,VITHURA,Thiruvananthapuram,2023-10,67,44,408303,822095,100062.00220561207,268.1661659110403,51,27,510,9799272,250,200,120,8,0.6897,2023
KSRTC-091,VITHURA,Thiruvananthapuram,2023-11,66,44,402200,820562,98566.35216272516,264.15782379610346,51,27,503,9652800,250,200,120,8,0.6975,2023
KSRTC-091,VITHURA,Thiruvananthapuram,2023-12,67,44,407944,833678,99974.02279132459,267.9303810807499,51,27,510,9790656,250,200,120,8,0.698,2023
KSRTC-091,VITHURA,Thiruvananthapuram,2024-01,67,45,418221,841427,102492.58669280726,274.6801323367235,51,27,523,10037304,250,200,120,8,0.6886,2024
KSRTC-091,VITHURA,Thiruvananthapuram,2024-02,65,42,388007,734614,95088.10194829066,254.836113221419,51,27,485,9312168,250,200,120,8,0.6585,2024
KSRTC-091,VITHURA,Thiruvananthapuram,2024-03,65,43,392307,813232,96141.89437568925,257.66027692684725,51,27,490,9415368,250,200,120,8,0.7073,2024
KSRTC-091,VITHURA,Thiruvananthapuram,2024-04,48,63,334727,454411,82030.87856880284,219.8427545643916,51,27,418,8033448,250,200,120,8,0.4426,2024
KSRTC-091,VITHURA,Thiruvananthapuram,2024-05,47,60,325797,442288,79842.42127190296,213.97768900869994,51,27,407,7819128,250,200,120,8,0.4394,2024
KSRTC-091,VITHURA,Thiruvananthapuram,2024-06,48,61,329196,446902,80675.4074255606,216.21009190050242,51,27,412,7900704,250,200,120,8,0.4406,2024
KSRTC-091,VITHURA,Thiruvananthapuram,2024-07,47,59,321907,437006,78889.10672711678,211.422806028673,51,27,402,7725768,250,200,120,8,0.438,2024
KSRTC-091,VITHURA,Thiruvananthapuram,2024-08,47,61,328808,446376,80580.32103908835,215.95526038475677,51,27,411,7891392,250,200,120,8,0.4405,2024
KSRTC-091,VITHURA,Thiruvananthapuram,2024-09,48,62,329978,447964,80867.05060654331,216.7236956255361,51,27,412,7919472,250,200,120,8,0.4409,2024
KSRTC-091,VITHURA,Thiruvananthapuram,2024-10,48,61,328829,446404,80585.46746722216,215.96905281215538,51,27,411,7891896,250,200,120,8,0.4405,2024
KSRTC-091,VITHURA,Thiruvananthapuram,2024-11,47,59,322294,437533,78983.94804558266,211.67698076216152,51,27,403,7735056,250,200,120,8,0.4382,2024
KSRTC-091,VITHURA,Thiruvananthapuram,2024-12,49,63,335959,456084,82332.80235265287,220.6519103051097,51,27,420,8063016,250,200,120,8,0.443,2024
KSRTC-091,VITHURA,Thiruvananthapuram,2025-01,49,64,337600,458311,82734.95895110894,221.72968998897198,51,27,422,8102400,250,200,120,8,0.4436,2025
KSRTC-091,VITHURA,Thiruvananthapuram,2025-02,47,61,327195,444186,80185.02634481069,214.89587060409266,51,27,409,7852680,250,200,120,8,0.4399,2025
KSRTC-091,VITHURA,Thiruvananthapuram,2025-03,47,61,327327,444365,80217.37532165177,214.98256586202675,51,27,409,7855848,250,200,120,8,0.44,2025
KSRTC-091,VITHURA,Thiruvananthapuram,2025-04,47,59,322336,437589,78994.24090185027,211.70456561695872,51,27,403,7736064,250,200,120,8,0.4382,2025
KSRTC-091,VITHURA,Thiruvananthapuram,2025-05,48,61,329743,447645,80809.45962504596,216.5693517951232,51,27,412,7913832,250,200,120,8,0.4408,2025
KSRTC-091,VITHURA,Thiruvananthapuram,2025-06,48,62,330760,449026,81058.69378752605,217.2372993505698,51,27,413,7938240,250,200,120,8,0.4412,2025
KSRTC-091,VITHURA,Thiruvananthapuram,2025-07,48,63,334499,454101,81975.00306335009,219.69300820977827,51,27,418,8027976,250,200,120,8,0.4425,2025
KSRTC-091,VITHURA,Thiruvananthapuram,2025-08,47,60,324731,440841,79581.17877711065,213.27755912265656,51,27,406,7793544,250,200,120,8,0.439,2025
KSRTC-091,VITHURA,Thiruvananthapuram,2025-09,48,62,330802,449083,81068.98664379366,217.264884205367,51,27,414,7939248,250,200,120,8,0.4412,2025
KSRTC-091,VITHURA,Thiruvananthapuram,2025-10,48,63,333800,453152,81803.70052689622,219.23391741208187,51,27,417,8011200,250,200,120,8,0.4423,2025
KSRTC-091,VITHURA,Thiruvananthapuram,2025-11,48,62,332477,451357,81479.47555446636,218.36499448596985,51,27,416,7979448,250,200,120,8,0.4418,2025
KSRTC-091,VITHURA,Thiruvananthapuram,2025-12,47,61,327071,444017,80154.6379120206,214.8144296042152,51,27,409,7849704,250,200,120,8,0.4399,2025
KSRTC-091,VITHURA,Thiruvananthapuram,2026-01,46,58,318791,432777,78125.47481926235,209.3762725156231,51,27,399,7650984,250,200,120,8,0.4369,2026
KSRTC-091,VITHURA,Thiruvananthapuram,2026-02,48,62,331564,450116,81255.72846464894,217.76535228525918,51,27,414,7957536,250,200,120,8,0.4415,2026
KSRTC-091,VITHURA,Thiruvananthapuram,2026-03,48,63,333045,452127,81618.67418208554,218.73804680798924,51,27,416,7993080,250,200,120,8,0.442,2026
KSRTC-092,VIZHINJAM,Thiruvananthapuram,2021-04,55,53,246733,427000,60466.36441612548,162.04985663521632,51,27,308,5921592,250,200,120,8,0.6432,2021
KSRTC-092,VIZHINJAM,Thiruvananthapuram,2021-05,55,53,246722,441426,60463.66866805539,162.04263203038846,51,27,308,5921328,250,200,120,8,0.6593,2021
KSRTC-092,VIZHINJAM,Thiruvananthapuram,2021-06,57,56,261198,459708,64011.273128293105,171.55021198382553,51,27,327,6268752,250,200,120,8,0.649,2021
KSRTC-092,VIZHINJAM,Thiruvananthapuram,2021-07,55,53,246336,453784,60369.07241759589,161.789114079157,51,27,308,5912064,250,200,120,8,0.6738,2021
KSRTC-092,VIZHINJAM,Thiruvananthapuram,2021-08,56,55,258324,465009,63306.94767798064,169.66261977698815,51,27,323,6199776,250,200,120,8,0.6604,2021
KSRTC-092,VIZHINJAM,Thiruvananthapuram,2021-09,56,54,252714,438320,61932.11616223503,165.97807131478987,51,27,316,6065136,250,200,120,8,0.6433,2021
KSRTC-092,VIZHINJAM,Thiruvananthapuram,2021-10,55,52,239324,427048,58650.655556917045,157.1837568925377,51,27,299,5743776,250,200,120,8,0.6593,2021
KSRTC-092,VIZHINJAM,Thiruvananthapuram,2021-11,55,52,239386,426209,58665.8497733121,157.22447739247644,51,27,299,5745264,250,200,120,8,0.6582,2021
KSRTC-092,VIZHINJAM,Thiruvananthapuram,2021-12,56,55,256463,479043,62850.87611812278,168.44034799656907,51,27,321,6155112,250,200,120,8,0.6792,2021
KSRTC-092,VIZHINJAM,Thiruvananthapuram,2022-01,56,55,256022,463097,62742.801127312836,168.1507070211984,51,27,320,6144528,250,200,120,8,0.6631,2022
KSRTC-092,VIZHINJAM,Thiruvananthapuram,2022-02,57,56,266283,479814,65257.44394069355,174.88994976105872,51,27,333,6390792,250,200,120,8,0.6597,2022
KSRTC-092,VIZHINJAM,Thiruvananthapuram,2022-03,55,53,242778,422863,59497.12045092513,159.45228280847937,51,27,303,5826672,250,200,120,8,0.647,2022
KSRTC-092,VIZHINJAM,Thiruvananthapuram,2022-04,57,56,389191,795875,95378.26246783482,255.61374341379735,51,27,487,9340584,250,200,120,8,0.6534,2022
KSRTC-092,VIZHINJAM,Thiruvananthapuram,2022-05,57,57,398393,779481,97633.37826246784,261.65745374341384,51,27,498,9561432,250,200,120,8,0.6279,2022
KSRTC-092,VIZHINJAM,Thiruvananthapuram,2022-06,56,55,381685,749561,93538.78201200833,250.68393579218235,51,27,477,9160440,250,200,120,8,0.6324,2022
KSRTC-092,VIZHINJAM,Thiruvananthapuram,2022-07,57,56,392684,780713,96234.28501409141,257.907883837765,51,27,491,9424416,250,200,120,8,0.6373,2022
KSRTC-092,VIZHINJAM,Thiruvananthapuram,2022-08,56,54,375460,696350,92013.23367234408,246.59546624188215,51,27,469,9011040,250,200,120,8,0.6035,2022
KSRTC-092,VIZHINJAM,Thiruvananthapuram,2022-09,56,54,377840,728844,92596.49552750889,248.15860801372384,51,27,472,9068160,250,200,120,8,0.6235,2022
KSRTC-092,VIZHINJAM,Thiruvananthapuram,2022-10,57,56,396477,740323,97163.82796225953,260.39905893885555,51,27,496,9515448,250,200,120,8,0.6037,2022
KSRTC-092,VIZHINJAM,Thiruvananthapuram,2022-11,55,53,363430,678131,89065.0655556917,238.6943756892538,51,27,454,8722320,250,200,120,8,0.6087,2022
KSRTC-092,VIZHINJAM,Thiruvananthapuram,2022-12,57,56,395115,782375,96830.04533758118,259.50452150471756,51,27,494,9482760,250,200,120,8,0.6348,2022
KSRTC-092,VIZHINJAM,Thiruvananthapuram,2023-01,55,54,370637,702655,90831.27067761304,243.42780541600297,51,27,463,8895288,250,200,120,8,0.6156,2023
KSRTC-092,VIZHINJAM,Thiruvananthapuram,2023-02,56,54,373835,772268,91614.99816198996,245.52819507413312,51,27,467,8972040,250,200,120,8,0.6616,2023
KSRTC-092,VIZHINJAM,Thiruvananthapuram,2023-03,56,54,374400,757918,91753.46158559,245.89927704938123,51,27,468,8985600,250,200,120,8,0.6501,2023
KSRTC-092,VIZHINJAM,Thiruvananthapuram,2023-04,68,46,427479,858692,104761.4262957971,280.7606224727362,51,27,534,10259496,250,200,120,8,0.6872,2023
KSRTC-092,VIZHINJAM,Thiruvananthapuram,2023-05,66,43,394608,789889,96705.7958583507,259.1715329003799,51,27,493,9470592,250,200,120,8,0.6876,2023
KSRTC-092,VIZHINJAM,Thiruvananthapuram,2023-06,64,42,380356,795021,93213.08663154025,249.8110721725279,51,27,475,9128544,250,200,120,8,0.7132,2023
KSRTC-092,VIZHINJAM,Thiruvananthapuram,2023-07,65,43,392973,812557,96305.10966793286,258.09769391006006,51,27,491,9431352,250,200,120,8,0.7059,2023
KSRTC-092,VIZHINJAM,Thiruvananthapuram,2023-08,67,44,412030,843380,100975.37066535965,270.61399338316386,51,27,515,9888720,250,200,120,8,0.6986,2023
KSRTC-092,VIZHINJAM,Thiruvananthapuram,2023-09,66,43,396725,801147,97224.60482783974,260.5619409386105,51,27,496,9521400,250,200,120,8,0.6923,2023
KSRTC-092,VIZHINJAM,Thiruvananthapuram,2023-10,66,43,394294,786157,96628.84450434997,258.96530327165794,51,27,493,9463056,250,200,120,8,0.6855,2023
KSRTC-092,VIZHINJAM,Thiruvananthapuram,2023-11,66,44,406676,821047,99663.27655924519,267.09758117877715,51,27,508,9760224,250,200,120,8,0.6914,2023
KSRTC-092,VIZHINJAM,Thiruvananthapuram,2023-12,64,42,379164,739783,92920.96556794511,249.0281877220929,51,27,474,9099936,250,200,120,8,0.6752,2023
KSRTC-092,VIZHINJAM,Thiruvananthapuram,2024-01,65,42,387983,801572,95082.22031613774,254.82035044724915,51,27,485,9311592,250,200,120,8,0.7058,2024
KSRTC-092,VIZHINJAM,Thiruvananthapuram,2024-02,65,43,393298,795359,96384.75677000367,258.31114814360984,51,27,492,9439152,250,200,120,8,0.6934,2024
KSRTC-092,VIZHINJAM,Thiruvananthapuram,2024-03,64,42,378600,760221,92782.74721235143,248.65776252910186,51,27,473,9086400,250,200,120,8,0.6909,2024
KSRTC-092,VIZHINJAM,Thiruvananthapuram,2024-04,45,57,314396,426810,77048.40093125842,206.48971449577257,51,27,393,7545504,250,200,120,8,0.4354,2024
KSRTC-092,VIZHINJAM,Thiruvananthapuram,2024-05,48,62,331231,449665,81174.12081852714,217.54664379365275,51,27,414,7949544,250,200,120,8,0.4413,2024
KSRTC-092,VIZHINJAM,Thiruvananthapuram,2024-06,48,61,329348,447109,80712.65776252911,216.30992280357802,51,27,412,7904352,250,200,120,8,0.4407,2024
KSRTC-092,VIZHINJAM,Thiruvananthapuram,2024-07,48,62,330470,448631,80987.62406567823,217.0468324960177,51,27,413,7931280,250,200,120,8,0.4411,2024
KSRTC-092,VIZHINJAM,Thiruvananthapuram,2024-08,48,62,331626,450201,81270.92268104399,217.8060727851979,51,27,415,7959024,250,200,120,8,0.4415,2024
KSRTC-092,VIZHINJAM,Thiruvananthapuram,2024-09,48,63,335634,455642,82253.15525058204,220.4384560715599,51,27,420,8055216,250,200,120,8,0.4429,2024
KSRTC-092,VIZHINJAM,Thiruvananthapuram,2024-10,47,61,328704,446235,80554.8339664257,215.88695503002089,51,27,411,7888896,250,200,120,8,0.4404,2024
KSRTC-092,VIZHINJAM,Thiruvananthapuram,2024-11,48,62,330837,449129,81077.56402401667,217.28787158436467,51,27,414,7940088,250,200,120,8,0.4412,2024
KSRTC-092,VIZHINJAM,Thiruvananthapuram,2024-12,47,61,328255,445624,80444.79843156476,215.5920597965936,51,27,410,7878120,250,200,120,8,0.4403,2024
KSRTC-092,VIZHINJAM,Thiruvananthapuram,2025-01,48,62,331660,450248,81279.25499326063,217.82840338193853,51,27,415,7959840,250,200,120,8,0.4415,2025
KSRTC-092,VIZHINJAM,Thiruvananthapuram,2025-02,47,61,327991,445267,80380.10047788262,215.41866928072542,51,27,410,7871784,250,200,120,8,0.4402,2025
KSRTC-092,VIZHINJAM,Thiruvananthapuram,2025-03,48,61,329473,447278,80743.29126332558,216.39202058571257,51,27,412,7907352,250,200,120,8,0.4407,2025
KSRTC-092,VIZHINJAM,Thiruvananthapuram,2025-04,47,59,322273,437504,78978.80161744884,211.6631883347629,51,27,403,7734552,250,200,120,8,0.4382,2025
KSRTC-092,VIZHINJAM,Thiruvananthapuram,2025-05,47,61,327348,444393,80222.52174978556,214.99635828942533,51,27,409,7856352,250,200,120,8,0.44,2025
KSRTC-092,VIZHINJAM,Thiruvananthapuram,2025-06,48,63,335253,455125,82159.7843401544,220.18822203161378,51,27,419,8046072,250,200,120,8,0.4428,2025
KSRTC-092,VIZHINJAM,Thiruvananthapuram,2025-07,48,61,329051,446705,80639.8725646367,216.11485847322635,51,27,411,7897224,250,200,120,8,0.4406,2025
KSRTC-092,VIZHINJAM,Thiruvananthapuram,2025-08,47,61,328711,446244,80556.54944247029,215.8915525058204,51,27,411,7889064,250,200,120,8,0.4404,2025
KSRTC-092,VIZHINJAM,Thiruvananthapuram,2025-09,45,56,312762,424592,76647.95980884696,205.41653228770988,51,27,391,7506288,250,200,120,8,0.4348,2025
KSRTC-092,VIZHINJAM,Thiruvananthapuram,2025-10,48,62,331010,449364,81119.96078911898,217.40149491483888,51,27,414,7944240,250,200,120,8,0.4413,2025
KSRTC-092,VIZHINJAM,Thiruvananthapuram,2025-11,48,61,329777,447692,80817.79193726259,216.59168239186374,51,27,412,7914648,250,200,120,8,0.4408,2025
KSRTC-092,VIZHINJAM,Thiruvananthapuram,2025-12,48,62,331591,450154,81262.34530082098,217.78308540620023,51,27,415,7958184,250,200,120,8,0.4415,2025
KSRTC-092,VIZHINJAM,Thiruvananthapuram,2026-01,48,63,334166,453650,81893.39541722828,219.47429971817184,51,27,418,8019984,250,200,120,8,0.4424,2026
KSRTC-092,VIZHINJAM,Thiruvananthapuram,2026-02,49,64,338528,459570,82962.38206102194,222.3391839235388,51,27,423,8124672,250,200,120,8,0.4439,2026
KSRTC-092,VIZHINJAM,Thiruvananthapuram,2026-03,48,61,329141,446827,80661.92868521015,216.1739688763632,51,27,411,7899384,250,200,120,8,0.4406,2026
